ISO Country	Country	Parent	Child	Abbrev	Canonical Name
US	United States		A11118	Adler	Adler Planetarium, Illinois
US	United States		A11135	ASTRA	Atmospheric & Space Technology Research Associates (ASTRA)
US	United States		A11151	Palmer Div	Palmer Divide Observatory, Colorado
US	United States		A11200	Malin	Malin Space Science Systems, California
US	United States		A11206	SRI Stanford	Stanford Research Institute, California
BE	Belgium		A11245	Belgium Ast Ass	Belgium Astronomical Association
LU	Luxembourg		A11247	Euro Ctr Geod Seis	European Centre for Geodynamics and Seismology, Luxembourg
FR	France		A11257	Ctr Faibles Radio	Centre des Faibles Radioactivites
FR	France		A11269	Obs Blauvac	Observatoire de Blauvac, France
DE	Germany		A11271	VdS	Vereinigung der Sternfreunde, Germany
VE	Venezuela		A11280	EDIMAR	La Salle Foundation for Natural Sciences, Marine Research, Venezuela
CH	Switzerland		A11285	SPACE X	SPACE X Exploration Institute, Switzerland
CH	Switzerland		A11290	ISSI	International Space Science Institute, Switzerland
CH	Switzerland		A11297	Swiss Fed Obs	Swiss Federal Observatory, Zurich, Switzerland
NO	Norway		A11302	Norweg Geo Soc	Norwegian Geological Society
NO	Norway		A11304	EISCAT	European Incoherent Scatter Scientific Association, Norway
PT	Portugal		A11306	Atalaia Crow	Atalaia Group Crow Observatory, Portugal
PT	Portugal		A11307	NUCLIO	Interactive Nucleus of Astronomy, Portugal
ES	Spain		A11312	ASTER	Amateur Astronomers Association of Barcelona, Spain
ES	Spain		A11313	Fabra Barc	Fabra Observatory, Barcelona, Spain
ES	Spain		A11314	Duran Barc	Esteve Duran Observatory, Barcelona, Spain
ES	Spain		A11315	Gualba Barc	Gualba Observatory, Barcelona, Spain
ES	Spain		A11327	Ryl Span Nav Obs	Royal Spanish Naval Observatory
ES	Spain		A11330	Catalan Phy Soc	Catalan Physics Society, Spain
ES	Spain		A11335	FRACTAL SNLE	FRACTAL, SNLE
HR	Croatia		A11338	Ast Soc Croatia	Astronomical Society of Croatia
SI	Slovenia		A11341	Ast Soc Slovenia	Astronomical Society of Slovenia
HU	Hungary		A11350	Hung Ast Ass	Hungarian Astronomical Association
HU	Hungary		A11351	Bolyai Mil U	Bolyai Military University, Hungary
RO	Romania		A11357	Bucharest Astroclub	Bucharest Astroclub, Romania
CZ	Czechia		A11363	Stefaniks Obs	Stefaniks Observatory, Prague, Czech Republic
CZ	Czechia		A11365	Copernicus Obs	Copernicus Observatory, Brno, Czech Republic
CZ	Czechia		A11367	Upice Obs	Upice Observatory, Czech Republic
PL	Poland		A11371	Polish Soc Am Ast	Polish Society of Amateur Astronomers
PL	Poland		A11372	Olsztyn Ast Obs	Olsztyn Astronomical Observatory, Poland
PL	Poland		A11374	Chorzow Ast Obs	Chorzow Astronomical Observatory, Poland
CH	Switzerland		A11381	Obs Cantonal	Observatoire Cantonal de Neuchatel, Switzerland
IT	Italy		A11390	EGO	European Gravitational Observatory, Pisa, Italy
IT	Italy		A11412	Ast Obs Aosta	Astronomical Observatory of Aosta, Italy
IT	Italy		A11413	Talmassons Obs	Talmassons Observatory, Italy
IT	Italy		A11414	Geo Obs Coldigioco	Geological Observatory of Coldigioco, Italy
IT	Italy		A11415	Campo Catino Ast Obs	Campo Catino Astronomical Observatory, Italy
IT	Italy		A11419	ISI Turin	Institute for Scientific Interchange, Italy
IT	Italy		A11420	Bellatrix Ast Obs	Bellatrix Astronomical Observatory, Italy
GR	Greece		A11430	Hellenic Mil Ac	Hellenic Military Academy, Greece
CY	Cyprus		A11433	Cyprus Coll	Cyprus College, Nicosia
UA	Ukraine		A11441	Odessa Natl Mar U	Odessa National Maritime University, Ukraine
BY	Belarus		A11451	Belarus St U	Belarus State University, Minsk
BY	Belarus		A11453	Ast Geod Soc Minsk	Astronomical Geodesical Society of Minsk, Belarus
UZ	Uzbekistan		A11458	Samarkand St U	Samarkand State University, Uzbekistan
RU	Russia		A11466	EAAS	Eurasian Astronomical Society, Moscow, Russia
RU	Russia		A11468	Khrunichev Sp Ctr	Khrunichev State Research and Production Space Center, Moscow, Russia
RU	Russia		A11469	Korolev Energia	Korolev Energia Space Rocket Corporation, Moscow, Russia
RU	Russia		A11470	SCSE Moscow	State Committee of Standards, Moscow, Russia
RU	Russia		A11471	CAO Dolgoprudnyi	Central Aerological Observatory, Dolgoprudnyi, Russia
RU	Russia		A11472	Rostov St Ped U	Rostov State Pedagogical University, Russia
DE	Germany		A11484	AdW Potsdam	German Academy of Sciences, Potsdam
BE	Belgium		A11487	IMO	International Meteor Organization
DE	Germany		A11489	Archenhold Obs	Archenhold Observatory, Berlin, Germany
DE	Germany		A11490	BAV	West German Variable Star Observers
DE	Germany		A11491	Max Born Inst	Max Born Institute for Nonlinear Optics, Berlin, Germany
DE	Germany		A11508	M Adrian Obs	Michael Adrian Observatory, Germany
IR	Iran		A11517	Geo Surv IR	Geological Survey of Iran
IR	Iran		A11518	ISRC Tehran	Iranian Space Research Center, Tehran, Iran
NP	Nepal		A11519	Nepal Ast Soc	Nepal Astronomical Society
PH	Philippines		A11521	PAGASA	Philippine Atmospheric Geophysical and Astronomical Services Administration
ID	Indonesia		A11524	CVGHM	Center for Volcanology and Geohazards, Indonesia
ID	Indonesia		A11525	BAKOSURTANAL	BAKOSURTANAL, Indonesia
TH	Thailand		A11534	ThEP	Thailand Centre of Excellence in Physics
VN	Vietnam		A11535	INST	VATLY Institute for Nuclear Science and Technology, Vietnam
RS	Serbia		A11543	Nikola Tesla U	Nikola Tesla University, Serbia
IN	India		A11546	Assam Sci Soc	Assam Science Society, India
IN	India		A11548	Gov New Sci Coll	Government New Science College, India
KR	South Korea		A11559	Rad Res Lab Korea	Radio Research Laboratory, Korea
KR	South Korea		A11561	Korea Ast Obs	Korea Astronomy Observatory
CN	China		A11573	Beijing Plan	Beijing Planetarium, China
JP	Japan		A11577	Var Star Obs League	Variable Star Observers League of Japan
JP	Japan		A11598	Kobe Sci Mus	Kobe Science Museum, Japan
JP	Japan		A11615	Japan SpGuard Ass	Japan Spaceguard Association
JP	Japan		A11630	JSUP	Japan Space Utilization Promotion Center
JP	Japan		A11640	Gunma Ast Obs	Gunma Astronomical Observatory, Japan
JP	Japan		A11643	Toyoma Sci Mus	Toyoma Science Museum, Japan
JP	Japan		A11644	GRI Osaka	Geo Research Institute, Osaka, Japan
JP	Japan		A11645	Osaka Sci Mus	Osaka Science Museum, Osaka, Japan
JP	Japan		A11646	ALPO	Association for Lunar and Planetary Observers, Japan
JP	Japan		A11647	Misato Ast Obs	Misato Astronomical Observatory, Japan
JP	Japan		A11648	Hamanowa Ast Obs	Hamanowa Astronomical Observatory, Japan
JP	Japan		A11649	Itagaki Ast Obs	Itagaki Astronomical Observatory, Japan
NZ	New Zealand		A11654	Ryl Ast Soc NZ	Royal Astronomical Society of New Zealand
NZ	New Zealand		A11655	DSIR NZ	Department of Scientific and Industrial Research, New Zealand
NZ	New Zealand		A11656	Carter Obs	Carter Observatory, New Zealand
NZ	New Zealand		A11657	Auckland Obs	Auckland Observatory, New Zealand
AU	Australia		A11664	Austr At Ener Comm	Australian Atomic Energy Commission
AU	Australia		A11678	Perth Obs	Perth Observatory, Australia
AU	Australia		A11680	Sydney Obs Mus	Sydney Observatory Museum, Australia
AU	Australia		A11681	Hunters Hill Obs	Hunters Hill Observatory, Australia
AU	Australia		A11682	AGSO	Australian Geological Survey Organization
AU	Australia		A11683	Mars Soc	Mars Society, Australia
AU	Australia		A11684	Austr Bur Min Res	Australian Bureau of Mineral Resources
AU	Australia		A11685	Austr Mus Sydney	Australian Museum Sydney
ZA	South Africa		A11690	SKA	Square Kilometre Array, South Africa
CM	Cameroon		A11696	IRGM Cameroon	Centre for Hydrologic Research, Cameroon
GB	United Kingdom		A11697	MVO BWI	Montserrat Volcano Observatory, BWI
NI	Nicaragua		A11699	INETER	National Institute for Territorial Studies, Nicaragua
GB	United Kingdom		A11700	Supernova	Supernova Ltd, British Virgin Islands
AR	Argentina		A11709	Rosario Plan Ast Obs	Rosario Planetarium and Astronomical Observatory, Argentina
CL	Chile		A11716	SPACE San Pedro	San Pedro de Atacama Celestial Explorations, Chile
GB	United Kingdom		A11739	Armagh Obs	Armagh Observatory, Northern Ireland
CA	Canada		A11750	Can Ctr Rem Sen	Canadian Centre for Remote Sensing
CA	Canada		A11751	CERCA	Centre de Recherche en Calcul Applique, Montreal, Canada
CA	Canada		A11752	SNOLAB	Sudbury Neutrino Laboratory, Canada
GB	United Kingdom		A11756	Scot U Res React Ctr	Scottish Universities Research and Reactor Centre
JP	Japan		A11786	NIT Nagano	National Institute of Technology, Nagano College, Japan
US	United States		A11800	ERIM	Environmental Research Institute of Michigan
US	United States		A11804	AS&E	American Science and Engineering, Cambridge, Massachusetts
US	United States		A11810	Interferometrics	Interferometrics, Inc., Herndon, Virginia
US	United States		A11811	Comp Phy Inc	Computational Physics, Inc., Springfield, Virginia
US	United States		A11812	Eureka Sci	Eureka Scientific, Oakland, California
FI	Finland		A13003	FINCA	Finnish Center for Astronomy
SE	Sweden		A13005	Swedish Sp	Swedish Space Corporation
SE	Sweden		A13022	Uppsala Iono Obs	Uppsala Ionospheric Observatory, Sweden
US	United States		A13023	Icarus Res	Icarus Research Inc., Bethesda, Maryland
US	United States		A13024	GATS	GATS Inc., United States
US	United States		A13025	JPRS	Joint Publications Research Institute, Virginia
US	United States		A13026	ASP	Astronomical Society of the Pacific, United States
CH	Switzerland		A13027	MPDS	Materials Phases Data System, Villars, Switzerland
IL	Israel		A13028	GII	Geophysical Institute of Israel
PK	Pakistan		A13029	NILOP	National Institute of Lasers and Optronics, Islamabad, Pakistan
IT	Italy		A13031	Fermi Res Ctr	Enrico Fermi Research Center, Rome, Italy
PT	Portugal		A13040	INIC	Instituto Nacional de Investigacao Cientifica, Lisbon, Portugal
US	United States		A13045	ARC	Applied Research Corporation, Landover, Maryland
US	United States		A13046	ADNET	ADNET Systems Inc., Greenbelt, Maryland
US	United States		A13047	EITI	Emergent Information Technology Inc., Greenbelt, Maryland
IL	Israel		A13052	Hyd Svc Israel	Hydrological Service, Israel
FR	France		A13055	ORSTOM	Office of Scientific and Technical Research Overseas, France
DE	Germany		A13067	Laser Lab	Laser Lab eV, Gottingen, Germany
UA	Ukraine		A13070	SCCSP Ukrain	Scientific Consulting Company Structure-Properties, Ukraine
US	United States		A13071	MRI Global	Midwest Research Institute, Colorado
CN	China		A13072	NINT	Northwest Institute of Nuclear Technology, China
US	United States		A13074	COMSAT	Communications Satellite Corporation
US	United States		A13078	Praxis	Praxis, Inc., Alexandria, Virginia
US	United States		A13079	Artep	Artep, Inc., Washington, DC
JP	Japan		A13080	Yamaguchi Jr Coll	Yamaguchi Junior College, Japan
US	United States		A11146	SSI	Space Science Institute, Colorado
US	United States	A11146	A11147	CICLOPS	Space Science Institute, Cassini Imaging Central Laboratory for Operations, Boulder, Colorado
CL	Chile		A11344	INI	Isaac Newton Institute, Chile
RS	Serbia	A11344	A11343	Belgrade	Isaac Newton Institute of Chile, Belgrade
RU	Russia	A11344	A11440	Crimean Branch	Isaac Newton Institute of Chile, Crimean Branch
RU	Russia	A11344	A11462	Russia	Isaac Newton Institute of Chile, Russia
DK	Denmark		A00001	Aalborg U	Aalborg University, Denmark
DK	Denmark		A00002	Aarhus U	Aarhus University, Denmark
DK	Denmark	A00002	A00003	Inst Phy Ast	Aarhus University, Institute for Physics and Astronomy
DK	Denmark	A00002	A00004	Inst Geos	Aarhus University, Institute for Geoscience
CA	Canada		A00005	U Fraser Vall	University College of the Fraser Valley, Canada
GB	United Kingdom		A00006	Robert Gordon U	Robert Gordon University, UK
GB	United Kingdom		A00007	U Aberdeen	University of Aberdeen, UK
GB	United Kingdom	A00007	A11755	SUPA	Scottish Universities Physics Alliance
US	United States		A00008	US Army	United States Army
US	United States	A00008	A00009	CRREL	Cold Regions Research and Engineering Laboratory
US	United States	A00008	A00010	ARL Monmouth	Army Research Laboratory, Fort Monmouth, New Jersey
US	United States	A00008	A00011	Res Off	U.S. Army Research Office, Research Triangle Park, North Carolina
US	United States	A00008	A00012	White Sands	U.S. Army White Sands Missile Range, New Mexico
US	United States	A00008	A00013	USACE	Army Corps of Engineers
US	United States	A00008	A00014	ARL Aberdeen	Army Research Laboratory, Aberdeen Proving Ground, MD
US	United States	A00008	A00015	ARDEC	Armament Research Development Engineering Center, Picatinny, New Jersey
US	United States	A00008	A00037	ARL Adelphi	Army Research Laboratory, Adelphi, MD
GB	United Kingdom		A00016	Aberystwyth U	Aberystwyth University, UK
GB	United Kingdom	A00016	A00017	Inst Geog Ear Sci	Aberystwyth University, Institute of Geography and Earth Sciences
GB	United Kingdom	A00016	A00018	Inst Math Phy	Aberystwyth University, Institute of Mathematics and Physics
US	United States		A00019	Hardin-Simmons U	Hardin-Simmons University, Texas
US	United States		A00020	McMurry U	McMurry University, Texas
FI	Finland		A00021	Abo Akademi U	Abo Akademi University, Finland
FI	Finland	A00021	A06362	Turku Bios Ctr	Turku Bioscience Center, Finland
US	United States		A00022	OH Nrthn U	Ohio Northern University
AU	Australia		A00023	S Austr Mus	South Australian Museum
AU	Australia		A00024	Flinders U	Flinders University, Australia
AU	Australia	A00024	A11642	CEAMS	Centre of Excellence in Antimatter-Matter Studies
AU	Australia		A00025	U Adelaide	University of Adelaide, Australia
AU	Australia	A00025	A06495	OzGrav	Centre of Excellence in Gravitational Wave Discovery
AU	Australia	A00025	A11673	Sch Phy	University of Adelaide, School of Physics
AU	Australia	A00025	A11674	Sch Ear Env Sci	University of Adelaide, School of Earth and Environmental Sciences
AU	Australia	A00025	A11717	CoEPP	Centre of Excellence for Particle Physics at the Terascale
AU	Australia		A00026	U South Austr	University of South Australia
US	United States		A00027	UMCP	University of Maryland, College Park
US	United States	A00027	A00028	Dep Chem	University of Maryland, Department of Chemistry
US	United States	A00027	A00029	Dep Atm Oc Sci	University of Maryland, Department of Atmospheric and Oceanic Science
US	United States	A00027	A00030	Dep Phy	University of Maryland, Department of Physics
US	United States	A00027	A00031	Dep Ast	University of Maryland, Department of Astronomy
US	United States	A00027	A00032	IPST	Institute for Physical Science and Technology, UMD College Park
US	United States	A00027	A00036	JQI	Joint Quantum Institute, Maryland
US	United States	A00027	A05873	LPS UMD	Laboratory for Physical Sciences, Maryland
US	United States	A00027	A06730	JCGRI	Joint Global Change Research Institute, Maryland
US	United States	A00027	A11045	CRESST	Center for Research and Exploration in Space Science & Technology
US	United States	A00027	A13058	CICS	Cooperative Institute for Climate and Satellites
US	United States	A00027	A13059	ESSIC	Earth System Science Interdisciplinary Center
US	United States		A00033	UMD	University System of Maryland
US	United States	A00033	A05911	Bowie St U	Bowie State University, Maryland
US	United States	A00033	A05912	Coppin St U	Coppin State University, Maryland
US	United States	A00033	A05913	E Shore	University of Maryland, Eastern Shore
US	United States		A00034	US DoE	U.S. Department of Energy
US	United States	A00034	A00035	FERC	Federal Energy Regulatory Commission
US	United States	A00034	A00038	NREL	National Renewable Energy Laboratory, Colorado
US	United States	A00034	A00075	Ames Res Lab	Ames Research Laboratory, Iowa
US	United States	A00034	A01138	PPPL	Princeton Plasma Physics Laboratory, New Jersey
US	United States	A00034	A05717	Cycl Inst	Texas A&M University, Cyclotron Institute
US	United States	A00034	A05886	KAPL	Knolls Atomic Power Lab, New York
US	United States	A00034	A06130	SRNL	Savannah River National Laboratory, South Carolina
US	United States	A00034	A06137	ITER US	ITER, International Thermonuclear Experimental Reactor, Tennessee
US	United States		A00039	Pac NW Natl Lab	Pacific Northwest National Laboratory
US	United States	A00039	A06730	JCGRI	Joint Global Change Research Institute, Maryland
US	United States		A00040	U Akron	University of Akron, Ohio
US	United States		A00041	SUNY	State University of New York System
US	United States	A00041	A00042	Albany	SUNY Albany, New York
US	United States	A00041	A00043	Buffalo	SUNY Buffalo, New York
US	United States	A00041	A00044	Stony Brook	SUNY Stony Brook, New York
US	United States	A00041	A00045	Adirondack	SUNY Adirondack, New York
US	United States	A00041	A00046	Binghamton	SUNY Binghamton, New York
US	United States	A00041	A00047	Brockport	SUNY Brockport, New York
US	United States	A00041	A00048	Canton	SUNY Canton, New York
US	United States	A00041	A00049	Cobleskill	SUNY Cobleskill, New York
US	United States	A00041	A00050	Syracuse	SUNY Syracuse, New York
US	United States	A00041	A00051	Cortland	SUNY Cortland, New York
US	United States	A00041	A00052	Delhi	SUNY Delhi, New York
US	United States	A00041	A00053	Farmingdale	SUNY Farmingdale, New York
US	United States	A00041	A00054	Fredonia	SUNY Fredonia, New York
US	United States	A00041	A00055	Geneseo	SUNY Geneseo, New York
US	United States	A00041	A00056	New Paltz	SUNY New Paltz, New York
US	United States	A00041	A00057	Oneonta	SUNY Oneonta, New York
US	United States	A00041	A00058	Oswego	SUNY Oswego, New York
US	United States	A00041	A00059	Plattsburgh	SUNY Plattsburgh, New York
US	United States	A00041	A00060	Potsdam	SUNY Potsdam, New York
US	United States	A00041	A00061	Purchase	SUNY Purchase, New York
US	United States	A00041	A06127	Poly Utica	SUNY Polytechnic Institute, Utica, New York
US	United States	A00041	A06128	Poly Albany	SUNY Polytechnic Institute, Albany, New York
US	United States		A00062	USDA	U.S. Department of Agriculture
US	United States		A00063	Albion Coll	Albion College, Michigan
US	United States		A00064	UNM	University of New Mexico
US	United States	A00064	A05880	CHTM	University of New Mexico, Center for High Technology Materials
US	United States	A00064	A11172	Dep Phy Ast	University of New Mexico, Department of Physics and Astronomy
US	United States	A00064	A11173	Dep Ear Plan Sci	University of New Mexico, Department of Earth and Planetary Sciences
US	United States		A00065	Sandia Natl Lab	Sandia National Laboratories, New Mexico
US	United States	A00065	A11214	Livermore	Sandia National Laboratories, Livermore, California
AU	Australia		A00066	Charles Sturt U	Charles Sturt University
AU	Australia	A00066	A06495	OzGrav	Centre of Excellence in Gravitational Wave Discovery
US	United States		A00067	Alfred U	Alfred University, New York
US	United States		A00068	Abilene Christ U	Abilene Christian University, Texas
US	United States		A00069	Grand Vall St U	Grand Valley State University, Michigan
US	United States		A00070	Muhlenberg Coll	Muhlenberg College, Pennsylvania
US	United States		A00071	Cedar Crest Coll	Cedar Crest College, Pennsylvania
US	United States		A00072	Alma Coll	Alma College, Michigan
US	United States		A00073	Georgia SW St U	Georgia Southwestern State University
US	United States		A00074	IA St U	Iowa State University
US	United States	A00074	A00075	Ames Res Lab	Ames Research Laboratory
US	United States	A00074	A11110	Dep Phy Ast	Iowa State University, Department of Physics and Astronomy
US	United States		A00076	Amherst Coll	Amherst College, Massachusetts
US	United States	A00076	A11027	FCRAO	Five College Radio Astronomy Observatory
US	United States	A00076	A06602	FCAD	Five College Astronomy Department
US	United States		A00077	Hampshire Coll	Hampshire College, Massachusetts
US	United States	A00077	A11027	FCRAO	Five College Radio Astronomy Observatory
US	United States	A00077	A06602	FCAD	Five College Astronomy Department
NL	Netherlands		A00078	KNAW	Koninklijke Nederlandse Academie van Wetenschappen
NL	Netherlands		A00079	VU Amsterdam	Free University of Amsterdam, Netherlands
NL	Netherlands	A00079	A00080	Dep Ear Sci	Free University of Amsterdam, Department of Earth Sciences
NL	Netherlands	A00079	A11237	Dep Phy Ast	Free University of Amsterdam, Department of Physics and Astronomy
NL	Netherlands		A00081	U Amsterdam	University of Amsterdam, Netherlands
NL	Netherlands	A00081	A00082	Inst Phy	University of Amsterdam, Institute of Physics
NL	Netherlands	A00081	A11238	API	University of Amsterdam, Anton Pannekoek Institute for Astronomy
US	United States		A00083	USFWS	U.S. Fish and Wildlife Service
US	United States		A00084	U MI	University of Michigan
US	United States	A00084	A00085	Dearborn	University of Michigan, Dearborn
US	United States	A00084	A00086	Flint	University of Michigan, Flint
US	United States	A00084	A00087	Dep Phy	University of Michigan, Department of Physics
US	United States	A00084	A11079	Dep Ast	University of Michigan, Department of Astronomy
US	United States	A00084	A11080	Rad Ast Obs	University of Michigan, Radio Astronomy Observatory
US	United States	A00084	A11081	SPRL	University of Michigan, Space Physics Research Laboratory
US	United States	A00084	A11082	AOSS	University of Michigan, Department of Atmospheric Oceanic and Space Sciences
US	United States	A00084	A11083	Dep Geo Sci	University of Michigan, Department of Geological Sciences
US	United States		A00088	US EPA	U.S. Environmental Protection Agency
US	United States	A00088	A00089	Res Tri Park	U.S. Environmental Protection Agency, Research Triangle Park, North Carolina
US	United States		A00090	Bard Coll	Bard College, New York
US	United States		A00091	St Johns Coll MD	Saint Johns College, Annapolis, Maryland
CA	Canada		A00092	St Francis Xavier U	Saint Francis Xavier University, Nova Scotia
US	United States		A00093	Lawrence U	Lawrence University, Wisconsin
US	United States		A00094	CalState	California State University System
US	United States	A00094	A00095	Sacramento	California State University, Sacramento
US	United States	A00094	A00096	Humboldt	Humboldt State University, California
US	United States	A00094	A00097	Bakersfield	California State University, Bakersfield
US	United States	A00094	A00098	Chico	California State University, Chico
US	United States	A00094	A00099	Fresno	California State University, Fresno
US	United States	A00094	A00100	Fullerton	California State University, Fullerton
US	United States	A00094	A00101	Hayward	California State University, Hayward
US	United States	A00094	A00102	Long Beach	California State University, Long Beach
US	United States	A00094	A00103	Los Angeles	California State University, Los Angeles
US	United States	A00094	A00104	Monterey Bay	California State University, Monterey Bay
US	United States	A00094	A00105	Northridge	California State University, Northridge
US	United States	A00094	A00106	San Bernardino	California State University, San Bernardino
US	United States	A00094	A00107	San Marcos	California State University, San Marcos
US	United States	A00094	A00108	Turlock	California State University, Turlock
US	United States	A00094	A00109	Dominguez Hills	California State University, Dominguez Hills
US	United States	A00094	A00110	Cal Poly Pomona	California State Polytechnic University, Pomona
US	United States	A00094	A00111	Sonoma	Sonoma State University, California
US	United States	A00094	A00112	SDSU	San Diego State University, California
US	United States	A00094	A00113	SFSU	San Francisco State University, California
US	United States	A00094	A00114	San Jose	San Jose State University, California
US	United States	A00094	A00115	Santa Clara U	Santa Clara University, California
US	United States	A00094	A00116	Cal Poly SLO	California State Polytechnic University, San Luis Obisp, California
US	United States		A00117	Marymount U	Marymount University, Virginia
US	United States		A00118	ANL	Argonne National Laboratory, Illinois
US	United States	A00118	A11125	Phy Div	Argonne National Laboratory, Physics Division
US	United States	A00118	A11126	HEPD	Argonne National Laboratory, High Energy Physics Division
US	United States		A00119	Raytheon	Raytheon Corporation
US	United States	A00119	A06139	Pratt Whit	Raytheon Corporation, Pratt and Whitney
US	United States	A00119	A11220	CA	Raytheon Corporation, California
US	United States	A00119	A11221	MD	Raytheon Corporation, Maryland
US	United States	A00119	A11222	AZ	Raytheon Corporation, Arizona
US	United States	A00119	A11223	Hughes Air	Hughes Aircraft
AU	Australia		A00120	U New Eng Armidale	University of New England Armidale, Australia
US	United States		A00121	Benedictine Coll	Benedictine College, Kansas
CA	Canada		A00122	Athabasca U	Athabasca University, Canada
US	United States		A00123	Ohio U	Ohio University
US	United States	A00123	A11428	Dep Phy Ast	Ohio University, Department of Physics and Astronomy
US	United States		A00124	U GA	University of Georgia
US	United States	A00124	A00125	Savannah Riv Ec Lab	University of Georgia, Savannah River Ecology Laboratory
US	United States	A00124	A05189	UGA SkIO	University of Georgia, Skidaway Institute of Oceanography
US	United States	A00124	A11068	Dep Phy Ast	University of Georgia, Department of Physics and Astronomy
US	United States		A00126	Clark Atlanta U	Clark Atlanta University, Georgia
US	United States		A00127	Emory U	Emory University, Georgia
US	United States		A00128	GIT	Georgia Institute of Technology
US	United States	A00128	A11063	Ctr Rel Astrop	Georgia Institute of Technology, Center for Relativistic Astrophysics
US	United States	A00128	A11064	Ear Atm Sci	Georgia Institute of Technology, Earth and Atmospheric Sciences
US	United States	A00128	A11065	Dep Phy	Georgia Institute of Technology, Department of Physics
US	United States		A00129	GSU	Georgia State University
US	United States	A00129	A11066	Dep Phy Ast	Georgia State University, Department of Physics and Astronomy
US	United States		A00130	Spelman Coll	Spelman College, Georgia
US	United States		A00131	Auburn U	Auburn University, Alabama
US	United States	A00131	A11100	Dep Phy	Auburn University, Department of Physics
NZ	New Zealand		A00132	Auckland U Tech	Auckland University of Technology, New Zealand
NZ	New Zealand		A00133	U Auckland	University of Auckland, New Zealand
NZ	New Zealand	A00133	A11652	Dep Phy	University of Auckland, Department of Physics
US	United States		A00134	UCB	University of California, Berkeley
US	United States	A00134	A00135	Dep Ear Plan Sci	University of California, Berkeley, Department of Earth and Planetary Science
US	United States	A00134	A00136	Dep Chem	University of California, Berkeley, Department of Chemistry
US	United States	A00134	A00137	Dep Phy	University of California, Berkeley, Department of Physics
US	United States	A00134	A11188	Dep Ast	University of California, Berkeley, Department of Astronomy
US	United States	A00134	A11189	SSL	University of California, Berkeley, Space Sciences Laboratory
US	United States	A00134	A11190	Dep Geo Geop	University of California, Berkeley, Department of Geology and Geophysics
US	United States	A00134	A11211	Chem Div	Lawrence Berkeley National Laboratory, Materials and Chemical Sciences Division
US	United States	A00134	A11218	Phy Div	Lawrence Berkeley National Laboratory, Physics Division
US	United States		A00138	U Cal	University of California System
US	United States	A00138	A13093	IIRPA	University of California, Intercampus Institute for Research at Particle Accelerators
US	United States		A00139	Babson Coll	Babson College, Massachusetts
US	United States		A00140	JHU	Johns Hopkins University, Maryland
US	United States	A00140	A00141	Dep Ear Plan Sci	Johns Hopkins University, Department of Earth and Planetary Sciences
US	United States	A00140	A00142	Dep Phy Ast	Johns Hopkins University, Department of Physics and Astronomy
US	United States	A00140	A00143	APL	Johns Hopkins University, Applied Physics Laboratory
US	United States		A00144	CIW	Carnegie Institution of Washington
CL	Chile	A00144	A00145	Las Campanas Obs	Las Campanas Observatory, Chile
US	United States	A00144	A00146	OCIW	Carnegie Institution of Washington, Observatories, California
US	United States	A00144	A00147	Geop Lab	Carnegie Institution of Washington, Geophysical Laboratory
US	United States	A00144	A00148	Glob Ecol	Carnegie Institution of Washington, Department of Global Ecology
US	United States	A00144	A00149	Dep Terr Magn	Carnegie Institution of Washington, Department of Terrestrial Magnetism
US	United States		A00150	Goucher Coll	Goucher College, Maryland
US	United States		A00151	Morgan St U	Morgan State University, Maryland
US	United States	A00151	A13050	GESTAR	Goddard Earth Sciences Technology and Research
US	United States		A00152	Towson U	Towson University, Maryland
GB	United Kingdom		A00153	U Coll Bangor	University College of Bangor, UK
GB	United Kingdom	A00153	A01299	Ctr Ecol Hydro	Centre for Ecology and Hydrology
CH	Switzerland		A00155	F Hoffmann Roche	F Hoffmann-La Roche Ltd, Switzerland
GB	United Kingdom		A00156	U Bath	University of Bath, UK
US	United States		A00157	InterAmer U	Inter American University of Puerto Rico
US	United States		A00158	Mitre	Mitre Corporation
US	United States		A00159	AT&T	AT&T Inc.
US	United States	A00159	A02416	Bell Labs	Lucent Technologies, AT&T Bell Labs
GB	United Kingdom		A00161	Queens U Belfast	Queens University Belfast, Northern Ireland
GB	United Kingdom	A00161	A00162	Sch Math Phy	Queens University Belfast, School of Mathematics and Physics
US	United States		A00163	W WA U	Western Washington University
US	United States		A00164	MN St U	Minnesota State University System
US	United States	A00164	A00165	Metropolitan	Metropolitan State University, Minnesota
US	United States	A00164	A00166	Bemidji	Minnesota State University, Bemidji
US	United States	A00164	A00167	Mankato	Minnesota State University, Mankato
US	United States	A00164	A00168	Winona	Minnesota State University, Winona
US	United States	A00164	A00169	St Cloud	Minnesota State University, Saint Cloud
US	United States	A00164	A00170	Moorhead	Minnesota State University, Moorhead
US	United States		A00171	Bennington Coll	Bennington College, Vermont
AU	Australia		A00172	Curtin U	Curtin University, Australia
AU	Australia	A00172	A00173	Tech	Curtin University of Technology
MY	Malaysia	A00172	A00174	Tech Malaysia	Curtin University of Technology, Malaysia
AU	Australia	A00172	A06494	ASTRO 3D	Centre of Excellence for All Sky Astrophysics in 3D
AU	Australia	A00172	A11642	CEAMS	Centre of Excellence in Antimatter-Matter Studies
AU	Australia	A00172	A11661	CAASTRO	Centre of Excellence for All Sky Astrophysics
AU	Australia	A00172	A11676	ICRAR	International Centre for Radio Astronomy Research
AU	Australia	A00172	A11677	Dep Phy	Curtin University, Department of Physics
US	United States		A00175	Berea Coll	Berea College, Kentucky
NO	Norway		A00176	U Bergen	University of Bergen, Norway
NO	Norway	A00176	A06720	BCCR	Bjerknes Centre for Climate Research
NO	Norway	A00176	A11305	Dep Phy	University of Bergen, Department of Physics
US	United States		A00177	LBNL	Lawrence Berkeley National Laboratory, California
US	United States	A00177	A06061	ALS	Lawrence Berkeley National Laboratory, Advanced Light Source Division
US	United States	A00177	A11218	Phy Div	Lawrence Berkeley National Laboratory, Physics Division
US	United States	A00177	A11211	Chem Div	Lawrence Berkeley National Laboratory, Materials and Chemical Sciences Division
DE	Germany		A00178	Siemens AG	Siemens AG, Germany
US	United States		A00179	Andrews U	Andrews University, Michigan
US	United States		A00180	Lehigh U	Lehigh University, Pennsylvania
US	United States		A00181	Ferris St U	Ferris State University, Michigan
US	United States		A00182	MT St U	Montana State University System
US	United States	A00182	A00183	Billings	Montana State University, Billings
US	United States	A00182	A00184	Bozeman	Montana State University, Bozeman
US	United States		A00185	U IN Bloomington	Indiana University, Bloomington
US	United States	A00185	A00186	Dep Geo	Indiana University, Department of Geological Sciences
US	United States	A00185	A11094	Dep Ast	Indiana University, Department of Astronomy
US	United States	A00185	A11095	Dep Phy	Indiana University, Department of Physics
GB	United Kingdom		A00187	City Coll Birmingham	City College Birmingham, UK
GB	United Kingdom		A00188	Aston U	Aston University, UK
GB	United Kingdom		A00189	U Birmingham	University of Birmingham, UK
GB	United Kingdom	A00189	A00190	Sch Phy Ast	University of Birmingham, School of Physics and Astronomy
GB	United Kingdom	A00189	A00191	Sch Geog Ear Env Sci	University of Birmingham, School of Geography, Earth and Environmental Sciences
GB	United Kingdom		A00192	Birmingham S Coll	Birmingham Southern College, UK
GB	United Kingdom		A00193	UK Mnstry Def	UK Ministry of Defense
GB	United Kingdom	A00193	A00194	AWE	Atomic Weapons Establishment, UK
GB	United Kingdom	A00193	A11765	DSIR	Department of Scientific and Industrial Research, UK
GB	United Kingdom	A00193	A11766	Ryl Radar Est	Royal Radar Establishment, UK
GB	United Kingdom	A00193	A11767	Ryl Aero Est	Royal Aerospace Establishment, UK
US	United States		A00195	VA Tech	Virginia Polytechnic Institute and State University
US	United States	A00195	A11807	Dep Geos	Virginia Tech, Department of Geosciences
US	United States	A00195	A11808	Dep Phy	Virginia Tech, Department of Physics
CA	Canada		A00196	Simon Fraser U	Simon Fraser University, Canada
US	United States		A00197	IL Wesleyan U	Illinois Wesleyan University
US	United States		A00198	U IN	Indiana University System
US	United States	A00198	A00200	Kokomo	Indiana University, Kokomo
US	United States	A00198	A00201	Gary	Indiana University, Gary
US	United States	A00198	A00202	S Bend	Indiana University, South Bend
US	United States	A00198	A00203	SE	Indiana University Southeast
US	United States	A00198	A01432	IUPUI	Indiana University Purdue University at Indianapolis
US	United States		A00204	IUP	Indiana University of Pennsylvania
US	United States		A00205	Bloomsburg U PA	Bloomsburg University of Pennsylvania
US	United States		A00206	FL Atl U	Florida Atlantic University
US	United States		A00208	Appalachian St U	Appalachian State University, North Carolina
US	United States		A00209	Tufts U	Tufts University, Massachusetts
US	United States	A00209	A00210	Sch Eng	Tufts University, School of Engineering
US	United States	A00209	A11005	Dep Phy Ast	Tufts University, Department of Physics and Astronomy
US	United States		A00211	Harvard U	Harvard University, Massachusetts
US	United States	A00211	A00212	Eng App Sci	Harvard University, Engineering and Applied Sciences
US	United States	A00211	A00213	Blue Hill Met Obs	Blue Hill Meteorological Observatory
US	United States	A00211	A00214	Dep Chem	Harvard University, Department of Chemistry
US	United States	A00211	A00215	Med Sch	Harvard Medical School
US	United States	A00211	A00216	Dep Phy	Harvard University, Department of Physics
US	United States	A00211	A00217	Radcliffe IAS	Harvard Radcliffe Institute for Advanced Study
US	United States	A00211	A01400	CfA	Harvard Smithsonian Center for Astrophysics
US	United States	A00211	A05729	Broad Inst	Harvard-MIT Broad Institute, Massachusetts
US	United States	A00211	A05874	MADRC	Massachusetts Alzheimer's Disease Research Center
US	United States	A00211	A06034	CUA	Harvard-MIT Center for Ultracold Atoms
US	United States	A00211	A11034	HCO	Harvard College Observatory
US	United States	A00211	A11035	Ctr Ear Plan Phy	Harvard University Center for Earth and Planetary Physics
US	United States	A00211	A11036	Dep Ast	Harvard University, Department of Astronomy
US	United States		A00219	Wheelock Coll	Wheelock College, Massachusetts
US	United States		A00220	BU	Boston University, Massachusetts
US	United States	A00220	A00221	Dep Geog	Boston University, Department of Geography
US	United States	A00220	A00222	Ctr Rem Sen	Boston University, Center for Remote Sensing
US	United States	A00220	A00223	Dep Phy	Boston University, Department of Physics
US	United States	A00220	A00224	Dep Ast	Boston University, Department of Astronomy
US	United States	A00220	A00225	Dep Ear Sci	Boston University, Department of Earth Sciences
US	United States		A00226	Northeastern U	Northeastern University, Massachusetts
US	United States	A00226	A00227	Dep Phy	Northeastern University, Department of Physics
US	United States		A00228	Suffolk U	Suffolk University, Massachusetts
ES	Spain	A00228	A00229	Madrid	Suffolk University, Madrid
US	United States		A00230	UMass	University of Massachusetts System
US	United States	A00230	A00231	Amherst	UMass Amherst
US	United States	A00230	A00232	Boston	UMass Boston
US	United States	A00230	A00233	Dartmouth	UMass Dartmouth
US	United States	A00230	A00234	Lowell	UMass Lowell
US	United States	A00230	A05878	Med Sch	UMass Medical School, Worcester
US	United States	A00230	A06602	FCAD	Five College Astronomy Department
US	United States	A00230	A11027	FCRAO	Five College Radio Astronomy Observatory
US	United States		A00235	Brigham Wmns Hosp	Brigham and Womens Hospital, Massachusetts
US	United States	A00235	A05874	MADRC	Massachusetts Alzheimer's Disease Research Center
US	United States		A00236	U CO Boulder	University of Colorado, Boulder
US	United States	A00236	A00237	INSTAAR	University of Colorado, Institute of Arctic and Alpine Research
US	United States	A00236	A00238	Dep Aero Eng	University of Colorado, Boulder, Department of Aerospace and Engineering
US	United States	A00236	A00240	Dep Geo Sci	University of Colorado, Boulder, Department of Geological Sciences
US	United States	A00236	A01203	CIRES	Cooperative Institute for Research in Environmental Sciences
US	United States	A00236	A11142	Dep Ast Plan Sci	University of Colorado, Boulder, Department of Astrophysical and Planetary Sciences
US	United States	A00236	A11143	LASP	University of Colorado, Boulder, Laboratory for Atmospheric and Space Physics
US	United States	A00236	A11144	Dep Phy	University of Colorado, Boulder, Department of Physics
US	United States	A00236	A11219	JILA	Joint Institute for Laboratory Astrophysics, Boulder
US	United States		A00241	U CO	University of Colorado System
US	United States		A00242	UCAR	University Corporation for Atmospheric Research, Colorado
US	United States	A00242	A06188	GFDL	Geophysical Fluid Dynamics Laboratory
US	United States		A00243	Bowling Green St U	Bowling Green State University, Ohio
US	United States		A00244	W KY U	Western Kentucky University
GB	United Kingdom		A00245	U Bradford	University of Bradford, UK
GB	United Kingdom		A00246	St Johns Coll	Saint Johns College, UK
CA	Canada		A00247	Brandon U	Brandon University, Canada
US	United States		A00248	Ford	Ford Motor Company, Michigan
US	United States		A00249	U Bridgeport	University of Bridgeport, Connecticut
GB	United Kingdom		A00250	U Brighton	University of Brighton, UK
GB	United Kingdom		A00251	U Sussex	University of Sussex, UK
GB	United Kingdom	A00251	A00252	Dep Phy Ast	University of Sussex, Department of Physics and Astronomy
GB	United Kingdom	A00251	A11768	SEPnet	South East Physics Network
AU	Australia		A00253	Queensland Tech	Queensland University of Technology, Australia
AU	Australia		A00254	U Queensland	University of Queensland, Australia
AU	Australia	A00254	A00255	AIBN	University of Queensland, Australian Institute for Bioengineering and Nanotechnology
AU	Australia	A00254	A00256	Sch Ear Sci	University of Queensland, School of Earth Sciences
AU	Australia	A00254	A00257	Sch Math Phy	University of Queensland, School of Mathematics and Physics
AU	Australia	A00254	A11661	CAASTRO	Centre of Excellence for All Sky Astrophysics
AU	Australia	A00254	A11720	CQC2T	Centre for Quantum Computation and Communication Technology
GB	United Kingdom		A00258	U Bristol	University of Bristol, UK
GB	United Kingdom	A00258	A00259	Sch Chem	University of Bristol, School of Chemistry
GB	United Kingdom	A00258	A00260	Sch Ear Sci	University of Bristol, School of Earth Sciences
GB	United Kingdom	A00258	A00261	Sch Geog Sci	University of Bristol, School of Geographical Sciences
GB	United Kingdom	A00258	A00262	Sch Math	University of Bristol, School of Mathematics
GB	United Kingdom	A00258	A00263	Sch Phy	University of Bristol, School of Physics
GB	United Kingdom		A00264	UWE	University of the West of England, Bristol
US	United States		A00265	Roger Williams U	Roger Williams University, Rhode Island
AU	Australia		A00266	U Tech Sydney	University of Technology Sydney, Australia
US	United States		A00267	Yeshiva U	Yeshiva University, New York
US	United States	A00267	A06126	Albert Einstein Coll Med	Yeshiva University, Alberto Einstein College of Medicine
US	United States		A00268	CUNY	City University of New York
US	United States	A00268	A00269	Bronx CC	Bronx Community College, New York
US	United States	A00268	A00270	Manhattan CC	Manhattan Community College, New York
US	United States	A00268	A00271	St Island	CUNY College of Staten Island
US	United States	A00268	A00272	KCC	Kingsborough Community College, New York
US	United States	A00268	A00273	LaGuardia CC	LaGuardia Community College, New York
US	United States	A00268	A00274	Medgar Evers Coll	Medgar Evers Community College, New York
US	United States	A00268	A00275	NYC Coll Tech	New York City College of Technology
US	United States	A00268	A00276	Queens Coll	CUNY Queens College
US	United States	A00268	A00277	QCC	Queensborough Community College, New York
US	United States	A00268	A00278	York Coll	York College, New York
US	United States	A00268	A00279	Lehman Coll	Lehman College, New York
US	United States	A00268	A00280	Brooklyn Coll	Brooklyn College, New York
US	United States	A00268	A00281	Baruch Coll	Baruch College, New York
US	United States	A00268	A00282	Hunter Coll	Hunter College, New York
US	United States		A00283	Manhattan Coll	Manhattan College, New York
US	United States		A00284	S Dakota St U	South Dakota State University
US	United States		A00285	Syracuse U	Syracuse University, New York
US	United States	A00285	A00286	Dep Phy	Syracuse University, Department of Physics
US	United States		A00287	USAF	U.S. Air Force
US	United States	A00287	A00288	Kirtland AFB AFRL	Kirtland Air Force Research Laboratory, New Mexico
US	United States	A00287	A00289	Edwards AFB	Edwards Air Force Base, California
US	United States	A00287	A00290	Peterson AFB AFRL	Peterson Air Force Research Laboratory, Colorado
US	United States	A00287	A00291	Ac CO	U.S. Air Force Academy, Colorado
US	United States	A00287	A00292	Eglin AFB	Eglin Air Force Base, Florida
US	United States	A00287	A00293	Wright-Patterson AFB	Wright-Patterson Air Force Base, Ohio
US	United States	A00287	A00294	Inst Tech	Air Force Institute of Technology, Ohio
US	United States	A00287	A00295	Hanscom AFB AFRL	Hanscom Air Force Research Laboratory, Massachusetts
US	United States		A00296	Long Island U	Long Island University, New York
US	United States		A00297	Bowdoin Coll	Bowdoin College, Maine
BE	Belgium		A00298	NATO	North Atlantic Treaty Organization, Brussels
BE	Belgium		A00299	EC	European Commission
BE	Belgium	A00299	A00301	EFDA	European Fusion Development Agreement
NL	Netherlands	A00299	A04007	EURATOM	European Atomic Energy Community
PL	Poland	A00299	A11373	IPPLM	Institute of Plasma Physics and Laser Microfusion, Warsaw
US	United States		A00302	Bryn Mawr Coll	Bryn Mawr College, Pennsylvania
US	United States		A00303	WV Wesleyan Coll	West Virginia Wesleyan College
GB	United Kingdom		A00304	U Buckingham	University of Buckingham, UK
US	United States		A00305	Canisius Coll	Canisius College, New York
AU	Australia		A00306	La Trobe U	La Trobe University, Australia
AU	Australia	A00306	A00307	Dep Phy	La Trobe University, Department of Physics
US	United States		A00308	UVM	University of Vermont
AU	Australia		A00309	Deakin U	Deakin University, Australia
GB	United Kingdom		A00310	Cardiff U	Cardiff University, UK
GB	United Kingdom	A00310	A00311	Sch Ear Oc Sci	Cardiff University, School of Earth and Ocean Sciences
GB	United Kingdom	A00310	A00312	Sch Phy Ast	Cardiff University, School of Physics and Astronomy
GB	United Kingdom	A00310	A11757	Ctr Astrob	Cardiff University, Centre for Astrobiology
US	United States		A00313	Coll Idaho	College of Idaho
CA	Canada		A00314	U Calgary	University of Calgary, Canada
CA	Canada	A00314	A00315	Dep Geos	University of Calgary, Department of Geoscience
CA	Canada	A00314	A11724	Dep Phy Ast	University of Calgary, Department of Physics and Astronomy
CA	Canada	A00314	A11725	Inst Sp Res	University of Calgary, Institute for Space Research
GB	United Kingdom		A00316	U Camb	University of Cambridge, UK
GB	United Kingdom	A00316	A00317	Dep Chem	University of Cambridge, Department of Chemistry
GB	United Kingdom	A00316	A00318	Ctr Atm Sci	University of Cambridge, Centre for Atmospheric Science
GB	United Kingdom	A00316	A00319	IoA	University of Cambridge, Institute of Astronomy
GB	United Kingdom	A00316	A00320	Dep Phy	University of Cambridge, Department of Physics
GB	United Kingdom	A00316	A00321	CUP	University of Cambridge Press
GB	United Kingdom	A00316	A00322	Christs Coll	University of Cambridge, Christs College
GB	United Kingdom	A00316	A00323	Churchill Coll	University of Cambridge, Churchill College
GB	United Kingdom	A00316	A00324	Trinity Coll	University of Cambridge, Trinity College
GB	United Kingdom	A00316	A00325	Dep Math	University of Cambridge, Department of Mathematics
GB	United Kingdom	A00316	A00326	Dep Eng	University of Cambridge, Department of Engineering
GB	United Kingdom	A00316	A00327	Dep Ear Sci	University of Cambridge, Department of Earth Sciences
GB	United Kingdom	A00316	A06590	KIC	Kavli Institute for Cosmology, UK
GB	United Kingdom	A00316	A13094	DAMTP	University of Cambridge, Department of Applied Mathematics and Theoretical Physics
US	United States		A00328	Schlumberger	Schlumberger Ltd
US	United States	A00328	A00329	Cambridge	Schlumberger Cambridge Research Ltd
US	United States	A00328	A00330	Houston	Schlumberger Houston Ltd
US	United States		A00331	MIT	Massachusetts Institute of Technology
US	United States	A00331	A00332	Haystack Obs	Haystack Observatory
US	United States	A00331	A00333	Sch Eng	MIT, School of Engineering
US	United States	A00331	A00336	Lincoln Lab	MIT, Lincoln Laboratory
SG	Singapore	A00331	A04706	SMART	Singapore-MIT Alliance for Research and Technology Center
US	United States	A00331	A05716	Lab Nuc Sci	MIT, Laboratory of Nuclear Science
US	United States	A00331	A05729	Broad Inst	Harvard-MIT Broad Institute, Massachusetts
US	United States	A00331	A06034	CUA	Harvard-MIT Center for Ultracold Atoms
US	United States	A00331	A11012	Kavli Inst	MIT, Center for Space Research/Kavli Institute
US	United States	A00331	A11013	Dep Ear Plan Sci	MIT, Department of Earth and Planetary Science
US	United States	A00331	A11014	Dep Phy	MIT, Department of Physics
US	United States	A00331	A11803	MIT/WHOI Jt Prog	MIT/WHOI Joint Program in Oceanography
AU	Australia		A00337	Austr Def Force Ac	Australian Defence Force Academy
AU	Australia	A00337	A01306	UNSW@ADFA	UNSW@ADFA
AU	Australia		A00339	ANU	Australian National University, Canberra
AU	Australia	A00339	A00340	Res Sch Phy Eng	ANU, Research School of Physics and Engineering
AU	Australia	A00339	A00341	Res Sch Ear Sci	ANU, Research School of Earth Sciences
AU	Australia	A00339	A00342	Res Sch Ast Astrop	ANU, Research School of Astronomy and Astrophysics
AU	Australia	A00339	A00343	MSSSO	ANU, Mount Stromlo and Siding Spring Observatories
AU	Australia	A00339	A06463	CLEX	Centre of Excellence for Climate Extremes
AU	Australia	A00339	A06494	ASTRO 3D	Centre of Excellence for All Sky Astrophysics in 3D
AU	Australia	A00339	A06495	OzGrav	Centre of Excellence in Gravitational Wave Discovery
AU	Australia	A00339	A11642	CEAMS	Centre of Excellence in Antimatter-Matter Studies
AU	Australia	A00339	A11661	CAASTRO	Centre of Excellence for All Sky Astrophysics
AU	Australia	A00339	A11705	CoECSS	Centre of Excellence for Climate System Science
AU	Australia	A00339	A11720	CQC2T	Centre for Quantum Computation and Communication Technology
AU	Australia		A00344	CSIRO	Commonwealth Scientific and Industrial Research Organization, Australia
AU	Australia	A00344	A00345	Mar Atm Res	CSIRO Marine and Atmospheric Research
AU	Australia	A00344	A00346	ATNF	CSIRO Australian Telescope National Facility
AU	Australia	A00344	A00347	Div RadPhy	CSIRO Division of Radiophysics
AU	Australia	A00344	A00348	ESRE	CSIRO Earth Science and Resource Engineering
AU	Australia	A00344	A00349	Ast Sp Sci	CSIRO Astronomy and Space Science
AU	Australia	A00344	A00350	Div App Phy	CSIRO Division of Applied Physics
AU	Australia	A00344	A11642	CEAMS	Centre of Excellence in Antimatter-Matter Studies
AU	Australia	A00344	A11660	ACECRC	Antarctic Climate and Ecosystems Cooperative Research Centre
AU	Australia	A00344	A11675	CASWR	Centre for Australian Weather and Climate Research
AU	Australia		A00351	DSTO	Defence Science and Technology Organization, Australia
AU	Australia		A00352	U Canberra	University of Canberra, Australia
GB	United Kingdom		A00353	U Kent	University of Kent, UK
GB	United Kingdom	A00353	A00354	Sch Phy Sci	University of Kent, School of Physical Sciences
GB	United Kingdom	A00353	A00355	Ctr Ast Plan Sci	University of Kent, Centre for Astrophysics and Planetary Science
GB	United Kingdom	A00353	A11768	SEPnet	South East Physics Network
NZ	New Zealand		A00356	Lincoln U NZ	Lincoln University, New Zealand
US	United States		A00357	St Lawrence U	Saint Lawrence University, New York
US	United States		A00358	SE Missouri St U	Southeast Missouri State University
US	United States		A00359	S IL U	Southern Illinois University
US	United States		A00360	Dickinson Coll	Dickinson College, Pennsylvania
AU	Australia		A00361	U Melbourne	University of Melbourne, Australia
AU	Australia	A00361	A06463	CLEX	Centre of Excellence for Climate Extremes
AU	Australia	A00361	A06494	ASTRO 3D	Centre of Excellence for All Sky Astrophysics in 3D
AU	Australia	A00361	A06495	OzGrav	Centre of Excellence in Gravitational Wave Discovery
AU	Australia	A00361	A11661	CAASTRO	Centre of Excellence for All Sky Astrophysics
AU	Australia	A00361	A11671	Dep Phy	University of Melbourne, Department of Physics
AU	Australia	A00361	A11672	Dep Ear Sci	University of Melbourne, Department of Earth Sciences
AU	Australia	A00361	A11705	CoECSS	Centre of Excellence for Climate System Science
AU	Australia	A00361	A11717	CoEPP	Centre of Excellence for Particle Physics at the Terascale
AU	Australia	A00361	A11720	CQC2T	Centre for Quantum Computation and Communication Technology
US	United States		A00362	U W GA	University of West Georgia
US	United States		A00363	U PR	University of Puerto Rico, San Juan
US	United States	A00363	A00364	Mayaguez	University of Puerto Rico, Mayaguez
US	United States	A00363	A00365	Arecibo	University of Puerto Rico, Arecibo
US	United States	A00363	A00366	Humacao	University of Puerto Rico, Humacao
US	United States	A00363	A00367	Rio Piedras	University of Puerto Rico, Rio Piedras
US	United States	A00363	A00368	Cayey	University of Puerto Rico, Cayey
US	United States		A00369	U N Iowa	University of Northern Iowa
US	United States		A00370	Rockwell	Rockwell International, California
US	United States		A00371	UNCCH	University of North Carolina, Chapel Hill
US	United States	A00371	A11040	TUNL	Triangle Universities Nuclear Laboratory
US	United States	A00371	A11043	Dep Phy Ast	University of North Carolina, Department of Physics and Astronomy
US	United States		A00373	Citadel Mil Coll	Citadel Military College of South Carolina
US	United States		A00374	Coll Charleston	College of Charleston, South Carolina
US	United States		A00375	Estrn IL U	Eastern Illinois University
US	United States		A00376	MGH	Massachusetts General Hospital
US	United States	A00376	A05874	MADRC	Massachusetts Alzheimer's Disease Research Center
US	United States		A00377	UVA	University of Virginia
US	United States	A00377	A11050	Dep Ast	University of Virginia, Department of Astronomy
US	United States	A00377	A11051	Dep Phy	University of Virginia, Department of Physics
CA	Canada		A00378	U PEI	University of Prince Edward Island, Canada
GB	United Kingdom		A00379	Anglia Ruskin U	Anglia Ruskin University, UK
GB	United Kingdom		A00380	U Gloucestershire	University of Gloucestershire, UK
US	United States		A00381	Estrn WA U	Eastern Washington University
US	United States		A00382	Widener U	Widener University, Pennsylvania
US	United States		A00383	Field Mus Nat Hist	Field Museum of Natural History, Illinois
US	United States		A00384	Columbia Coll	Columbia College, Illinois
US	United States		A00385	Chicago St U	Chicago State University, Illinois
US	United States		A00386	DePaul U	DePaul University, Illinois
US	United States		A00387	IL Inst Tech	Illinois Institute of Technology Chicago
US	United States		A00388	Loyola U Chicago	Loyola University Chicago, Illinois
US	United States		A00389	NE IL U	Northeastern Illinois University
US	United States		A00390	Roosevelt U	Roosevelt University, Illinois
US	United States		A00391	U Chicago	University of Chicago
US	United States	A00391	A00392	Dep Geop Sci	University of Chicago, Department of Geophysical Sciences
US	United States	A00391	A00393	EFI	University of Chicago, Enrico Fermi Institute
US	United States	A00391	A00394	Dep Ast Astrop	University of Chicago, Department of Astronomy and Astrophysics
US	United States	A00391	A05723	MBL	Marine Biological Laboratory, Woods Hole, Massachusetts
US	United States	A00391	A05777	JFI	University of Chicago, James Franck Institute
US	United States	A00391	A11115	KICP	University of Chicago, Kavli Institute for Cosmological Physics
US	United States	A00391	A11116	Dep Phy	University of Chicago, Department of Physics
US	United States	A00391	A11117	Yerkes Obs	University of Chicago, Yerkes Observatory
US	United States	A00391	A11252	JINA	Joint Institute for Nuclear Astrophysics
NZ	New Zealand		A00395	U Otago	University of Otago, New Zealand
NZ	New Zealand	A00395	A00396	Dep Phy	University of Otago, Department of Physics
NZ	New Zealand		A00397	U Canterbury	University of Canterbury, New Zealand
NZ	New Zealand	A00397	A11653	Dep Phy Ast	University of Canterbury, Department of Physics and Astronomy
AU	Australia		A00398	Edith Cowan U	Edith Cowan University, Australia
US	United States		A00399	NIH	U.S. National Institutes of Health
US	United States	A00399	A05871	NCI	National Cancer Institute
US	United States	A00399	A05872	NIMH	National Institute of Mental Health
US	United States	A00399	A05874	MADRC	Massachusetts Alzheimer's Disease Research Center
US	United States		A00400	U Cincinnati	University of Cincinnati, Ohio
US	United States	A00400	A11801	Dep Phy	University of Cincinnati, Department of Physics
US	United States		A00401	Xavier U Ohio	Xavier University, Ohio
US	United States		A00402	Claremont Coll	Claremont Colleges Consortium, California
US	United States	A00402	A00403	Pomona Coll	Pomona College
US	United States	A00402	A00404	Claremont McKenna	Claremont McKenna College
US	United States	A00402	A00405	Harvey Mudd Coll	Harvey Mudd College
US	United States	A00402	A00406	Pitzer Coll	Pitzer College
US	United States	A00402	A00407	Scripps Coll	Scripps College
US	United States		A00408	Austin Peay St U	Austin Peay State University, Tennessee
AU	Australia		A00409	Monash U	Monash University, Australia
AU	Australia	A00409	A00410	Sch Geos	Monash University, School of Geosciences
AU	Australia	A00409	A00411	Sch Math Sci	Monash University, School of Mathematical Sciences
AU	Australia	A00409	A00412	Sch Phy	Monash University, School of Physics
AU	Australia	A00409	A06463	CLEX	Centre of Excellence for Climate Extremes
AU	Australia	A00409	A06494	ASTRO 3D	Centre of Excellence for All Sky Astrophysics in 3D
AU	Australia	A00409	A06495	OzGrav	Centre of Excellence in Gravitational Wave Discovery
AU	Australia	A00409	A11669	Sch Astrop	Monash University, School of Astrophysics
AU	Australia	A00409	A11670	Sch Ear Atm Env	Monash University, School of Earth Atmosphere and Environment
AU	Australia	A00409	A11705	CoECSS	Centre of Excellence for Climate System Science
AU	Australia	A00409	A11717	CoEPP	Centre of Excellence for Particle Physics at the Terascale
US	United States		A00413	Clemson U	Clemson University, South Carolina
US	United States	A00413	A11054	Dep Phy Ast	Clemson University, Department of Physics and Astronomy
US	United States		A00414	CWRU	Case Western Reserve University, Ohio
US	United States	A00414	A00415	Dep Phy	Case Western Reserve University, Department of Physics
US	United States	A00414	A11089	Dep Ast	Case Western Reserve University, Department of Astronomy
US	United States		A00416	Cleveland St U	Cleveland State University, Ohio
US	United States		A00417	Hamilton Coll	Hamilton College, New York
GB	United Kingdom		A00418	U Essex	University of Essex, UK
US	United States		A00419	St Michaels Coll	Saint Michaels College, Vermont
GB	United Kingdom		A00420	U Ulster	University of Ulster, Northern Ireland
US	United States		A00421	Colo Coll	Colorado College
US	United States		A00422	U MO	University of Missouri
US	United States	A00422	A00423	KC	University of Missouri, Kansas City
US	United States	A00422	A00424	St Louis	University of Missouri, Saint Louis
US	United States	A00422	A00425	Columbia	University of Missouri, Columbia
US	United States	A00422	A00426	MS S&T	Missouri University of Science and Technology, Rolla
US	United States		A00427	USC SC	University of South Carolina
US	United States	A00427	A11069	Dep Phy Ast	University of South Carolina, Department of Physics and Astronomy
US	United States		A00428	Columbus St U	Columbus State University
US	United States		A00429	OSU	The Ohio State University
US	United States	A00429	A00430	Sch Ear Sci	The Ohio State University, School of Earth Sciences
US	United States	A00429	A06731	CCAPP	The Ohio State University, Center for Cosmology & AstroParticle Physics
US	United States	A00429	A11090	Dep Ast	The Ohio State University, Department of Astronomy
US	United States	A00429	A11091	Dep Phy	The Ohio State University, Department of Physics
US	United States		A00431	TX A&M	Texas A&M University System
US	United States		A00432	TX A&M Commerce	Texas A&M University, Commerce
US	United States		A00433	TX A&M CC	Texas A&M University, Corpus Christi
US	United States		A00434	TX A&M Kingsville	Texas A&M University, Kingsville
US	United States		A00435	TX A&M Int U	Texas A&M International University, Laredo
US	United States		A00436	Coastal Carolina U	Coastal Carolina University, South Carolina
US	United States		A00437	U Cen AR	University of Central Arkansas
US	United States		A00438	Corning	Corning Inc., New York
US	United States		A00439	OR St U	Oregon State University, Corvallis
US	United States	A00439	A00440	Coll Oc Atm Sci	Oregon State University, Corvallis, College of Oceanic and Atmospheric Sciences
GB	United Kingdom		A00441	Coventry Poly U	Coventry Lanchester Polytechnic University, UK
GB	United Kingdom		A00442	U Warwick	University of Warwick, UK
GB	United Kingdom	A00442	A00443	Dep Phy	University of Warwick, Department of Physics
GB	United Kingdom		A00444	Cranfield U	Cranfield University, UK
US	United States		A00445	Wabash Coll	Wabash College, Indiana
AU	Australia		A00446	U West Austr	University of Western Australia
AU	Australia	A00446	A00447	Sch Ear Env	University of Western Australia, School of Earth and Environment
AU	Australia	A00446	A00448	Sch Phy	University of Western Australia, School of Physics
AU	Australia	A00446	A06494	ASTRO 3D	Centre of Excellence for All Sky Astrophysics in 3D
AU	Australia	A00446	A06495	OzGrav	Centre of Excellence in Gravitational Wave Discovery
AU	Australia	A00446	A11642	CEAMS	Centre of Excellence in Antimatter-Matter Studies
AU	Australia	A00446	A11661	CAASTRO	Centre of Excellence for All Sky Astrophysics
AU	Australia	A00446	A11676	ICRAR	International Centre for Radio Astronomy Research
US	United States		A00449	UNC	North Carolina University System
US	United States	A00449	A00450	UNC W Carolina U	Western Carolina University, North Carolina
US	United States	A00449	A00533	ECSU	Elizabeth City Carolina University, North Carolina
US	United States	A00449	A06041	NCSSM	North Carolina School of Science and Mathematics
US	United States	A00449	A06099	Pembroke	University of North Carolina, Pembroke
US	United States	A00449	A13058	CICS	Cooperative Institute for Climate and Satellites
US	United States		A00451	TN Tech U	Tennessee Technological University
US	United States		A00452	SMU	Southern Methodist University, Texas
US	United States		A00453	CT St U	Connecticut State University
US	United States	A00453	A00454	W CT	Western Connecticut State University
US	United States	A00453	A00455	Cen CT	Central Connecticut State University
US	United States	A00453	A00456	S CT	Southern Connecticut State University
US	United States	A00453	A00457	E CT	Eastern Connecticut State University
US	United States	A00453	A06112	3 Rivers Comm Coll	Three Rivers Community College, Connecticut
US	United States		A00458	Ctr Coll	Centre College, Kentucky
US	United States		A00459	Nova SE U	Nova Southeastern University, Florida
US	United States		A00460	Wright St U	Wright State University, Ohio
US	United States		A00461	U Dayton	University of Dayton, Ohio
US	United States		A00462	Embry Riddle Aero U	Embry Riddle Aeronautical University, Florida
US	United States	A00462	A00463	Prescott	Embry Riddle Aeronautical University, Prescott AZ
US	United States	A00462	A11055	Dep Phy Sci	Embry Riddle Aeronautical University, Department of Physical Sciences
US	United States		A00464	Agnes Scott Coll	Agnes Scott College, Georgia
US	United States		A00465	Millikin U	Millikin University, Illinois
US	United States		A00466	N IL U	Northern Illinois University
US	United States		A00467	OH Wesleyan U	Ohio Wesleyan University
NL	Netherlands		A00468	TNO	Netherlands Organization for Applied Scientific Research
NL	Netherlands		A00469	TU Delft	Technical University of Delft, Netherlands
NL	Netherlands	A00469	A00470	Fac Tech Geos Eng	Technical University of Delft, Faculty of Technical Geosciences and Engineering
NL	Netherlands	A00469	A11233	EOS	Technical University of Delft, Institute for Earth Observation and Space Systems
NL	Netherlands		A00471	NWO	Netherlands Organization for Scientific Research
NL	Netherlands	A00471	A00472	ASTRON	Netherlands Foundation for Research in Astronomy
NL	Netherlands	A00471	A00473	NIKHEF	Netherlands National Institute for Subatomic Physics
NL	Netherlands	A00471	A00474	SRON	Netherlands Institute for Space Research
NL	Netherlands	A00471	A00475	FOM	Netherlands Foundation for Fundamental Research on Matter
NL	Netherlands	A00471	A00476	AMOLF	Netherlands Institute for Atomic and Molecular Physics
NL	Netherlands	A00471	A00477	IPP	Netherlands Institute for Plasma Physics
NL	Netherlands	A00471	A06475	CWI	Centrum Wiskunde & Informatica, Netherlands
US	United States		A00478	U Denver	University of Denver, Colorado
US	United States	A00478	A00479	Dep Phy Ast	University of Denver, Department of Physics and Astronomy
US	United States		A00480	USGS	U.S. Geological Survey
US	United States	A00480	A00481	Sioux Falls	U.S. Geological Survey, Sioux Falls
US	United States	A00480	A00482	Flagstaff	U.S. Geological Survey, Flagstaff
US	United States	A00480	A00483	HI	U.S. Geological Survey, Hawaii
US	United States	A00480	A00484	CVO	U.S. Geological Survey Cascades Volcano Observatory, Vancouver
US	United States	A00480	A00486	Tucson	U.S. Geological Survey, Tucson
US	United States	A00480	A00487	AK	U.S. Geological Survey, Alaska
US	United States	A00480	A00488	FL	U.S. Geological Survey, Florida
US	United States	A00480	A00489	Menlo Park	U.S. Geological Survey, Menlo Park
US	United States	A00480	A00490	CO	U.S. Geological Survey, Colorado
US	United States	A00480	A01219	U WA/USGS Sch Ocgy	University of Washington, USGS School of Oceanography
US	United States	A00480	A11154	Woods Hole	U.S. Geological Survey, Woods Hole
US	United States	A00480	A11178	AVO	Alaska Volcano Observatory, Fairbanks
US	United States		A00491	Drake U	Drake University, Iowa
US	United States		A00492	Wayne St U	Wayne State University, Michigan
US	United States	A00492	A11076	Dep Phy Ast	Wayne State University, Department of Physics and Astronomy
US	United States		A00493	GM	General Motors Corporation
US	United States	A00493	A06322	HRL Labs	HRL Laboratories, California
US	United States		A00494	Delaware St U	Delaware State University
GB	United Kingdom		A00495	U Abertay	University of Abertay, UK
GB	United Kingdom		A00496	U Dundee	University of Dundee, UK
GB	United Kingdom	A00496	A11755	SUPA	Scottish Universities Physics Alliance
AU	Australia		A00497	Ryl Mil Coll Austr	Royal Military College of Australia
GB	United Kingdom		A00498	Durham U	Durham University, UK
GB	United Kingdom	A00498	A00499	Dep Ear Sci	Durham University, Department of Earth Sciences
GB	United Kingdom	A00498	A00500	Dep Phy	Durham University, Department of Physics
US	United States		A00501	Duke U	Duke University, North Carolina
US	United States	A00501	A00502	Pratt Sch Eng	Duke University, Pratt School of Engineering
US	United States	A00501	A00503	Div Ear Oc Sci	Duke University, Division of Earth and Ocean Sciences
US	United States	A00501	A00504	Dep Phy	Duke University, Department of Physics
US	United States	A00501	A11040	TUNL	Triangle Universities Nuclear Laboratory, North Carolina
US	United States		A00505	NC Cen U	North Carolina Central University
US	United States		A00506	UNH	University of New Hampshire
US	United States	A00506	A00507	EOS	University of New Hampshire, Institute for the Study of Earth Oceans and Space
US	United States	A00506	A11024	Dep Phy Ast	University of New Hampshire, Department of Physics and Astronomy
US	United States		A00508	MSU	Michigan State University
US	United States	A00508	A00509	Dep Phy Ast	Michigan State University, Department of Physics and Astronomy
US	United States	A00508	A11078	NSCL	Michigan State University, National Superconducting Cyclotron Laboratory
US	United States	A00508	A11252	JINA	Joint Institute for Nuclear Astrophysics
US	United States		A00510	Lafayette Coll	Lafayette College, Pennsylvania
US	United States		A00511	Stonehill Coll	Stonehill College, Massachusetts
IT	Italy		A00512	U Cagliari	University of Cagliari, Italy
IT	Italy	A00512	A11382	Dep Phy	University of Cagliari, Department of Physics
GB	United Kingdom		A00513	Heriot Watt U	Heriot Watt University, UK
GB	United Kingdom	A00513	A11755	SUPA	Scottish Universities Physics Alliance
GB	United Kingdom		A00514	Edinburgh Napier U	Edinburgh Napier University, UK
GB	United Kingdom		A00515	U Edinburgh	University of Edinburgh, UK
GB	United Kingdom	A00515	A00516	Sch Math	University of Edinburgh, School of Mathematics
GB	United Kingdom	A00515	A00517	Ctr Astrob	University of Edinburgh, Centre for Astrobiology
GB	United Kingdom	A00515	A00519	Sch Geos	University of Edinburgh, School of Geosciences
GB	United Kingdom	A00515	A00520	Sch Phy Ast	University of Edinburgh, School of Physics and Astronomy
GB	United Kingdom	A00515	A00521	Inst Ast	University of Edinburgh, Institute for Astronomy
GB	United Kingdom	A00515	A02278	Ryl Obs Edin	Royal Observatory Edinburgh
GB	United Kingdom	A00515	A11755	SUPA	Scottish Universities Physics Alliance
US	United States		A00522	U Cen OK	University of Central Oklahoma
CA	Canada		A00523	MacEwan U	MacEwan University, Canada
CA	Canada		A00524	Kings U Edmonton	Kings University, Edmonton
CA	Canada		A00525	U Alberta	University of Alberta, Canada
CA	Canada	A00525	A00526	Dep Ear Atm Sci	University of Alberta, Department of Earth and Atmospheric Sciences
CA	Canada	A00525	A00527	Dep Phy	University of Alberta, Department of Physics
CA	Canada	A00525	A11726	Inst Geop Res	University of Alberta, Institute for Geophysical Research
CA	Canada	A00525	A11727	Inst Theo Phy	University of Alberta, Institute for Theoretical Physics
GB	United Kingdom		A00528	U London	University of London, UK
GB	United Kingdom	A00528	A00529	Ryl Holloway	Royal Holloway University of London
GB	United Kingdom	A00528	A06190	ICR UK	Institute of Cancer Research, London
GB	United Kingdom	A00528	A06193	LSHTM	London School of Hygiene and Tropical Medicine
GB	United Kingdom	A00528	A11768	SEPnet	South East Physics Network
NL	Netherlands		A00530	TU Eindhoven	Technical University of Eindhoven, Netherlands
NL	Netherlands		A00531	Philips	Philips Electronics Amsterdam
JP	Japan	A00531	A00532	Japan	Philips Electronics Japan
US	United States		A00534	Elizabethtown Coll	Elizabethtown College, Pennsylvania
US	United States		A00535	Cen WA U	Central Washington University
US	United States		A00536	Elon U	Elon University, North Carolina
NL	Netherlands		A00537	U Twente	University of Twente, Netherlands
FI	Finland		A00538	HUT	Helsinki University of Technology, Finland
FI	Finland	A00538	A05497	HIIT	Helsinki Institute for Information Technology, Finland
FI	Finland		A00540	VTT Tech Res Ctr	Technical Research Center of Finland
US	United States		A00541	IBM	International Business Machines Corporation
US	United States	A00541	A00542	TX	IBM Texas
US	United States	A00541	A00543	CA	IBM California
US	United States	A00541	A00544	VA	IBM Virginia
US	United States	A00541	A00545	CO	IBM Colorado
DE	Germany	A00541	A00546	Germany	IBM Germany
US	United States	A00541	A00547	Almaden	IBM Almaden Research Center
CH	Switzerland	A00541	A00548	CH	IBM Switzerland
US	United States	A00541	A00549	MN	IBM Minnesota
US	United States	A00541	A00550	NY	IBM New York
US	United States	A00541	A00551	VT	IBM Vermont
US	United States		A00552	U OR	University of Oregon
US	United States	A00552	A00553	Portland	University of Oregon, Portland
US	United States	A00552	A11180	Dep Geo Sci	University of Oregon, Department of Geological Sciences
US	United States	A00552	A11181	Dep Phy	University of Oregon, Department of Physics
US	United States	A00552	A05713	CHEP	University of Oregon, Center for High Energy Physics
US	United States		A00554	Northwestern U	Northwestern University
US	United States	A00554	A00555	Dep Ear Plan Sci	Northwestern University, Department of Earth and Planetary Sciences
US	United States	A00554	A00556	Dep Phy Ast	Northwestern University, Department of Physics and Astronomy
US	United States	A00554	A11119	Dearborn Obs	Northwestern University, Dearborn Observatory
US	United States		A00557	U Evansville	University of Evansville, Illinois
US	United States		A00558	U Sthrn IN	University of Southern Indiana
US	United States		A00559	Coll NJ	The College of New Jersey
GB	United Kingdom		A00560	U Exeter	University of Exeter, UK
GB	United Kingdom	A00560	A00561	Dep Phy Ast	University of Exeter, Department of Physics and Astronomy
GB	United Kingdom	A00560	A00562	Dep Math	University of Exeter, Department of Mathematics
US	United States		A00563	U AK Anchorage	University of Alaska, Anchorage
US	United States		A00564	U AK	University of Alaska System
US	United States		A00565	GMU	George Mason University, Virginia
US	United States	A00565	A00566	Sch Phy Ast Comp Sci	GMU, School of Physics, Astronomy and Computational Sciences
US	United States	A00565	A11047	CEOSR	GMU, Center for Earth Observing and Space Research
US	United States		A00567	GE	General Electric Corporation
US	United States	A00567	A00568	Health	General Electric Healthcare
US	United States	A00567	A00569	Med Sys	General Electric Medical Systems
US	United States	A00567	A00570	Aviation	General Electric Aviation Systems
US	United States	A00567	A00571	Glob Res	General Electric Global Research
US	United States	A00567	A13038	Res Dev	General Electric Corporate Research and Development
US	United States		A00572	Fairfield U	Fairfield University, Connecticut
US	United States		A00573	Gen Dyn	General Dynamics Corporation, Massachusetts
US	United States		A00574	N Dakota St U	North Dakota State University
US	United States		A00575	Fayetteville St U	Fayetteville State University
US	United States		A00576	U AR Fayetteville	University of Arkansas, Fayetteville
US	United States	A00576	A11105	Dep Phy	University of Arkansas, Fayetteville, Department of Physics
US	United States	A00576	A11106	Ctr Sp Plan Sci	University of Arkansas, Fayetteville, Center for Space and Planetary Science
US	United States		A00577	U AR	University of Arkansas System
US	United States		A00578	Nrthn AZ U	Northern Arizona University
US	United States		A00579	Kettering U	Kettering University, Michigan
US	United States		A00580	FL Gulf Coast U	Florida Gulf Coast University
US	United States		A00581	TCU	Texas Christian University
US	United States		A00582	U N TX	University of North Texas
US	United States		A00583	Framingham St U	Framingham State University, Massachusetts
US	United States		A00584	KY St U	Kentucky State University
CA	Canada		A00585	U New Brunswick	University of New Brunswick, Canada
CA	Canada	A00585	A00586	Dep Phy	University of New Brunswick, Department of Physics
CA	Canada	A00585	A11747	Plan Sp Sci Ctr	University of New Brunswick, Planetary and Space Science Centre
US	United States		A00587	Colo St U	Colorado State University
US	United States	A00587	A00588	Pueblo	Colorado State University, Pueblo
US	United States	A00587	A11140	Dep Phy	Colorado State University, Department of Physics
US	United States	A00587	A11141	Dep Atm Sci	Colorado State University, Department of Atmospheric Science
US	United States	A00587	A13037	CIRA	Cooperative Institute for Research in the Atmosphere
US	United States		A00589	U FL	University of Florida
US	United States	A00589	A00591	Dep Aero Eng	University of Florida, Department of Mechanical and Aerospace Engineering
US	United States	A00589	A00678	Sp Life Sci Lab	Space Life Sciences Laboratory
US	United States	A00589	A11070	Dep Ast	University of Florida, Department of Astronomy
US	United States	A00589	A11071	Dep Phy	University of Florida, Department of Physics
US	United States		A00592	Kenyon Coll	Kenyon College, Ohio
US	United States		A00593	Adelphi U	Adelphi University, New York
XX	Unspecified		A00594	UN	United Nations
AT	Austria	A00594	A00595	IAEA	International Atomic Energy Agency, Vienna
MC	Monaco	A00594	A00596	IAEA-MEL	International Atomic Energy Agency Marine Environment Labs, Monaco
AT	Austria	A00594	A00597	UNOOSA	UN Office for Outer Space Affairs, Vienna
NL	Netherlands	A00594	A00598	UNESCO Delft	Institute for Water Education, Delft
AT	Austria	A00594	A06333	CTBTO	Comprehensive Test-Ban Treaty Organization, Austria
US	United States		A00599	Hobart Will Smith	Hobart and William Smith Colleges, New York
US	United States		A00600	Gettysburg Coll	Gettysburg College, Pennsylvania
GB	United Kingdom		A00601	Glasgow Caledonian U	Glasgow Caledonian University, UK
GB	United Kingdom		A00602	U Glasgow	University of Glasgow, UK
GB	United Kingdom	A00602	A00603	Sch Geog Ear Sci	University of Glasgow, School of Geographical and Earth Sciences
GB	United Kingdom	A00602	A00604	Sch Phy Ast	University of Glasgow, School of Physics and Astronomy
GB	United Kingdom	A00602	A11755	SUPA	Scottish Universities Physics Alliance
GB	United Kingdom		A00605	U Strathclyde	University of Strathclyde, UK
GB	United Kingdom	A00605	A00606	Dep Phy	University of Strathclyde, Department of Physics
GB	United Kingdom	A00605	A11755	SUPA	Scottish Universities Physics Alliance
US	United States		A00607	Rowan U	Rowan University, New Jersey
US	United States		A00608	Colo Sch Mines	Colorado School of Mines
SE	Sweden		A00609	U Gothenburg	University of Gothenburg, Sweden
SE	Sweden	A00609	A00610	Dep Ear Sci	University of Gothenburg, Department of Earth Sciences
SE	Sweden	A00609	A00611	Dep Phy	University of Gothenburg, Department of Physics
US	United States		A00612	Grambling St U	Grambling State University, Louisiana
US	United States		A00613	U N Dakota	University of North Dakota
US	United States	A00613	A11113	Dep Sp Stud	University of North Dakota, Department of Space Studies
US	United States	A00613	A11114	Dep Phy Ast	University of North Dakota, Department of Physics and Astronomy
US	United States		A00614	Colo Mesa U	Colorado Mesa University
US	United States		A00615	Dennison U	Denison University, Ohio
US	United States		A00616	U Nrthn Colo	University of Northern Colorado
US	United States		A00617	DePauw U	DePauw University, Indiana
US	United States		A00618	Guilford Coll	Guilford College, North Carolina
US	United States		A00619	NC Agr Tech St U	North Carolina Agricultural and Technical State University
US	United States		A00620	Bob Jones U	Bob Jones University, South Carolina
US	United States		A00621	E Carolina U	Eastern Carolina University, North Carolina
US	United States		A00622	Furman U	Furman University, South Carolina
US	United States		A00623	SAI Co.	Science Applications International Co.
US	United States	A00623	A11201	San Diego	Science Applications International, San Diego
US	United States		A00624	Grinnell Coll	Grinnell College, Iowa
NL	Netherlands		A00625	U Groningen	University of Groningen, Netherlands
NL	Netherlands	A00625	A00626	KVI	University of Groningen, Center for Advanced Radiation Technology
NL	Netherlands	A00625	A11230	Kapteyn Ast Inst	University of Groningen, Kapteyn Astronomical Institute
NL	Netherlands	A00625	A11232	Ctr Theo Phy	University of Groningen, Center for Theoretical Physics
CA	Canada		A00627	U Guelph	University of Guelph, Canada
CA	Canada	A00627	A00628	Dep Phy	University of Guelph, Department of Physics
CA	Canada	A00627	A06711	Guelph Waterloo GWC	Guelph-Waterloo Centre for Graduate Work in Chemistry
CA	Canada	A00627	A13030	Waterloo Guelph GSP	Waterloo Guelph Physics and Astronomy Graduate Studies
GB	United Kingdom		A00629	U Surrey	University of Surrey, UK
GB	United Kingdom	A00629	A00630	Dep Phy	University of Surrey, Department of Physics
GB	United Kingdom	A00629	A11768	SEPnet	South East Physics Network
CA	Canada		A00631	Mt St Vincent U	Mount Saint Vincent University, Canada
CA	Canada		A00632	Dalhousie U	Dalhousie University, Canada
CA	Canada	A00632	A00633	Dep Ear Sci	Dalhousie University, Canada, Department of Earth Sciences
CA	Canada	A00632	A11737	Dep Phy Ast	Dalhousie University, Canada, Department of Physics and Atmospheric Sciences
CA	Canada		A00634	St Marys U	Saint Marys University, Canada
CA	Canada	A00634	A11738	Dep Phy Ast	Saint Marys University, Canada, Department of Astronomy and Physics
CA	Canada		A00635	McMaster U	McMaster University, Canada
CA	Canada	A00635	A00636	Dep Ear Sci	McMaster University, Department of Earth Sciences
CA	Canada	A00635	A00637	Dep Phy Ast	McMaster University, Department of Physics and Astronomy
NZ	New Zealand		A00638	U Waikato	University of Waikato, New Zealand
US	United States		A00639	Colgate U	Colgate University, New York
US	United States		A00640	SE Louisiana U	Southeastern Louisiana University
US	United States		A00641	Hampden-Sydney Coll	Hampden-Sydney College, Virginia
US	United States		A00642	Hampton U	Hampton University, Virginia
US	United States	A00642	A11809	Dep Atm Plan Sci	Hampton University, Department of Atmospheric and Planetary Science
US	United States		A00643	Dartmouth Coll	Dartmouth College, New Hampshire
US	United States	A00643	A00644	Thayer Sch Eng	Dartmouth College, Thayer School of Engineering
US	United States	A00643	A11003	Dep Phy Ast	Dartmouth College, Department of Physics and Astronomy
US	United States		A00645	James Madison U	James Madison University, Virginia
US	United States		A00646	Trinity Coll CT	Trinity College, Hartford, CT
GB	United Kingdom		A00647	U Hertfordshire	University of Hertfordshire, UK
GB	United Kingdom	A00647	A00648	Sch Phy Ast Math	University of Hertfordshire, School of Physics, Astronomy and Mathematics
GB	United Kingdom	A00647	A11768	SEPnet	South East Physics Network
US	United States		A00649	Haverford Coll	Haverford College, Pennsylvania
AU	Australia		A00650	Swinburne U Tech	Swinburne University of Technology, Australia
AU	Australia	A00650	A06494	ASTRO 3D	Centre of Excellence for All Sky Astrophysics in 3D
AU	Australia	A00650	A06495	OzGrav	Centre of Excellence in Gravitational Wave Discovery
AU	Australia	A00650	A11661	CAASTRO	Centre of Excellence for All Sky Astrophysics
AU	Australia	A00650	A11668	Ctr Ast Supercomp	Swinburne University of Technology, Centre for Astrophysics and Supercomputing
FI	Finland		A00651	U Helsinki	University of Helsinki, Finland
FI	Finland	A00651	A00652	Fac Sci	University of Helsinki, Faculty of Science
FI	Finland	A00651	A00653	Dep Phy	University of Helsinki, Department of Physics
CN	China	A00651	A06710	JirLATEST	Joint International Research Laboratory of Atmospheric and Earth System Sciences, Nanjing
FI	Finland	A00651	A13000	Obs	Helsinki University Observatory
FI	Finland		A00654	KTL	National Public Health Institute, Finland
US	United States		A00655	Hofstra U	Hofstra University, New York
US	United States		A00656	High Point U	High Point University, North Carolina
GB	United Kingdom		A00657	Brunel U	Brunel University, UK
US	United States		A00658	Nrthn KY U	Northern Kentucky University
US	United States		A00659	Hillsdale Coll	Hillsdale College, Michigan
US	United States		A00660	Hiram Coll	Hiram College, Ohio
AU	Australia		A00661	U Tasmania	University of Tasmania, Australia
AU	Australia	A00661	A06463	CLEX	Centre of Excellence for Climate Extremes
AU	Australia	A00661	A11658	Sch Math Phy	University of Tasmania, School of Mathematics and Physics
AU	Australia	A00661	A11659	CODES	Centre of Excellence in Ore Deposits
AU	Australia	A00661	A11660	ACECRC	Antarctic Climate and Ecosystems Cooperative Research Centre
AU	Australia	A00661	A11705	CoECSS	Centre of Excellence for Climate System Science
US	United States		A00662	Hope Coll	Hope College, Michigan
US	United States		A00663	U HI	University of Hawaii System
US	United States		A00664	HI Pac U	Hawaii Pacific University
US	United States		A00665	Manoa	University of Hawaii, Manoa
US	United States	A00665	A00666	SOEST	University of Hawaii, Manoa, School of Earth and Ocean Sciences
US	United States	A00665	A00667	IfA	University of Hawaii, Manoa, Institute for Astronomy
US	United States	A00665	A00668	Mauna Kea Obs	University of Hawaii, Mauna Kea Observatory
US	United States	A00665	A00669	CFHT	Canada-France-Hawaii Telescope
US	United States	A00665	A11227	Dep Phy Ast	University of Hawaii, Manoa, Department of Physics and Astronomy
US	United States	A00665	A11229	IRTF	Infrared Telescope Facility
US	United States		A00670	MI Tech U	Michigan Technological University
US	United States	A00670	A11077	Dep Phy	Michigan Technological University, Department of Physics
US	United States		A00671	Bristol Myers	Bristol Myers Squibb Company
MX	Mexico		A00672	BAUP	Benemerita Autonomous University of Puebla, Mexico
MX	Mexico	A00672	A00673	Fac Phy Mat	Benemerita Autonomous University of Puebla, Faculty of Physics and Mathematics, Mexico
MX	Mexico	A00672	A06233	Dual C-P IHEP	Dual C-P Institute of High Energy Physics
US	United States		A00674	Rice U	Rice University, Texas
US	United States	A00674	A11138	Dep Phy Ast	Rice University, Department of Physics and Astronomy
US	United States	A00674	A11139	Dep Ear Sci	Rice University, Department of Earth Science
US	United States		A00675	TX Sthrn U	Texas Southern University
US	United States		A00676	NASA	NASA HQ
US	United States	A00676	A00677	NSSTC	NASA National Space Science and Technology Center
US	United States	A00676	A00678	SLPSRA	NASA Space Life and Physical Sciences Research and Applications Laboratory
US	United States		A00680	NASA JSC	NASA Johnson Space Center
US	United States		A00681	NASA ARC	NASA Ames Research Center
US	United States		A00682	NASA KSC	NASA John F. Kennedy Space Center
US	United States		A00684	NASA GRC	NASA John H. Glenn Research Center
US	United States		A00685	NASA LARC	NASA Langley Research Center
US	United States		A00686	NASA MSFC	NASA Marshall Space Flight Center
US	United States		A00687	NASA Stennis	NASA Stennis Space Center
US	United States		A00688	NASA Wallops	NASA Wallops Flight Facility
US	United States	A00676	A13069	CIMSS	Cooperative Institute for Meteorological Satellite Studies
GB	United Kingdom		A00690	U Hull	University of Hull, UK
US	United States		A00691	Lockheed Martin	Lockheed Martin Corporation
US	United States	A00691	A00692	Palo Alto	Lockheed Martin, Palo Alto
US	United States	A00691	A00693	Denver	Lockheed Martin, Denver
US	United States	A00691	A06821	Martin Marietta	Martin Marietta Corporation
US	United States	A00691	A11225	Houston	Lockheed Martin, Houston
US	United States		A00694	Sam Houston St U	Sam Houston State University, Texas
US	United States		A00695	Butler U	Butler University, Indiana
US	United States		A00696	U Iowa	University of Iowa
US	United States	A00696	A11111	Dep Phy Ast	University of Iowa, Department of Physics and Astronomy
US	United States		A00697	ExxonMobil	ExxonMobil Corporation
GB	United Kingdom	A00697	A00698	Imperial Oil	Imperial Oil Ltd
US	United States		A00699	Ithaca Coll	Ithaca College, New York
US	United States		A00700	Jackson St U	Jackson State University
US	United States		A00701	U N Fl	University of North Florida
US	United States		A00702	E TN St U	East Tennessee State University
US	United States		A00703	DuPont	EI Dupont Nemours Corporation
US	United States	A00703	A06130	SRNL	Savannah River National Laboratory, South Carolina
FI	Finland		A00704	U Jyvaskyla	University of Jyvaskyla, Finland
FI	Finland	A00704	A00705	Dep Phy	University of Jyvaskyla, Department of Physics
US	United States		A00706	Kalamazoo Coll	Kalamazoo College, Michigan
US	United States		A00707	W MI U	Western Michigan University
SE	Sweden		A00708	Linnaeus U Kalmar	Linnaeus University, Kalmar, Sweden
US	United States		A00709	Rockhurst U	Rockhurst University, Missouri
US	United States		A00710	U Kansas	University of Kansas
US	United States	A00710	A00711	KS Geo Surv	University of Kansas, Kansas Geological Survey
US	United States	A00710	A11107	Dep Phy Ast	University of Kansas, Department of Physics and Astronomy
SE	Sweden		A00712	Karlstad U	Karlstad University, Sweden
GB	United Kingdom		A00713	Keele U	Keele University, UK
GB	United Kingdom	A00713	A00714	Sch Geog Geo Env	Keele University, School of Geography, Geology and the Environment
GB	United Kingdom	A00713	A00715	Dep Phy Astrop	Keele University, Department of Physics and Astrophysics
US	United States		A00716	Carthage Coll	Carthage College, Wisconsin
US	United States		A00717	Kent St U	Kent State University, Ohio
AU	Australia		A00718	Austr Antarc Div	Australian Antarctic Division
CA	Canada		A00719	Queens U Can	Queens University, Canada
CA	Canada	A00719	A11744	Dep Phy Ast	Queens University, Department of Physics and Astronomy
US	United States		A00720	URI	University of Rhode Island
GB	United Kingdom		A00721	Kingston U	Kingston University, UK
US	United States		A00722	U TN	University of Tennessee
US	United States	A00722	A00723	Chattanooga	University of Tennessee, Chattanooga
US	United States	A00722	A00724	Martin	University of Tennessee, Martin
US	United States	A00722	A00725	Dep Ear Plan Sci	University of Tennessee, Department of Earth and Planetary Sciences
US	United States	A00722	A00726	Dep Phy Ast	University of Tennessee, Department of Physics and Astronomy
US	United States	A00722	A00727	Sp Inst	University of Tennessee, Space Institute
DK	Denmark		A00728	U Copenhagen	University of Copenhagen, Denmark
DK	Denmark	A00728	A00729	Geo Mus	University of Copenhagen, Geological Museum
DK	Denmark	A00728	A00730	Niels Bohr Inst	Niels Bohr Institute for Astronomy, Physics and Geophysics
DK	Denmark	A00728	A00731	Nat Hist Mus	University of Copenhagen, Natural History Museum
AU	Australia		A00732	U Sydney	University of Sydney, Australia
AU	Australia	A00732	A00733	Dep Phy	University of Sydney, Department of Physics
AU	Australia	A00732	A00734	Dep Geos	University of Sydney, Department of Geosciences
AU	Australia	A00732	A06494	ASTRO 3D	Centre of Excellence for All Sky Astrophysics in 3D
AU	Australia	A00732	A11661	CAASTRO	Centre of Excellence for All Sky Astrophysics
AU	Australia	A00732	A11666	Dep Ast	University of Sydney, Department of Astronomy
AU	Australia	A00732	A11679	Cornell Sydney U	Cornell Sydney University
AU	Australia	A00732	A11717	CoEPP	Centre of Excellence for Particle Physics at the Terascale
AU	Australia	A00732	A11720	CQC2T	Centre for Quantum Computation and Communication Technology
US	United States		A00735	Mayo Clinic	Mayo Clinic, Minnesota
US	United States		A00736	U Louisiana	University of Louisiana
US	United States		A00737	Lake Forest Coll	Lake Forest College, Illinois
US	United States		A00738	CCU	Colorado Christian University
GB	United Kingdom		A00739	Lancaster U	Lancaster University, UK
GB	United Kingdom	A00739	A00740	Dep Env Sci	Lancaster University, Department of Environmental Science
GB	United Kingdom	A00739	A00741	Dep Phy	Lancaster University, Department of Physics
US	United States		A00742	Franklin Marshall	Franklin and Marshall College, Pennsylvania
CA	Canada		A00743	Trinity West U	Trinity Western University, Canada
US	United States		A00744	Langston U	Langston University, Oklahoma
FI	Finland		A00745	Lappeenranta U	Lappeenranta University of Technology, Finland
US	United States		A00746	U Wyoming	University of Wyoming
US	United States	A00746	A11182	Dep Phy Ast	University of Wyoming, Department of Physics and Astronomy
US	United States	A00746	A11183	Dep Geo Geop	University of Wyoming, Department of Geology and Geophysics
US	United States		A00747	NMSU	New Mexico State University
US	United States	A00747	A00748	Carlsbad	New Mexico State University, Carlsbad
US	United States	A00747	A11170	Dep Ast	New Mexico State University, Department of Astronomy
US	United States	A00747	A11171	Dep Phy	New Mexico State University, Department of Physics
US	United States		A00749	NM Highlands U	New Mexico Highlands University
US	United States		A00750	St Vincent Coll	Saint Vincent College, Pennsylvania
CA	Canada		A00751	Laval U	Laval University, Canada
CA	Canada	A00751	A11729	CRAQ	Centre for Research in Astrophysics of Quebec
CA	Canada	A00751	A11730	Mont Megantic Obs	Mont Megantic Observatory
CA	Canada	A00751	A11731	Dep Phy	Laval University, Department of Physics
CA	Canada	A00751	A13034	GEOTOP	GEOTOP Research Centre, Canada
US	United States		A00752	Rider U	Rider University, New Jersey
US	United States		A00753	Cumberland U	Cumberland University, Tennessee
GB	United Kingdom		A00754	Metro U Leeds	Leeds Metropolitan University, UK
GB	United Kingdom		A00755	U Leeds	University of Leeds, UK
GB	United Kingdom	A00755	A00756	Sch Phy Ast	University of Leeds, School of Physics and Astronomy
GB	United Kingdom	A00755	A00757	Sch Ear Env	University of Leeds, School of Earth and Environment
GB	United Kingdom		A00758	Montfort U	De Montfort University, UK
GB	United Kingdom		A00759	U Leicester	University of Leicester, UK
GB	United Kingdom	A00759	A00760	Dep Phy Ast	University of Leicester, Department of Physics and Astronomy
NL	Netherlands		A00761	U Leiden	University of Leiden, Netherlands
NL	Netherlands	A00761	A00762	Inst Chem	University of Leiden, Institute of Chemistry
NL	Netherlands	A00761	A00763	Lorentz ITP	University of Leiden, Lorentz Institute for Theoretical Physics
NL	Netherlands	A00761	A11239	Obs	Leiden Observatory
CA	Canada		A00764	Bishops U	Bishops University, Canada
CA	Canada		A00765	U Lethbridge	University of Lethbridge, Canada
CA	Canada	A00765	A11728	Dep Phy	University of Lethbridge, Department of Physics
US	United States		A00766	Bucknell U	Bucknell University, Pennsylvania
US	United States		A00767	Bates Coll	Bates College, Maine
US	United States		A00768	U KY	University of Kentucky
US	United States	A00768	A00769	Dep Ast	University of Kentucky, Department of Astronomy
US	United States		A00770	Virginia Mil Inst	Virginia Military Institute
US	United States		A00771	Wm Jewell Coll	William Jewell College, Missouri
US	United States		A00772	NE Wesleyan U	Nebraska Wesleyan University
SE	Sweden		A00773	Linkoping U	Linkoping University, Sweden
US	United States		A00774	Benedictine U	Benedictine University, Illinois
AU	Australia		A00775	Sthrn Cross U	Southern Cross University
US	United States		A00776	LLNL	Lawrence Livermore National Laboratory, California
US	United States	A00776	A11213	IGPP	Lawrence Livermore National Laboratory, Institute for Geophysics and Planetary Physics
US	United States	A00776	A11215	Phy Div	Lawrence Livermore National Laboratory, Physics Division
US	United States	A00776	A11216	Ear Sci Div	Lawrence Livermore National Laboratory, Earth Sciences Division
US	United States	A00776	A11217	Nuc Div	Lawrence Livermore National Laboratory, Nuclear Division
GB	United Kingdom		A00777	Liverpool JMU	Liverpool John Moores University, UK
GB	United Kingdom	A00777	A00778	Ast Res Inst	Liverpool John Moores University, Astrophysics Research Institute
GB	United Kingdom		A00779	U Liverpool	University of Liverpool, UK
GB	United Kingdom	A00779	A00780	Sch Env Sci	University of Liverpool, School of Environmental Sciences
GB	United Kingdom	A00779	A00781	Dep Ear Oc Ecol Sci	University of Liverpool, Department of Earth, Ocean and Ecological Sciences
GB	United Kingdom	A00779	A00782	Dep Phy	University of Liverpool, Department of Physics
US	United States		A00783	UT St U	Utah State University
US	United States	A00783	A11155	Ctr Atm Sp Sci	Utah State University, Center for Atmospheric and Space Science
US	United States	A00783	A11156	Sp Dyn Lab	Utah State University, Space Dynamics Laboratory
GB	United Kingdom		A00784	Imp Coll London	Imperial College, London
GB	United Kingdom	A00784	A00785	Dep Chem Eng	Imperial College, Department of Chemical Engineering
GB	United Kingdom	A00784	A00786	Dep Ear Sci Eng	Imperial College, Department of Earth Science and Engineering
GB	United Kingdom	A00784	A00787	Ryl Sch Mines	Imperial College, Royal School of Mines
GB	United Kingdom	A00784	A00788	Dep Chem	Imperial College, Department of Chemistry
GB	United Kingdom	A00784	A00789	Dep Phy	Imperial College, Department of Physics
GB	United Kingdom	A00784	A11760	Ast Grp	Imperial College, Astrophysics Group
GB	United Kingdom	A00784	A11761	Sp Atm Res Ctr	Imperial College, Space and Atmosphere Research Centre
GB	United Kingdom		A00790	Kings Coll London	Kings College London, UK
GB	United Kingdom	A00790	A11763	Dep Phy	Kings College London, Department of Physics
GB	United Kingdom		A00791	Queen Mary U	Queen Mary University, UK
GB	United Kingdom	A00791	A00792	Sch Phy Ast	Queen Mary University, School of Physics and Astronomy
GB	United Kingdom	A00791	A11768	SEPnet	South East Physics Network
GB	United Kingdom		A00793	Brit Aero Sys	British Aerospace Systems, PLC
GB	United Kingdom		A00794	Birkbeck U London	Birkbeck University of London, UK
GB	United Kingdom	A00794	A00795	Dep Ear Plan Sci	Birkbeck University of London, Department of Earth and Planetary Sciences
GB	United Kingdom	A00794	A00805	Ctr Plan Sci	Centre for Planetary Sciences at UCL/Birkbeck
GB	United Kingdom		A00797	City U London	City University London, UK
GB	United Kingdom		A00798	London Sch Econ	London School of Economics, UK
GB	United Kingdom		A00799	Middlesex U	Middlesex University, UK
GB	United Kingdom		A00800	London S Bank U	London South Bank University, UK
GB	United Kingdom		A00801	U Greenwich	University of Greenwich, UK
GB	United Kingdom		A00802	U Coll London	University College London, UK
GB	United Kingdom	A00802	A00803	Dep Ear Sci	University College London, Department of Earth Sciences
GB	United Kingdom	A00802	A00804	Dep Phy Ast	University College London, Department of Physics and Astronomy
GB	United Kingdom	A00802	A00805	Ctr Plan Sci	Centre for Planetary Sciences at UCL/Birkbeck
GB	United Kingdom	A00802	A00806	Obs	University of London Observatory
GB	United Kingdom	A00802	A11762	Mullard Sp Sci Lab	University College London, Mullard Space Science Laboratory
GB	United Kingdom		A00807	U Westminster	University of Westminster, UK
GB	United Kingdom		A00808	Brit Mus Nat Hist	British Museum of Natural History, UK
NL	Netherlands		A00809	Ryl Dutch Shell	Royal Dutch Shell
JP	Japan	A00809	A00810	Showa Shell	Showa Shell, Sekiyu, Japan
US	United States		A00811	U Sthrn Miss	University of Southern Mississippi
US	United States		A00812	Boeing	The Boeing Company
US	United States	A00812	A00813	CA	Boeing, California
US	United States	A00812	A00814	Seattle	Boeing, Seattle
US	United States	A00812	A06322	HRL Labs	HRL Laboratories, California
US	United States	A00812	A11224	McDonnell Douglas	McDonnell Douglas Aerospace
NO	Norway		A00815	U Ctr Svalbard	University Center in Svalbard, Norway
US	United States		A00816	LANL	Los Alamos National Laboratory, New Mexico
US	United States	A00816	A05881	LANSCE	Los Alamos National Laboratory, Lujan Neutron Scattering Center
US	United States	A00816	A06158	Ap Phy	Los Alamos National Laboratory, Applied Physics
US	United States	A00816	A11166	Astrop	Los Alamos National Laboratory, Astrophysics
US	United States	A00816	A11167	Phy	Los Alamos National Laboratory, Physics
US	United States	A00816	A11168	Sp Sci	Los Alamos National Laboratory, Space Sciences
US	United States	A00816	A11169	Theo Div	Los Alamos National Laboratory, Theoretical Division
US	United States	A00816	A13043	EES	Los Alamos National Laboratory, Earth and Environmental Sciences
US	United States		A00817	USC CA	University of Southern California
US	United States	A00817	A00818	Dep Ear Sci	University of Southern California, Department of Earth Sciences
US	United States	A00817	A11202	Dep Phy Ast	University of Southern California, Department of Physics and Astronomy
US	United States		A00819	Occidental Coll	Occidental College, California
US	United States		A00820	Loyola Marymount U	Loyola Marymount University, California
US	United States		A00821	Northrop Grumman	Northrop Grumman Aerospace
US	United States	A00821	A00822	Redondo Beach	Northrop Grumman Aerospace, Redondo Beach
US	United States	A00821	A11226	TRW	TRW
US	United States		A00823	Aero Co	Aerospace Corporation, California
GB	United Kingdom		A00824	Loughborough U	Loughborough University, UK
US	United States		A00825	3M	3M Company, Minnesota
US	United States		A00826	Louisiana Tech U	Louisiana Tech University
US	United States		A00827	U Louisville	University of Louisville
US	United States		A00828	Siena Coll	Siena College, New York
NZ	New Zealand		A00829	Geo Nuc Sci	Geological and Nuclear Science Ltd, New Zealand
SE	Sweden		A00830	Lulea U Tech	Lulea University of Technology, Sweden
SE	Sweden		A00831	U Lund	University of Lund, Sweden
SE	Sweden	A00831	A00832	Inst Tech	Lund University Institute of Technology
SE	Sweden	A00831	A00833	Obs	Lund Observatory
SE	Sweden	A00831	A00834	Dep Phy	University of Lund, Department of Physics
SE	Sweden	A00831	A00835	Dep Ast	University of Lund, Department of Astronomy
SE	Sweden	A00831	A13016	IRF Lund	Swedish Institute of Space Physics, Lund
GB	United Kingdom		A00836	U Bedfordshire	University of Bedfordshire, UK
DK	Denmark		A00837	DTU	Technical University of Denmark, Lyngby
DK	Denmark	A00837	A00838	Phy Lyngby	DTU Physics, Lyngby
DK	Denmark	A00837	A00839	Inst Sp Res Tech	DTU, Institute for Space Research and Technology
DK	Denmark	A00837	A13008	Danish Litho Ctr	DTU, Danish Lithosphere Centre
DK	Denmark	A00837	A13012	Riso Natl Lab	DTU, Riso National Laboratory
US	United States		A00840	West IL U	Western Illinois University
US	United States		A00841	Mercer U	Mercer University, Georgia
US	United States		A00842	U WI Madison	University of Wisconsin, Madison
US	United States	A00842	A00843	Dep Geo Geop	University of Wisconsin, Madison, Department of Geology and Geophysics
US	United States	A00842	A00844	Dep Phy	University of Wisconsin, Madison, Department of Physics
US	United States	A00842	A00845	SSEC	University of Wisconsin, Madison, Space Science and Engineering Center
US	United States	A00842	A00846	Dep Ast	University of Wisconsin, Madison, Department of Astronomy
US	United States	A00842	A11127	Washburn Obs	University of Wisconsin, Madison, Washburn Observatory
US	United States	A00842	A13035	Dep Atm Oc Sci	University of Wisconsin, Madison, Department of Atmospheric Oceanic Sciences
US	United States	A00842	A13069	CIMSS	Cooperative Institute for Meteorological Satellite Studies
US	United States		A00847	U WI	University of Wisconsin System
US	United States		A00848	Mid TN St U	Middle Tennessee State University
US	United States		A00849	Drew U	Drew University, New Jersey
US	United States		A00850	Pepperdine U	Pepperdine University, California
SE	Sweden		A00851	Malmo U	Malmo University, Sweden
GB	United Kingdom		A00852	Manchester Metro U	Manchester Metropolitan University, UK
GB	United Kingdom		A00853	U Manchester	University of Manchester, UK
GB	United Kingdom	A00853	A00854	Sch Ear Atm Env Sci	University of Manchester, School of Earth Atmospheric and Environmental Sciences
GB	United Kingdom	A00853	A00855	Sch Phy Ast	University of Manchester, School of Physics and Astronomy
GB	United Kingdom	A00853	A00856	UMIST	University of Manchester, Institute of Science and Technology
GB	United Kingdom	A00853	A00857	Jodrell Bank	Jodrell Bank Centre for Astrophysics
US	United States		A00858	Kansas St U	Kansas State University
US	United States	A00858	A11108	Dep Phy	Kansas State University, Department of Physics
US	United States		A00859	Marietta Coll	Marietta College, Ohio
US	United States		A00860	Marlboro Coll	Marlboro College, Vermont
GB	United Kingdom		A00861	Marlborough Coll	Marlborough College, UK
US	United States		A00862	Nrthn MI U	Northern Michigan University
US	United States		A00863	Allegheny Coll	Allegheny College, Pennsylvania
AU	Australia		A00864	RMIT	Royal Melbourne Institute of Technology, Australia
AU	Australia		A00865	Victoria U Tech	Victoria University of Technology, Melbourne, Australia
US	United States		A00866	FL Inst Tech	Florida Institute of Technology
US	United States	A00866	A11059	SARA Obs	Florida Institute of Technology, SARA Observatory
US	United States	A00866	A11060	Dep Phy Sp Sci	Florida Institute of Technology, Department of Physics and Space Science
US	United States		A00867	Rhodes Coll	Rhodes College, Tennessee
US	United States		A00868	U Memphis	University of Memphis, Tennessee
AU	Australia		A00869	ANSTO	Australian Nuclear Science and Technology Organization
US	United States		A00870	FL Int U	Florida International University
US	United States	A00870	A11059	SARA Obs	Florida International University, SARA Observatory
US	United States		A00871	U Miami	University of Miami, Florida
US	United States	A00871	A00872	Mar Geo Geop	University of Miami, Division of Marine Geology and Geophysics
US	United States	A00871	A00873	Mar Atm Sci	University of Miami, Rosenstiel School of Marine and Atmospheric Science
US	United States	A00871	A11061	Dep Phy	University of Miami, Department of Physics
US	United States		A00874	Middlebury Coll	Middlebury College, Vermont
GB	United Kingdom		A00875	Teesside U	Teesside University, UK
US	United States		A00876	Dow	Dow Chemical Corporation
US	United States	A00876	A05810	Rohm Haas	Rohm and Haas, Inc., Pennsylvania
US	United States	A00876	A05811	Shipley	Shipley Co., United States
US	United States	A00876	A06168	Union Carb	Union Carbide Inc., Texas
US	United States		A00877	Millersville U	Millersville University, Pennsylvania
GB	United Kingdom		A00878	Open U Milton Keynes	Open University Milton Keynes, UK
GB	United Kingdom	A00878	A00879	Scotland	Open University Scotland, UK
GB	United Kingdom	A00878	A00880	Dep Ear Env Sci	Open University, Department of Earth and Environmental Sciences
GB	United Kingdom	A00878	A00881	Dep Phy Sci	Open University, Department of Physical Sciences
GB	United Kingdom	A00878	A00882	CEPSAR	Centre for Earth Planetary Space and Astronomical Research
GB	United Kingdom	A00878	A00883	Oxford	Open University Oxford
GB	United Kingdom	A00878	A11768	SEPnet	South East Physics Network
US	United States		A00884	Marquette U	Marquette University, Wisconsin
US	United States		A00885	Med Coll Wisconsin	Medical College of Wisconsin
US	United States		A00886	Augsburg Coll	Augsburg College, Minnesota
US	United States		A00887	Miss St U	Mississippi State University
US	United States		A00888	U S AL	University of South Alabama
CA	Canada		A00889	U Moncton	University of Moncton, Canada
US	United States		A00890	W OR U	Western Oregon University
US	United States		A00891	U Montevallo	University of Montevallo, Alabama
CA	Canada		A00892	Ecole Poly Montreal	Ecole Polytechnique de Montreal, Canada
CA	Canada	A00892	A13034	GEOTOP	GEOTOP Research Centre, Canada
CA	Canada		A00893	Concordia U	Concordia University, Canada
CA	Canada	A00893	A13034	GEOTOP	GEOTOP Research Centre, Canada
CA	Canada		A00894	McGill U	McGill University, Canada
CA	Canada	A00894	A11729	CRAQ	Centre for Research in Astrophysics of Quebec
CA	Canada	A00894	A11730	Mont Megantic Obs	Mont Megantic Observatory
CA	Canada	A00894	A11732	Dep Ear Plan Sci	McGill University, Department of Earth and Planetary Sciences
CA	Canada	A00894	A11754	Dep Phy	McGill University, Department of Physics
CA	Canada	A00894	A13034	GEOTOP	GEOTOP Research Centre, Canada
CA	Canada		A00895	U Montreal	University of Montreal, Canada
CA	Canada	A00895	A00896	Dep Phy	University of Montreal, Department of Physics
CA	Canada	A00895	A00897	Ctr Res Math	University of Montreal, Centre for Research in Mathematics
CA	Canada	A00895	A11729	CRAQ	Centre for Research in Astrophysics of Quebec
CA	Canada	A00895	A11746	Dep Ast	University of Montreal, Department of Astronomy
CA	Canada	A00895	A13034	GEOTOP	GEOTOP Research Centre, Canada
CA	Canada		A00898	U Quebec	University of Quebec, Canada
CA	Canada	A00898	A00899	Rimouski	University of Quebec, Rimouski
CA	Canada	A00898	A00900	Chicoutimi	University of Quebec, Chicoutimi
CA	Canada	A00898	A00901	UQAM	University of Quebec, Montreal
CA	Canada	A00898	A00902	UQTR	University of Quebec, Trois Rivieres
CA	Canada	A00898	A00903	INRS	National Institute for Scientific Research, Canada
CA	Canada	A00898	A05797	ETS	University of Quebec, Ecole de Technologie Superieure, Canada
CA	Canada	A00898	A13034	GEOTOP	GEOTOP Research Centre, Canada
US	United States		A00904	St Marys Coll	Saint Marys College, California
US	United States		A00905	Concordia Coll	Concordia College, Minnesota
US	United States		A00906	Morehead St U	Morehead State University, Kentucky
US	United States		A00907	W Virginia U	West Virginia University
US	United States	A00907	A06171	WVIT	West Virginia Institute of Technology
US	United States		A00908	U MN Twin Cities	University of Minnesota, Twin Cities
US	United States	A00908	A00909	Sch Phy Ast	University of Minnesota, School of Physics and Astronomy
US	United States	A00908	A00910	Dep Ear Sci	University of Minnesota, Department of Earth Sciences
US	United States	A00908	A11021	Dep Geo Geop	University of Minnesota, Department of Geology and Geophysics
US	United States		A00911	U Idaho	University of Idaho
US	United States	A00911	A00912	Boise	University of Idaho, Boise
US	United States		A00913	Monterey Bay ARI	Monterey Bay Aquarium Research Institute, California
US	United States		A00914	Cen MI U	Central Michigan University
US	United States		A00915	Cornell Coll	Cornell College, Iowa
US	United States		A00916	Berry Coll	Berry College, Georgia
US	United States		A00917	Ball St U	Ball State University, Indiana
AU	Australia		A00918	Murdoch U	Murdoch University, Australia
AU	Australia	A00918	A11642	CEAMS	Centre of Excellence in Antimatter-Matter Studies
US	United States		A00919	Murray St U	Murray State University, Kentucky
US	United States		A00920	SF Austin St U	Stephen F Austin State University, Texas
US	United States		A00921	Fisk U	Fisk University, Tennessee
US	United States		A00922	TN St U	Tennessee State University
US	United States		A00923	Vanderbilt U	Vanderbilt University, Tennessee
US	United States	A00923	A11017	Dep Phy Ast	Vanderbilt University, Department of Physics and Astronomy
US	United States	A00923	A11018	Dyer Obs	Vanderbilt University, Dyer Observatory
AU	Australia		A00924	Griffith U	Griffith University, Australia
AU	Australia	A00924	A11642	CEAMS	Centre of Excellence in Antimatter-Matter Studies
AU	Australia	A00924	A11720	CQC2T	Centre for Quantum Computation and Communication Technology
US	United States		A00925	Yale U	Yale University, Connecticut
US	United States	A00925	A00926	Dep Geo Geop	Yale University, Department of Geology and Geophysics
US	United States	A00925	A00927	Dep Chem	Yale University, Department of Chemistry
US	United States	A00925	A00928	Dep Ast	Yale University, Department of Astronomy
US	United States	A00925	A00929	Dep App Phy	Yale University, Department of Applied Physics
US	United States	A00925	A00930	Dep Phy	Yale University, Department of Physics
US	United States	A00925	A05767	Sch Eng App Sci	Yale University, School of Engineering and Applied Science
US	United States	A00925	A05768	Sch For Env St	Yale University, School of Forestry and Environmental Studies
US	United States	A00925	A05769	Sch Med	Yale University, School of Medicine
AR	Argentina	A00925	A11708	Sthrn Obs	Yale Southern Observatory
US	United States		A00931	Connecticut Coll	Connecticut College
US	United States		A00932	U N AL	University of North Alabama
US	United States		A00933	LSU	Louisiana State University
US	United States	A00933	A00934	Dep Phy Ast	Louisiana State University, Department of Physics and Astronomy
US	United States	A00933	A11101	Dep Geo Geop	Louisiana State University, Department of Geology and Geophysics
US	United States	A00933	A11207	LIGO Livingston	LIGO Livingston Observatory, Louisiana
US	United States		A00935	Loyola U New Orleans	Loyola University New Orleans
US	United States		A00936	Sthrn U New Orleans	Southern University New Orleans
US	United States		A00937	Tulane U	Tulane University, Louisiana
US	United States		A00938	U New Orleans	University of New Orleans, Louisiana
US	United States		A00939	Iona Coll	Iona College, New York
US	United States		A00940	Westminster Coll PA	Westminster College, Pennsylvania
US	United States		A00941	Columbia U	Columbia University, New York
US	United States	A00941	A00942	Dep Phy	Columbia University, Department of Physics
US	United States	A00941	A00943	Dep Ast Astrop	Columbia University, Department of Astronomy and Astrophysics
US	United States	A00941	A00944	Dep Chem	Columbia University, Department of Chemistry
US	United States	A00941	A00945	Dep Ear Sci	Columbia University, Department of Earth Sciences
US	United States	A00941	A00946	LDEO	Lamont-Doherty Earth Observatory
US	United States	A00941	A00947	Barnard Coll	Barnard College
US	United States	A00941	A00948	GISS	Goddard Institute for Space Studies
US	United States	A00941	A06038	NYPSI	New York State Psychiatric Institute
US	United States	A00941	A11159	CBA	Center for Backyard Astronomy
US	United States		A00949	MMC	Marymount Manhattan College, New York
US	United States		A00950	Niagara U	Niagara University, New York
US	United States		A00951	NYU	New York University
US	United States	A00951	A00952	Abu Dhabi	New York University, Abu Dhabi
US	United States	A00951	A00953	Poly Inst	New York University Polytechnic Institute
US	United States	A00951	A00954	Courant Inst	New York University, Courant Institute of Mathematical Sciences
US	United States	A00951	A11028	Dep Phys/CCPP	New York University, Department of Physics/CCPP
US	United States		A00955	US Steel	United States Steel Corporation
US	United States		A00956	Cornell U	Cornell University, New York
US	United States	A00956	A00957	Medical Coll	Cornell University Medical College
US	United States	A00956	A00958	Sch App Phy	Cornell University, School of Applied Physics
US	United States	A00956	A00959	Dep Chem	Cornell University, Department of Chemistry
US	United States	A00956	A00960	Dep Ast/CRSR	Cornell University, Department of Astronomy/Center for Radiophysics and Space Research
US	United States	A00956	A00961	Dep Phy	Cornell University, Department of Physics
US	United States	A00956	A00962	Dep Comp Sci	Cornell University, Department of Computer Science
US	United States	A00956	A00963	CHESS	Cornell University, High Energy Synchrotron Source
US	United States	A00956	A00964	Dep Ear Atm Sci	Cornell University, Department of Earth and Atmospheric Sciences
US	United States	A00956	A00966	Sch Eng	Cornell University, School of Engineering
US	United States	A00956	A01804	Arecibo	Arecibo Observatory
AU	Australia	A00956	A11679	Cornell Sydney U	Cornell Sydney University
US	United States		A00967	Fordham U	Fordham University, New York
US	United States		A00968	New Sch U	New School University, New York
US	United States		A00969	Rockefeller U	Rockefeller University, New York
US	United States		A00970	GTE	GTE Sylvania Inc.
US	United States		A00971	AMNH	American Museum of Natural History, New York
US	United States		A00972	NJIT	New Jersey Institute of Technology
US	United States	A00972	A11037	Big Bear Sol Obs	Big Bear Solar Observatory
US	United States	A00972	A11038	Ctr Sol Terr Res	NJIT, Center for Solar Terrestrial Research
US	United States	A00972	A11039	Dep Phy	NJIT, Department of Physics
US	United States		A00973	Rutgers U	Rutgers University, New Jersey
US	United States	A00973	A00974	Dep Ear Plan Sci	Rutgers University, Department of Earth and Planetary Sciences
US	United States	A00973	A00975	Dep Phy Ast	Rutgers University, Department of Physics and Astronomy
US	United States	A00973	A06072	UMDNJ	University of Medicine and Dentistry of New Jersey
US	United States		A00976	U Delaware	University of Delaware
US	United States	A00976	A00977	Bartol Res Inst	University of Delaware, Bartol Research Institute
US	United States	A00976	A05710	Dep Phy Ast	University of Delaware, Department of Physics and Astronomy
AU	Australia		A00978	U Newcastle	University of Newcastle, Australia
AU	Australia	A00978	A00979	Sch Math Phy Sci	University of Newcastle, School of Mathematical and Physical Sciences
GB	United Kingdom		A00980	Newcastle U	Newcastle University Upon Tyne, UK
GB	United Kingdom	A00980	A00981	Dep Math	Newcastle University Upon Tyne, Department of Mathematics
GB	United Kingdom	A00980	A11764	Dep Phy	Newcastle University Upon Tyne, Department of Physics
GB	United Kingdom		A00982	Northumbria U	Northumbria University, UK
US	United States		A00983	Chr Newport U	Christopher Newport University, Virginia
US	United States		A00984	BC	Boston College, Massachusetts
US	United States	A00984	A00985	Weston Obs	Boston College, Weston Observatory
US	United States	A00984	A00986	Dep Geo Geop	Boston College, Department of Geology and Geophysics
US	United States	A00984	A00987	Dep Chem	Boston College, Department of Chemistry
US	United States	A00984	A11000	Dep Phy	Boston College, Department of Physics
US	United States	A00984	A11001	Dep Ear Env Stud	Boston College, Department of Earth and Environmental Studies
US	United States	A00984	A11002	Inst Sci Res	Boston College, Institute for Scientific Research
US	United States		A00988	BCCC	Bucks County Community College, Pennsylvania
NL	Netherlands		A00989	Radboud U Nijmegen	Radboud University Nijmegen, Netherlands
NL	Netherlands	A00989	A00990	Dep Ast Phy	Radboud University Nijmegen, Department of Astronomy and Physics
US	United States		A00991	Norfolk St U	Norfolk State University, Virginia
US	United States		A00992	Old Dominion U	Old Dominion University, Virginia
US	United States		A00993	AL A&M U	Alabama A&M University
US	United States		A00994	IL St U Normal	Illinois State University, Normal
GB	United Kingdom		A00995	U Northampton	University of Northampton, UK
US	United States		A00996	Smith Coll	Smith College, Massachusetts
US	United States	A00996	A06602	FCAD	Five College Astronony Department
US	United States	A00996	A11027	FCRAO	Five College Radio Astronomy Observatory
US	United States		A00997	Norwich U	Norwich University, Vermont
US	United States		A00998	Carleton Coll	Carleton College, Minnesota
US	United States		A00999	St Olaf Coll	Saint Olaf College, Minnesota
US	United States		A01000	Wheaton Coll MA	Wheaton College, Massachusetts
GB	United Kingdom		A01001	U E Anglia	University of East Anglia, UK
US	United States		A01002	U Notre Dame	University of Notre Dame, Indiana
US	United States	A01002	A11092	Dep Phy	University of Notre Dame, Department of Physics
US	United States	A01002	A11093	Ctr Astrop	University of Notre Dame, Center for Astrophysics
US	United States	A01002	A11252	JINA	Joint Institute for Nuclear Astrophysics
GB	United Kingdom		A01003	Nottingham Trent U	Nottingham Trent University, UK
GB	United Kingdom		A01004	U Nottingham	University of Nottingham, UK
GB	United Kingdom	A01004	A01005	Sch Phy Ast	University of Nottingham, School of Physics and Astronomy
CN	China	A01004	A01006	Ningbo	University of Nottingham, Ningbo
MY	Malaysia	A01004	A01007	Malaysia	University of Nottingham, Malaysia
US	United States		A01008	ORNL	Oak Ridge National Laboratory, Tennessee
US	United States	A01008	A11053	Phy Div	Oak Ridge National Laboratory, Physics Division
US	United States		A01009	Oberlin Coll	Oberlin College, Ohio
DK	Denmark		A01010	SDU Odense	University of Southern Denmark, Odense
US	United States		A01011	TX Tech U	Texas Technological University
US	United States		A01012	Weber St U	Weber State University, Utah
US	United States		A01013	U OK Oklahoma City	University of Oklahoma, Oklahoma City
US	United States		A01014	U OK Norman	University of Oklahoma, Norman
US	United States	A01014	A01206	CIMMS	Cooperative Institute for Mesoscale Meteorological Studies
US	United States	A01014	A05862	Sch Metr	University of Oklahoma, School of Meteorology
US	United States	A01014	A11112	Dep Phy Ast	University of Oklahoma, Department of Physics and Astronomy
US	United States		A01016	NY Inst Tech	New York Institute of Technology
US	United States		A01017	Creighton U	Creighton University, Nebraska
US	United States		A01018	Hartwick Coll	Hartwick College, New York
CA	Canada		A01019	U W Ontario	University of Western Ontario, Canada
CA	Canada	A01019	A11740	Dep Phy Ast	University of Western Ontario, Department of Physics and Astronomy
CA	Canada	A01019	A11741	Dep Ear Sci	University of Western Ontario, Department of Earth Sciences
US	United States		A01020	Chapman U	Chapman University, California
US	United States		A01021	Lamar U	Lamar University, Texas
US	United States		A01022	SC St U	South Carolina State University
SE	Sweden		A01023	Orebro U	Orebro University, Sweden
US	United States		A01024	UT Vall U	Utah Valley University
US	United States		A01025	U Cen FL	University of Central Florida
US	United States	A01025	A01804	Arecibo	Arecibo Observatory
US	United States	A01025	A11056	Dep Phy	University of Central Florida, Department of Physics
US	United States	A01025	A11057	Coll Opt Phot	University of Central Florida, College of Optics and Photonics
JP	Japan		A01029	Panasonic Elec Ind	Panasonic Electric Industrial Corporation
NO	Norway		A01030	U Oslo	University of Oslo, Norway
NO	Norway	A01030	A01031	Dep Chem	University of Oslo, Department of Chemistry
NO	Norway	A01030	A01032	ESST	Society Science and Technology in Europe Program
NO	Norway	A01030	A01033	Dep Phy	University of Oslo, Department of Physics
NO	Norway	A01030	A01034	Ctr Cli Env Res	University of Oslo, Center for Climate and Environmental Research
NO	Norway	A01030	A01035	Dep Geos	University of Oslo, Department of Geosciences
NO	Norway	A01030	A11298	Inst Theo Astrop	University of Oslo, Institute of Theoretical Astrophysics
NO	Norway	A01030	A13054	CEED	University of Oslo, Center for Earth Evolution and Dynamics
SE	Sweden		A01036	Mid Sweden U	Mid Sweden University
CA	Canada		A01037	Can Dep Natl Def	Canada Department of National Defense
CA	Canada	A01037	A01038	Def Res Dev Can	Defense Research and Development Canada
CA	Canada	A01037	A01039	Ryl Mil Coll Can	Royal Military College of Canada
CA	Canada		A01040	Nat Res Can	Natural Resources Canada
CA	Canada	A01040	A01041	GSCQ	Geological Survey of Canada Quebec
CA	Canada	A01040	A01042	Dep Ear Sci	Natural Resources Canada, Department of Earth Sciences
CA	Canada	A01040	A01043	GSCC	Geological Survey of Canada Calgary
CA	Canada	A01040	A01044	GSCA	Geological Survey of Canada Atlantic
CA	Canada	A01040	A01045	GSCP	Geological Survey of Canada Pacific
CA	Canada	A01040	A11281	GSCO	Geological Survey of Canada Ottawa
CA	Canada	A01040	A11753	Ctr Inld Waters	Canada Centre for Inland Waters
CA	Canada		A01046	Carleton U	Carleton University, Canada
CA	Canada	A01046	A06709	OCIP	Ottawa-Carleton Institute for Physics, Canada
CA	Canada		A01047	Can DFO	Canadian Department of Fisheries and Oceans
CA	Canada	A01047	A01048	Quebec	Department of Fisheries and Oceans, Maurice Lamontagne Institute, Quebec
CA	Canada	A01047	A01049	Pac	Department of Fisheries and Oceans, Pacific Region
CA	Canada	A01047	A01050	Atl	Department of Fisheries and Oceans, Atlantic Region
CA	Canada	A01047	A01051	Cen	Department of Fisheries and Oceans, Central Region
CA	Canada	A01047	A01052	Gulf	Department of Fisheries and Oceans, Gulf Region
CA	Canada		A01053	Env Can	Environment Canada
CA	Canada	A01053	A01054	Met Svc Can	Meteorological Service of Canada
CA	Canada	A01053	A01055	NWRI Can	National Water Research Institute, Canada
CA	Canada	A01053	A11753	Ctr Inld Waters	Canada Centre for Inland Waters
CA	Canada		A01056	Intl Dev Res Ctr	International Development Research Centre
SN	Senegal	A01056	A01057	Senegal	International Development Research Centre, Senegal
CA	Canada		A01058	NRC Can	National Research Council, Canada
CA	Canada	A01058	A01059	TRIUMF	TRIUMF
CA	Canada	A01058	A01060	HIA	Herzberg Institute for Astronomy and Astrophysics
CA	Canada	A01058	A01061	DRAO	Dominion Radio Astrophysical Observatory
CA	Canada		A01062	U Ottawa	University of Ottawa, Canada
CA	Canada	A01062	A01063	Dep Ear Sci	University of Ottawa, Department of Earth Sciences
CA	Canada	A01062	A01064	Dep Phy	University of Ottawa, Department of Physics
CA	Canada	A01062	A06709	OCIP	Ottawa-Carleton Institute for Physics, Canada
FI	Finland		A01065	U Oulu	University of Oulu, Finland
FI	Finland	A01065	A13001	Dep Phy	University of Oulu, Department of Physics
FI	Finland	A01065	A13002	Div Ast	University of Oulu, Division of Astronomy
FI	Finland	A01065	A13004	Sodankyla Geop Obs	Sodankyla Geophysical Observatory
GB	United Kingdom		A01066	Oxford Brookes U	Oxford Brookes University, UK
GB	United Kingdom		A01067	U Oxford	University of Oxford, UK
GB	United Kingdom	A01067	A01068	Dep Phy	University of Oxford, Department of Physics
GB	United Kingdom	A01067	A01069	Brasenose Coll	University of Oxford Brasenose College
GB	United Kingdom	A01067	A01070	Magdalen Coll	University of Oxford Magdalen College
GB	United Kingdom	A01067	A01071	Merton Coll	University of Oxford Merton College
GB	United Kingdom	A01067	A01072	St Catherines Coll	University of Oxford Saint Catherines College
GB	United Kingdom	A01067	A01073	St Johns Coll	University of Oxford Saint Johns College
GB	United Kingdom	A01067	A01074	Trinity Coll	University of Oxford Trinity College
GB	United Kingdom	A01067	A01075	U Coll	University of Oxford University College Oxford
GB	United Kingdom	A01067	A01076	Wadham Coll	University of Oxford Wadham College
GB	United Kingdom	A01067	A01077	Wolfson Coll	University of Oxford Wolfson College
GB	United Kingdom	A01067	A01078	Math Inst	University of Oxford, Mathematical Institute
GB	United Kingdom	A01067	A01079	Dep Ear Sci	University of Oxford, Department of Earth Sciences
GB	United Kingdom	A01067	A01080	Dep Eng	University of Oxford, Department of Engineering
GB	United Kingdom	A01067	A11759	Dep Astrop	University of Oxford, Department of Astrophysics
US	United States		A01081	Miami U	Miami University, Ohio
GB	United Kingdom		A01082	U W Scotland	University of the West of Scotland
NZ	New Zealand		A01083	Massey U	Massey University, New Zealand
US	United States		A01084	HP	Hewlett Packard Ltd
US	United States	A01084	A06819	DEC	Digital Equipment Corporation
US	United States		A01085	Stanford U	Stanford University, California
US	United States	A01085	A01086	Sch Ear Sci	Stanford University, School of Earth Sciences
US	United States	A01085	A01087	SLAC	Stanford Linear Accelerator Center
US	United States	A01085	A01088	Dep Aero Astnau	Stanford University, Department of Aeronautics and Astronautics
US	United States	A01085	A01089	Dep App Phy	Stanford University, Department of Applied Physics
US	United States	A01085	A01090	Dep Chem	Stanford University, Department of Chemistry
US	United States	A01085	A01091	Dep Elect Eng	Stanford University, Department of Electrical Engineering
US	United States	A01085	A01092	Dep Geo Env Sci	Stanford University, Department of Geological and Environmental Sciences
US	United States	A01085	A06599	KIPAC	Kavli Institute for Particle Astrophysics and Cosmology, California
US	United States	A01085	A11203	Dep Ast	Stanford University, Department of Astronomy
US	United States	A01085	A11204	Dep Phy	Stanford University, Department of Physics
US	United States	A01085	A11205	Dep Geop	Stanford University, Department of Geophysics
IT	Italy	A01085	A11417	ICRA	International Center for Relativistic Astrophysics
US	United States		A01093	Caltech	California Institute of Technology
US	United States	A01093	A01094	Div Chem	California Institute of Technology, Division of Chemistry and Chemical Engineering
US	United States	A01093	A01095	Div Geo Plan Sci	California Institute of Technology, Division of Geological and Planetary Sciences
US	United States	A01093	A01097	IPAC	Infrared Processing and Analysis Center
US	United States	A01093	A01098	Div Phy Math Ast	California Institute of Technology, Division of Physics, Mathematics and Astronomy
US	United States	A01093	A01099	JPL	Jet Propulsion Laboratory
US	United States	A01093	A01803	LIGO Hanford Obs	LIGO Hanford Observatory
US	United States	A01093	A11037	Big Bear Sol Obs	Big Bear Solar Observatory
US	United States	A01093	A11207	LIGO Livingston	LIGO Livingston Observatory, Louisiana
US	United States	A01093	A11208	Obs	California Institute of Technology, Observatories
US	United States	A01093	A11209	OVRO	California Institute of Technology, Owens Valley Radio Observatory
US	United States	A01093	A11210	LIGO Lab	California Institute of Technology, LIGO Laboratory
AU	Australia		A01100	U West Sydney	University of Western Sydney, Australia
US	United States		A01101	U W FL	University of West Florida
US	United States		A01102	Bradley U	Bradley University, Illinois
AU	Australia		A01103	West Austr Mus	Western Australian Museum
CA	Canada		A01104	Trent U	Trent University, Canada
US	United States		A01105	Drexel U	Drexel University, Pennsylvania
US	United States		A01106	Temple U	Temple University, Pennsylvania
US	United States		A01107	U Penn	University of Pennsylvania
US	United States	A01107	A01108	Dep Chem	University of Pennsylvania, Department of Chemistry
US	United States	A01107	A11007	Dep Ast	University of Pennsylvania, Department of Astronomy
US	United States	A01107	A11008	Ctr Part Cosmo	University of Pennsylvania, Center for Particle Cosmology
US	United States	A01107	A11009	Dep Phy	University of Pennsylvania, Department of Physics
US	United States	A01107	A13098	LRSM	University of Pennsylvania, Laboratory for Research on the Structure of Matter
US	United States		A01109	Pittsburg St	Pittsburg State University, Kansas
US	United States		A01110	La Roche Coll	La Roche College, Pennsylvania
US	United States		A01111	CMU	Carnegie Mellon University, Pennsylvania
QA	Qatar	A01111	A01112	Qatar	Carnegie Mellon University, Qatar
US	United States	A01111	A11088	Dep Phy	Carnegie Mellon University, Department of Physics
US	United States		A01113	Duquesne U	Duquesne University, Pennsylvania
US	United States		A01114	U Pittsburgh	University of Pittsburgh, Pennsylvania
US	United States	A01114	A01115	Dep Phy Ast	University of Pittsburgh, Department of Physics and Astronomy
US	United States	A01114	A11084	Allegheny Obs	University of Pittsburgh, Allegheny Observatory
US	United States	A01114	A11086	Dep Geo Plan Sci	University of Pittsburgh, Department of Geology and Planetary Sciences
GB	United Kingdom		A01116	U Plymouth	University of Plymouth, UK
US	United States		A01117	Idaho St	Idaho State University
US	United States	A01117	A01118	Boise	Idaho State University, Boise
GB	United Kingdom		A01119	U Glamorgan	University of Glamorgan, UK
GB	United Kingdom		A01120	Bournemouth U	Bournemouth University, UK
US	United States		A01121	Estrn NM U	Eastern New Mexico University
US	United States		A01122	Lewis Clark Coll	Lewis and Clark College, Oregon
US	United States		A01123	OR Health Sci U	Oregon Health and Science University
US	United States		A01124	Portland St U	Portland State University, Oregon
US	United States		A01125	Reed Coll	Reed College, Oregon
GB	United Kingdom		A01127	U Portsmouth	University of Portsmouth, UK
GB	United Kingdom	A01127	A01128	Inst Cosmo Grav	University of Portsmouth, Institute of Cosmology and Gravitation
GB	United Kingdom	A01127	A11768	SEPnet	South East Physics Network
US	United States		A01129	Clarkson U	Clarkson University, New York
US	United States		A01130	Vassar Coll	Vassar College, New York
US	United States		A01131	Prairie View A&M U	Prairie View A&M University, Texas
GB	United Kingdom		A01132	U Cen Lancashire	University of Central Lancashire, UK
GB	United Kingdom	A01132	A11758	Ctr Astrop	University of Central Lancashire, Centre for Astrophysics
CA	Canada		A01133	U Nrthn BC	University of Northern British Columbia, Canada
US	United States		A01134	Princeton IAS	Princeton Institute for Advanced Study, New Jersey
US	United States		A01135	Princeton U	Princeton University, New Jersey
US	United States	A01135	A01136	Dep Geos	Princeton University, Department of Geosciences
US	United States	A01135	A01137	Dep Chem	Princeton University, Department of Chemistry
US	United States	A01135	A01138	PPPL	Princeton Plasma Physics Laboratory
US	United States	A01135	A01139	Sch Eng	Princeton University, School of Engineering and Applied Science
US	United States	A01135	A01140	Dep Ast Sci	Princeton University, Department of Astrophysical Sciences
US	United States	A01135	A06188	GFDL	Geophysical Fluid Dynamics Laboratory
US	United States	A01135	A11023	Dep Phy	Princeton University, Department of Physics
US	United States		A01141	Brown U	Brown University, Rhode Island
US	United States	A01141	A01142	Dep Geo Sci	Brown University, Department of Geological Sciences
US	United States	A01141	A11016	Dep Phy	Brown University, Department of Physics
US	United States		A01143	BYU	Brigham Young University, Utah
US	United States	A01143	A01144	HI	Brigham Young University, Hawaii
US	United States	A01143	A01145	Idaho	Brigham Young University, Idaho
US	United States	A01143	A11158	Dep Phy Ast	Brigham Young University, Department of Physics and Astronomy
US	United States		A01146	WA St U	Washington State University
US	United States	A01146	A01147	Dep Phy Ast	Washington State University, Department of Physics and Astronomy
US	United States	A01146	A01148	Tri Cities	Washington State University, Tri Cities
US	United States	A01146	A11187	Sch Ear Env Sci	Washington State University, School of Earth and Environmental Sciences
US	United States		A01149	NCSU	North Carolina State University
US	United States	A01149	A11040	TUNL	Triangle Universities Nuclear Laboratory
US	United States	A01149	A11042	Dep Phy	North Carolina State University, Department of Physics
US	United States	A01149	A13058	CICS	Cooperative Institute for Climate and Satellites
US	United States		A01150	SD Sch Mines Tech	South Dakota School of Mines and Technology
GB	United Kingdom		A01151	ECMWF	European Centre for Medium Range Weather Forecasts, UK
GB	United Kingdom		A01152	U Reading	University of Reading, UK
GB	United Kingdom	A01152	A01153	Sch Math Phy Sci	University of Reading, School of Mathematical and Physical Sciences
GB	United Kingdom	A01152	A01154	Dep Metr	University of Reading, Department of Meteorology
US	United States		A01155	Albright Coll	Albright College, Pennsylvania
US	United States		A01156	U Redlands	University of Redlands, California
CA	Canada		A01157	U Regina	University of Regina, Canada
US	United States		A01158	U NV	University of Nevada System
US	United States	A01158	A01159	UNLV	University of Nevada, Las Vegas
US	United States	A01158	A01160	Reno	University of Nevada, Reno
US	United States	A01158	A11177	DRI	Desert Research Institute
US	United States		A01161	Estrn KY U	Eastern Kentucky University
US	United States		A01162	U Richmond	University of Richmond, Virginia
US	United States		A01163	VA Comm U	Virginia Commonwealth University
US	United States		A01164	Oakland U	Oakland University, Michigan
US	United States		A01165	RIT	Rochester Institute of Technology, New York
US	United States	A01165	A01166	Sch Phy Ast	RIT, School of Physics and Astronomy
US	United States		A01167	St John Fisher Coll	Saint John Fisher College, New York
US	United States		A01168	U Rochester	University of Rochester, New York
US	United States	A01168	A11026	Dep Phy Ast	University of Rochester, Department of Physics and Astronomy
US	United States		A01169	Rosemont Coll	Rosemont College, Pennsylvania
DK	Denmark		A01170	Roskilde U	Roskilde University, Denmark
US	United States		A01171	AR Tech	Arkansas Technical University, Arkansas
CA	Canada		A01172	Mt Allison Can	Mount Allison University, Canada
US	United States		A01173	Roanoke Coll	Roanoke College, Virginia
US	United States		A01174	Salem St U	Salem State University, Massachusetts
GB	United Kingdom		A01175	U Salford	University of Salford, UK
US	United States		A01176	U UT	University of Utah
US	United States	A01176	A01177	Dep Geo Geop	University of Utah, Department of Geology and Geophysics
US	United States	A01176	A11157	Dep Phy Ast	University of Utah, Department of Physics and Astronomy
US	United States		A01178	U TX	University of Texas System
US	United States		A01179	SwRI	Southwest Research Institute, Texas
US	United States	A01179	A01180	Boulder	Southwest Research Institute, Boulder
US	United States		A01181	Trinity U Tx	Trinity University, San Antonio, Texas
US	United States		A01182	U San Diego	University of San Diego, California
US	United States		A01183	TX St U San Marcos	Texas State University San Marcos
US	United States		A01184	Chevron	Chevron Oil Corporation
MX	Mexico		A01185	UNAM	National Autonomous University of Mexico
MX	Mexico	A01185	A01186	Inst Ast	UNAM, Institute of Astronomy
MX	Mexico	A01185	A01187	Inst Geop	UNAM, Institute of Geophysics
MX	Mexico	A01185	A01188	Inst Geo	UNAM, Institute of Geology
MX	Mexico	A01185	A01189	IIM	UNAM, Instituto de Investigaciones en Materiales
MX	Mexico	A01185	A01190	Ctr Geos	UNAM, Center for Geosciences
MX	Mexico	A01185	A01191	Ctr Atm Sci	UNAM, Center for Atmospheric Sciences
MX	Mexico	A01185	A01192	NAO San Pedro Martir	UNAM, National Astronomical Observatory, San Pedro Martir
MX	Mexico	A01185	A01193	CIGA	UNAM, Center of Environmental Geography
MX	Mexico	A01185	A01194	Ctr RadAst Astrop	UNAM, Center for Radioastronomy and Astrophysics
MX	Mexico	A01185	A01195	Inst Phy Sci	UNAM, Institute of Physical Sciences
MX	Mexico	A01185	A01196	Inst Phy	UNAM, Institute of Physics
MX	Mexico	A01185	A01197	Inst Nuc Sci	UNAM, Institute of Nuclear Sciences
MX	Mexico	A01185	A01198	Inst Mar Sci	UNAM, Institute of Marine Sciences and Limnology
MX	Mexico	A01185	A06645	Inst Chem	UNAM, Institute of Chemistry
US	United States		A01199	Intel	Intel Corporation
US	United States		A01200	NOAA	National Oceanic and Atmospheric Administration, Washington
US	United States	A01200	A01201	NCEI	National Centers for Environmental Information
US	United States	A01200	A01202	NESDIS	NOAA Center for Satellite Applications and Research
US	United States	A01200	A01203	CIRES	Cooperative Institute for Research in Environmental Sciences
US	United States	A01200	A01204	Atm Res	NOAA Office of Oceanic and Atmospheric Research
US	United States	A01200	A01205	Natl Geod Surv	NOAA National Geodetic Survey
US	United States	A01200	A01206	CIMMS	Cooperative Institute for Mesoscale Meteorological Studies
US	United States	A01200	A01208	AK Fish Ctr	NOAA, Alaska Fisheries Science Center
US	United States	A01200	A01209	SWFSC	NOAA, Southwest Fisheries Science Center
US	United States	A01200	A01210	GLERL	NOAA, Great Lakes Environmental Research Laboratory
US	United States	A01200	A01211	Atl Oc Met Lab	NOAA, Atlantic Oceanographic and Meteorological Laboratory
US	United States	A01200	A01220	JISAO	Joint Institute for the Study of the Atmosphere and Ocean
US	United States	A01200	A05864	NWC	NOAA, National Weather Center
US	United States	A01200	A06188	GFDL	Geophysical Fluid Dynamics Laboratory
US	United States	A01200	A11153	Boulder	National Oceanic and Atmospheric Administration, Boulder
US	United States	A01200	A11805	Pac Mar Env Lab	NOAA Pacific Marine Environmental Laboratory
US	United States	A01200	A13037	CIRA	Cooperative Institute for Research in the Atmosphere
US	United States	A01200	A13058	CICS	Cooperative Institute for Climate and Satellites
US	United States	A01200	A13059	ESSIC	Earth System Science Interdisciplinary Center
US	United States	A01200	A13069	CIMSS	Cooperative Institute for Meteorological Satellite Studies
US	United States		A01212	Santa Fe Inst	Santa Fe Institute, New Mexico
US	United States		A01213	Skidmore Coll	Skidmore College, New York
CA	Canada		A01214	U Saskatchewan	University of Saskatchewan, Canada
CA	Canada	A01214	A11735	ISAS	University of Saskatchewan, Institute of Space and Atmospheric Studies
CA	Canada	A01214	A11736	Dep Phy	University of Saskatchewan, Department of Physics
US	United States		A01215	Motorola	Motorola Inc.
US	United States		A01216	Union Coll	Union College, New York
US	United States		A01217	U Scranton	University of Scranton, Pennsylvania
US	United States		A01218	U WA	University of Washington, Seattle
US	United States	A01218	A01219	U WA/USGS Sch Ocgy	University of Washington, USGS School of Oceanography
US	United States	A01218	A01220	JISAO	Joint Institute for the Study of the Atmosphere and Ocean
US	United States	A01218	A01221	Dep Phy	University of Washington, Department of Physics
US	United States	A01218	A01222	Dep Ast	University of Washington, Department of Astronomy
US	United States	A01218	A01223	Dep Ear Sp Sci	University of Washington, Department of Earth and Space Sciences
US	United States	A01218	A11186	Dep Atm Sci Geop	University of Washington, Department of Atmospheric Sciences and Geophysics
US	United States	A01218	A11252	JINA	Joint Institute for Nuclear Astrophysics
US	United States		A01224	U WA Tacoma	University of Washington, Tacoma
US	United States		A01225	U WA Bothell	University of Washington, Bothell
US	United States		A01226	Susquehanna U	Susquehanna University, Pennsylvania
US	United States		A01227	TX Lutheran	Texas Lutheran University
GB	United Kingdom		A01228	Sheffield Hallam U	Sheffield Hallam University, UK
GB	United Kingdom		A01229	U Sheffield	University of Sheffield, UK
GB	United Kingdom	A01229	A01230	ACSE	University of Sheffield, Department of Automatic Control and Systems Engineering
GB	United Kingdom	A01229	A01231	Dep Phy Ast	University of Sheffield, Department of Physics and Astronomy
CA	Canada		A01232	Sherbrooke U	University of Sherbrooke, Canada
US	United States		A01233	Austin Coll	Austin College, Texas
US	United States		A01234	Centenary Coll	Centenary College, Louisiana
US	United States		A01235	John Brown U	John Brown University, Arkansas
US	United States		A01236	NM Inst Min Tech	New Mexico Institute of Mining and Technology
US	United States	A01236	A11174	Dep Phy	New Mexico Institute of Mining and Technology, Department of Physics
US	United States		A01237	Mt Holyoke Coll	Mount Holyoke College, Massachusetts
US	United States	A01237	A06602	FCAD	Five College Astronomy Department
US	United States	A01237	A11027	FCRAO	Five College Radio Astronomy Observatory
GB	United Kingdom		A01238	U Southampton	University of Southampton, UK
GB	United Kingdom	A01238	A01239	Sch Oc Ear Sci	University of Southampton, School of Ocean and Earth Science
GB	United Kingdom	A01238	A01240	Sch Phy Ast	University of Southampton, School of Physics and Astronomy
GB	United Kingdom	A01238	A01241	Aero Astnau	University of Southampton, Aeronautics and Astronautics
GB	United Kingdom	A01238	A01300	Natl Ocgy Ctr	National Oceanography Centre, UK
GB	United Kingdom	A01238	A11768	SEPnet	South East Physics Network
US	United States		A01243	Missouri St U	Missouri State University
US	United States	A01243	A11103	Dep Phy Ast	Missouri State University, Department of Physics and Astronomy
US	United States		A01244	W New England U	Western New England University
US	United States		A01245	Wittenberg U	Wittenberg University, Ohio
GB	United Kingdom		A01246	St Andrews U	Saint Andrews University, UK
GB	United Kingdom	A01246	A01247	Sch Math Stat	Saint Andrews University, School of Mathematics and Statistics
GB	United Kingdom	A01246	A01248	Sch Phy Ast	Saint Andrews University, School of Physics and Astronomy
GB	United Kingdom	A01246	A11755	SUPA	Scottish Universities Physics Alliance
CA	Canada		A01249	Brock U	Brock University, Canada
US	United States		A01250	Estrn U	Eastern University, Pennsylvania
US	United States		A01251	Coll St Ben St Johns	College of Saint Benedict and Saint Johns University, Minnesota
CA	Canada		A01252	Memorial U	Memorial University of Newfoundland, Canada
CA	Canada	A01252	A11748	Dep Ear Sci	Memorial University of Newfoundland, Department of Earth Sciences
CA	Canada	A01252	A11749	Dep Phy	Memorial University of Newfoundland, Department of Physics
US	United States		A01253	St Louis U	Saint Louis University, Missouri
ES	Spain	A01253	A01254	Madrid	Saint Louis University, Madrid
US	United States		A01255	Wash U St Louis	Washington University in Saint Louis, Missouri
US	United States	A01255	A01256	Dep Ear Plan Sci	Washington University in Saint Louis, Department of Earth and Planetary Science
US	United States	A01255	A11102	Dep Phy	Washington University in Saint Louis, Department of Physics
US	United States		A01257	Webster U	Webster University, Missouri
US	United States		A01258	Hamline U	Hamline University, Minnesota
US	United States		A01259	Macalester Coll	Macalester College, Minnesota
US	United States		A01260	U St Thomas	University of Saint Thomas, Minnesota
US	United States		A01261	Gustavus Coll	Gustavus Adolphus College, Minnesota
US	United States		A01262	Eckerd Coll	Eckerd College, Florida
US	United States		A01263	Stetson U	Stetson University, Florida
US	United States		A01264	U Virgin Islands	University of the Virgin Islands
US	United States	A01264	A06776	Albert Sheen	University of the Virgin Islands, Albert Sheen Campus
US	United States		A01265	AR St U	Arkansas State University
US	United States		A01266	Georgia Sthrn U	Georgia Southern University
NO	Norway		A01267	Statoil ASA	Statoil ASA
US	United States		A01268	Oklahoma St U	Oklahoma State University
US	United States	A01268	A11120	Dep Phy	Oklahoma State University, Department of Physics
GB	United Kingdom		A01269	U Stirling	University of Stirling, UK
SE	Sweden		A01270	FOI	Swedish Defence Research Agency
SE	Sweden		A01271	Ryl Swedish Ac Sci	Royal Swedish Academy of Sciences
SE	Sweden		A01272	KTH Ryl Inst Tech	KTH, Royal Institute of Technology, Sweden
SE	Sweden	A01272	A01277	AlbaNova U Ctr	AlbaNova University Center
DK	Denmark	A01272	A01279	NORDITA	Nordic Institute for Theoretical Physics, Copenhagen
SE	Sweden	A01272	A05715	OKC	Oskar Klein Centre, Sweden
SE	Sweden	A01272	A13014	Dep Phy	KTH, Department of Physics, Sweden
SE	Sweden		A01275	Stockholm U	Stockholm University
SE	Sweden	A01275	A01276	Dep Ear Env Sci	Stockholm University, Department of Earth and Environmental Sciences
SE	Sweden	A01275	A01277	AlbaNova U Ctr	AlbaNova University Center
SE	Sweden	A01275	A01278	Dep Phy	Stockholm University, Department of Physics
DK	Denmark	A01275	A01279	NORDITA	Nordic Institute for Theoretical Physics, Copenhagen
SE	Sweden	A01275	A01280	Dep Geo Sci	Stockholm University, Department of Geological Sciences
SE	Sweden	A01275	A01281	Met Inst	Stockholm University, Meteorological Institute
SE	Sweden	A01275	A05715	OKC	Oskar Klein Centre, Sweden
SE	Sweden	A01275	A13010	Dep Ast	Stockholm University, Department of Astronomy
US	United States		A01282	U Pacific	University of the Pacific, California
GB	United Kingdom		A01283	Staffordshire U	Staffordshire University, UK
GB	United Kingdom		A01284	U Highlands Islands	University of the Highlands and Islands, UK
US	United States		A01285	United Tech	United Technologies Corporation, Connecticut
DE	Germany		A01286	Daimler	Daimler AG, Ltd
CA	Canada		A01287	Laurentian U	Laurentian University, Canada
GB	United Kingdom		A01288	U Sunderland	University of Sunderland, UK
GB	United Kingdom		A01289	U Coll Swansea	University College of Swansea, UK
US	United States		A01290	Swarthmore Coll	Swarthmore College, Pennsylvania
US	United States	A01290	A11087	Dep Phy Ast	Swarthmore College, Department of Physics and Astronomy
US	United States		A01291	Sweet Briar Coll	Sweet Briar College, Virginia
GB	United Kingdom		A01292	NERC	Natural Environment Research Council, UK
GB	United Kingdom	A01292	A01293	SAMS	Scottish Association for Marine Science
GB	United Kingdom	A01292	A01294	NCAS	National Centre for Atmospheric Science
GB	United Kingdom	A01292	A01295	Edinburgh	British Geological Survey, Edinburgh
GB	United Kingdom	A01292	A01296	NCEO	National Centre for Earth Observation
GB	United Kingdom	A01292	A01297	UK Geo Surv	British Geological Survey
GB	United Kingdom	A01292	A01298	UK Antarc Surv	British Antarctic Survey
GB	United Kingdom	A01292	A01299	Ctr Ecol Hydro	Centre for Ecology and Hydrology
GB	United Kingdom	A01292	A01300	Natl Ocgy Ctr	National Oceanography Centre, UK
GB	United Kingdom	A01292	A01301	Plymouth Mar Lab	Plymouth Marine Laboratory, UK
AU	Australia		A01302	Macquarie U	Macquarie University, Australia
AU	Australia	A01302	A01303	Dep Ear Plan Sci	Macquarie University, Department of Earth and Planetary Sciences
AU	Australia	A01302	A01304	Dep Phy Ast	Macquarie University, Department of Physics and Astronomy
AU	Australia	A01302	A06494	ASTRO 3D	Centre of Excellence for All Sky Astrophysics in 3D
AU	Australia	A01302	A11662	CCFS	Centre of Excellence for Core to Crust Fluid Systems
AU	Australia		A01305	U NSW	University of New South Wales, Australia
AU	Australia	A01305	A01306	UNSW@ADFA	UNSW@ADFA
AU	Australia	A01305	A01307	Inst Env Stud	University of New South Wales, Institute of Environmental Studies
AU	Australia	A01305	A06463	CLEX	Centre of Excellence for Climate Extremes
AU	Australia	A01305	A06494	ASTRO 3D	Centre of Excellence for All Sky Astrophysics in 3D
AU	Australia	A01305	A11663	Ctr Cli Change Res	University of New South Wales, Centre for Climate Change Research
AU	Australia	A01305	A11665	Dep Ast Opt	University of New South Wales, Department of Astrophysics and Optics
AU	Australia	A01305	A11667	Sch Phy	University of New South Wales, School of Physics
AU	Australia	A01305	A11705	CoECSS	Centre of Excellence for Climate System Science
AU	Australia	A01305	A11720	CQC2T	Centre for Quantum Computation and Communication Technology
US	United States		A01308	Le Moyne Coll	Le Moyne College, New York
US	United States		A01309	U Puget Sound	University of Puget Sound, Washington
US	United States		A01310	FL A&M U	Florida A&M University
US	United States		A01311	FL St U	Florida State University
US	United States	A01311	A11062	Dep Phy	Florida State University, Department of Physics
US	United States	A01311	A13056	Dep Atm Sci	Florida State University, Department of Earth, Ocean and Atmospheric Science
US	United States		A01312	U S FL	University of South Florida
US	United States	A01312	A01313	St Petersburg	University of South Florida, St Petersburg
US	United States	A01312	A11067	Mar Sci	University of South Florida, College of Marine Science
US	United States		A01314	U Tampa	University of Tampa, Florida
FI	Finland		A01315	Tampere Tech	Tampere University of Technology, Finland
US	United States		A01316	FDU	Fairleigh Dickinson University, New Jersey
US	United States		A01317	ASU	Arizona State University
US	United States	A01317	A01318	Dep Chem Bioch	Arizona State University, Department of Chemistry and Biochemistry
US	United States	A01317	A01319	Dep Phy Ast	Arizona State University, Department of Physics and Astronomy
US	United States	A01317	A11252	JINA	Joint Institute for Nuclear Astrophysics
US	United States	A01317	A11163	Sch Ear Sp Expl	Arizona State University, School of Earth and Space Exploration
US	United States	A01317	A11164	Dep Geo Sci	Arizona State University, Department of Geological Sciences
US	United States		A01320	IN St U	Indiana State University
CA	Canada		A01321	Lakehead U	Lakehead University, Canada
JP	Japan		A01322	NEC	NEC Corporation, Japan
US	United States		A01323	U Toledo	University of Toledo, Ohio
US	United States	A01323	A11326	Dep Phy Ast	University of Toledo, Ohio, Department of Physics and Astronomy
AU	Australia		A01324	U Sthrn Queensland	University of Southern Queensland
CA	Canada		A01325	U Toronto	University of Toronto, Canada
CA	Canada	A01325	A01326	Dep Phy	University of Toronto, Department of Physics
CA	Canada	A01325	A01327	Dunlap Inst	University of Toronto, Dunlap Institute
CA	Canada	A01325	A01328	Dep Ast Astrop	University of Toronto, Department of Astronomy and Astrophysics
CA	Canada	A01325	A01329	Scarborough	University of Toronto, Scarborough
CA	Canada	A01325	A01330	Mississauga	University of Toronto, Mississauga
CA	Canada	A01325	A05072	CITA	Canadian Institute for Theoretical Astrophysics
CA	Canada	A01325	A11730	Mont Megantic Obs	Mont Megantic Observatory
CA	Canada		A01331	Ryl Ontario Mus	Royal Ontario Museum, Canada
CA	Canada		A01332	Seneca Coll	Seneca College, Canada
CA	Canada		A01333	Ontario MNDM	Ontario Ministry of Northern Development and Mines, Canada
CA	Canada		A01334	Ryerson U	Ryerson University, Canada
CA	Canada		A01335	York U	York University, Ontario
CA	Canada	A01335	A11733	Dep Phy Ast	York University, Department of Physics and Astronomy
CA	Canada	A01335	A11734	CRESS	York University, Centre for Research in Experimental Space Science
AU	Australia		A01336	James Cook U	James Cook University, Australia
AU	Australia		A01337	Austr Inst Mar Sci	Australian Institute of Marine Sciences
NO	Norway		A01338	U Tromso	University of Tromso, Norway
NO	Norway	A01338	A11303	Auroral Obs	University of Tromso, Auroral Observatory
NO	Norway		A01339	NUST	Norwegian University of Science and Technology, Norway
NO	Norway	A01339	A01340	Dep Phy	Norwegian University of Science and Technology, Department of Physics
US	United States		A01341	RPI	Rensselaer Polytechnic Institute, New York
US	United States	A01341	A11030	Dep Ear Env Sci	RPI, Department of Earth and Environmental Sciences
US	United States	A01341	A11031	Dep App Phy Ast	RPI, Department of Applied Physics and Astronomy
US	United States		A01342	U AZ	University of Arizona
US	United States	A01342	A01343	Dep Plan Sci	University of Arizona, Department of Planetary Sciences
US	United States	A01342	A01344	Dep Chem Bioch	University of Arizona, Department of Chemistry and Biochemistry
US	United States	A01342	A01345	Dep Hydro Water Res	University of Arizona, Department of Hydrology and Water Resources
US	United States	A01342	A01346	Coll Opt Sci	University of Arizona, College of Optical Sciences
US	United States	A01342	A01347	Dep Ast Steward Obs	University of Arizona, Department of Astronomy and Steward Observatory
US	United States	A01342	A01348	Biosphere 2	Biosphere 2
US	United States	A01342	A11160	Dep Geos	University of Arizona, Department of Geosciences
IT	Italy	A01342	A11417	ICRA	International Center for Relativistic Astrophysics
US	United States	A01342	A13057	Dep Phy	University of Arizona, Department of Physics
US	United States		A01349	U Tulsa	University of Tulsa, Oklahoma
FI	Finland		A01350	U Turku	University of Turku, Finland
FI	Finland	A01350	A01351	VISPA	Vaisala Institute for Space Physics and Astronomy
FI	Finland	A01350	A01352	Tuorla Obs	Tuorla Observatory
FI	Finland	A01350	A01353	Dep Phy Ast	University of Turku, Department of Physics and Astronomy
FI	Finland	A01350	A01354	Sp Res Lab	University of Turku, Space Research Laboratory
FI	Finland	A01350	A06362	Turku Bios Ctr	Turku Bioscience Center, Finland
US	United States		A01355	U AL Tuscaloosa	University of Alabama, Tuscaloosa
US	United States	A01355	A11098	Dep Phy Ast	University of Alabama, Department of Physics and Astronomy
US	United States		A01356	Tuskegee U	Tuskegee University, Alabama
SE	Sweden		A01357	Umea U	Umea University, Sweden
SE	Sweden	A01357	A01358	Dep Phy	Umea University, Department of Physics
SE	Sweden	A01357	A13017	IRF Umea	Swedish Institute of Space Physics, Umea
US	United States		A01359	Saginaw Vall St U	Saginaw Valley State University, Michigan
US	United States		A01360	PSU	Pennsylvania State University
US	United States	A01360	A01361	Sch Eng	Pennsylvania State University, School of Engineering
US	United States	A01360	A01362	Dep Geos	Pennsylvania State University, Department of Geosciences
US	United States	A01360	A01363	Erie Behrend Coll	Pennsylvania State University, Erie Behrend College
US	United States	A01360	A01364	Scranton	Pennsylvania State University, Worthington Scranton
US	United States	A01360	A01365	Lehigh Vall	Pennsylvania State University, Lehigh Valley
US	United States	A01360	A01366	Wilkes-Barre	Pennsylvania State University, Wilkes-Barre
US	United States	A01360	A01367	Berks	Pennsylvania State University, Berks
US	United States	A01360	A01368	Dep Ear Sci	Pennsylvania State University, Department of Earth Sciences
US	United States	A01360	A11010	Dep Ast	Pennsylvania State University, Department of Astronomy
US	United States	A01360	A11011	Dep Phy	Pennsylvania State University, Department of Physics
US	United States	A01360	A11041	IGC	Pennsylvania State University, Institute for Gravitation and the Cosmos
US	United States		A01369	U Miss	University of Mississippi
US	United States		A01370	Montclair St U	Montclair State University, New Jersey
SE	Sweden		A01371	Geo Surv SE	Geological Survey of Sweden
SE	Sweden		A01372	Swedish U Agr Sci	Swedish University of Agricultural Sciences
SE	Sweden		A01373	Uppsala U	Uppsala University, Sweden
SE	Sweden	A01373	A01374	Dep Phy Ast	Uppsala University, Department of Physics and Astronomy
SE	Sweden	A01373	A01375	Ast Obs	Uppsala Astronomical Observatory
SE	Sweden	A01373	A04199	IRF Uppsala	Swedish Institute of Space Physics, Uppsala
SE	Sweden	A01373	A13013	Dep Ear Sci	Uppsala University, Department of Earth Sciences
US	United States		A01377	BNL	Brookhaven National Laboratory, New York
US	United States		A01378	U IL	University of Illinois System
NL	Netherlands		A01379	U Utrecht	University of Utrecht, Netherlands
NL	Netherlands	A01379	A01376	IMAU	University of Utrecht, Institute for Marine and Atmospheric Research
NL	Netherlands	A01379	A01380	Dep Phy Ast	University of Utrecht, Department of Physics and Astronomy
NL	Netherlands	A01379	A01381	Dep Ear Sci	University of Utrecht, Department of Earth Sciences
NL	Netherlands	A01379	A01382	Debye Inst	University of Utrecht, Debye Institute
NL	Netherlands	A01379	A01383	Fac Geos	University of Utrecht, Faculty of Geosciences
US	United States		A01384	Valparaiso U	Valparaiso University, Indiana
CL	Chile	A01384	A06172	MAS	Millennium Institute of Astrophysics, Chile
CA	Canada		A01385	UBC	University of British Columbia, Canada
CA	Canada	A01385	A01386	Dep Ear Sci	University of British Columbia, Department of Earth Sciences
CA	Canada	A01385	A01387	Dep Phy Ast	University of British Columbia, Department of Physics and Astronomy
CA	Canada	A01385	A01388	Okanagan	University of British Columbia, Okanagan
SE	Sweden		A01389	Malardalen U	Malardalen University, Sweden
US	United States		A01390	U S Dakota	University of South Dakota
CA	Canada		A01391	U Victoria	University of Victoria, Canada
CA	Canada	A01391	A11742	Dep Phy Ast	University of Victoria, Department of Physics and Astronomy
CA	Canada	A01391	A11743	Sch Ear Oc Sci	University of Victoria, School of Earth and Ocean Sciences
US	United States		A01392	Villanova U	Villanova University, Pennsylvania
US	United States	A01392	A11019	Dep Ast Astrop	Villanova University, Department of Astronomy and Astrophysics
NL	Netherlands		A01393	Wageningen U	Wageningen University, Netherlands
US	United States		A01394	Whitman Coll	Whitman College, Washington
US	United States		A01395	Bentley U	Bentley University, Massachusetts
US	United States		A01396	Brandeis U	Brandeis University, Massachusetts
US	United States	A01396	A11015	Dep Phy	Brandeis University, Department of Physics
US	United States		A01397	SI	Smithsonian Institution
US	United States	A01397	A01398	MNH	National Museum of Natural History
US	United States	A01397	A01399	Air Sp Mus	Smithsonian Institution Air and Space Museum
US	United States	A01397	A01400	CfA	Harvard Smithsonian Center for Astrophysics
US	United States	A01397	A11032	SAO	Smithsonian Astrophysical Observatory
US	United States	A01397	A11033	Whipple Obs	Whipple Observatory, Mt Hopkins
US	United States		A01401	U DC	University of the District of Columbia
US	United States	A01401	A06777	Sch Law	University of the District of Columbia, David A Clarke School of Law
US	United States		A01402	AAAS	American Association for the Advancement of Science
US	United States		A01403	American U	American University, Washington DC
US	United States		A01404	Catholic U	Catholic University, Washington DC
US	United States	A01404	A11073	Dep Phy	Catholic University, Department of Physics
US	United States	A01404	A11074	Inst Ast Comp Sci	Catholic University, Institute for Astrophysics and Computational Sciences
US	United States	A01404	A11075	@NASA GSFC	Catholic University at NASA GSFC
US	United States		A01405	Gallaudet U	Gallaudet University, Maryland
US	United States		A01406	GWU	George Washington University, Washington DC
US	United States		A01407	Georgetown U	Georgetown University, Washington DC
US	United States		A01408	Howard U	Howard University, Washington DC
US	United States		A01409	USRA	Universities Space Research Association
US	United States	A01409	A01410	LPI	Lunar and Planetary Institute, Houston
US	United States	A01409	A11045	CRESST	Center for Research and Exploration in Space Science & Technology
US	United States	A01409	A11802	SOFIA	Stratospheric Observatory for Infrared Astronomy
US	United States	A01409	A13050	GESTAR	Goddard Earth Sciences Technology and Research
US	United States		A01411	US Dep Navy	U.S. Department of the Navy
US	United States	A01411	A01412	Nav Ac	U.S. Naval Academy
US	United States	A01411	A05886	KAPL	Knolls Atomic Power Lab, New York
US	United States	A01411	A05999	Nav Postgrad Sch	U.S. Naval Academy Postgraduate School, California
US	United States		A01413	Exec Off Pres	Executive Office of the President
US	United States	A01413	A05803	USFDA	United States Food and Drug Administration, Maryland
US	United States		A01414	Lib Cong	U.S. Library of Congress
US	United States		A01415	US NRC	U.S. National Research Council
US	United States		A01416	Honeywell	Honeywell International Inc.
US	United States	A01416	A06130	SRNL	Savannah River National Laboratory, South Carolina
CA	Canada		A01417	U Waterloo	University of Waterloo, Canada
CA	Canada	A01417	A01418	Dep Ear Env Sci	University of Waterloo, Department of Earth and Environmental Sciences
CA	Canada	A01417	A01419	Dep Phy Ast	University of Waterloo, Department of Physics and Astronomy
CA	Canada	A01417	A06711	Guelph Waterloo GWC	Guelph-Waterloo Centre for Graduate Work in Chemistry
CA	Canada	A01417	A13030	Waterloo Guelph GSP	Waterloo Guelph Physics and Astronomy Graduate Studies
CA	Canada		A01420	Wilfred Laurier U	Wilfred Laurier University, Canada
US	United States		A01421	Colby Coll	Colby College, Maine
US	United States		A01422	SW Oklahoma St U	Southwestern Oklahoma State University
US	United States		A01423	Wellesley Coll	Wellesley College, Massachusetts
US	United States	A01423	A01424	Dep Ast	Wellesley College, Department of Astronomy
NZ	New Zealand		A01425	NIWA	National Institute of Water and Atmospheric Research, New Zealand
NZ	New Zealand		A01426	Victoria U Well	Victoria University of Wellington, New Zealand
NZ	New Zealand	A01426	A01427	Sch Chem Phy Sci	Victoria University of Wellington, School of Chemical and Physical Sciences
NZ	New Zealand	A01426	A11650	Inst Geop	Victoria University of Wellington, Institute of Geophysics
NZ	New Zealand	A01426	A11651	Dep Phy	Victoria University of Wellington, Department of Physics
US	United States		A01428	Bigelow Lab Oc Sci	Bigelow Laboratory for Ocean Sciences, Maine
US	United States		A01429	W Chester U PA	West Chester University of Pennsylvania
US	United States		A01430	U Hartford	University of Hartford, Connecticut
US	United States		A01431	Purdue U	Purdue University, Indiana
US	United States	A01431	A01432	IUPUI	Indiana University Purdue University at Indianapolis
US	United States	A01431	A11096	Dep Phy	Purdue University, Department of Physics
US	United States	A01431	A11097	Dep Ear Atm Sci	Purdue University, Department of Earth and Atmospheric Sciences
US	United States		A01433	W Point	U.S. Military Academy West Point, New York
US	United States		A01434	Westfield St U	Westfield State University, Massachusetts
US	United States		A01435	Regis Coll	Regis College, Massachusetts
US	United States		A01436	Kodak	Eastman Kodak Corporation, New York
US	United States		A01437	Wheaton Coll IL	Wheaton College, Illinois
US	United States		A01438	Wheeling Jesuit U	Wheeling Jesuit University, West Virginia
US	United States		A01439	William Mary Coll	William and Mary College, Virginia
US	United States		A01440	Lycoming Coll	Lycoming College
US	United States		A01441	Williams Coll	Williams College
US	United States	A01441	A01442	Dep Ast	Williams College, Department of Astronomy
US	United States	A01441	A01443	Weston Obs	Williams College, Weston Observatory
US	United States		A01444	UNC Asheville	University of North Carolina, Asheville
US	United States		A01445	Mentor	Mentor Graphics Corporation
CA	Canada		A01446	U Windsor	University of Windsor, Canada
CA	Canada		A01447	U Manitoba	University of Manitoba, Canada
CA	Canada	A01447	A11745	Dep Phy Ast	University of Manitoba, Department of Physics and Astronomy
CA	Canada		A01448	U Winnipeg	University of Winnipeg, Canada
US	United States		A01449	St Marys U MN	Saint Mary's University, Minnesota
US	United States		A01450	Wake Forest U	Wake Forest University
US	United States		A01451	Rollins Coll	Rollins College
US	United States		A01452	Wichita St U	Wichita State University, Kansas
CA	Canada		A01453	Acadia U	Acadia University, Canada
AU	Australia		A01454	U Wollongong	University of Wollongong, Australia
US	United States		A01455	Coll Wooster	College of Wooster, Ohio
US	United States		A01456	Clark U	Clark University, Massachusetts
US	United States		A01457	Coll Holy Cross	College of the Holy Cross, Massachusetts
US	United States		A01458	WPI	Worcester Polytechnic Institute, Massachusetts
US	United States		A01459	Worcester St U	Worcester State University, Massachusetts
GB	United Kingdom		A01460	U York	University of York, UK
GB	United Kingdom	A01460	A01461	Dep Phy	University of York, Department of Physics
US	United States		A01462	York Coll	York College, Pennsylvania
US	United States		A01463	Youngstown St U	Youngstown State University, Ohio
US	United States		A01464	Estrn MI U	Eastern Michigan University
US	United States		A01465	UCLA	University of California, Los Angeles
US	United States	A01465	A01466	Dep Atm Oc Sci	University of California, Los Angeles, Department of Atmospheric and Oceanic Sciences
US	United States	A01465	A01467	IGPP	University of California, Los Angeles, Institute of Geophysics and Planetary Physics
US	United States	A01465	A01468	Dep Phy Ast	University of California, Los Angeles, Department of Physics and Astronomy
US	United States	A01465	A01469	Dep Elec Eng	University of California, Los Angeles, Department of Electrical Engineering
US	United States		A01470	UCSD	University of California, San Diego
US	United States	A01470	A01471	Dep Comp Sci	University of California, San Diego, Department of Computer Science and Engineering
US	United States	A01470	A01472	Dep Chem	University of California, San Diego, Department of Chemistry
US	United States	A01470	A01473	Scripps	University of California, San Diego, Scripps Institution of Oceanography
US	United States	A01470	A11196	CASS	University of California, San Diego, Center for Astrophysics and Space Science
US	United States	A01470	A11197	Dep Phy	University of California, San Diego, Department of Physics
US	United States		A01474	UCSF	University of California, San Francisco
US	United States		A01475	UCSB	University of California, Santa Barbara
US	United States	A01475	A01476	Dep Ear Sci	University of California, Santa Barbara, Department of Earth Science
US	United States	A01475	A11195	Dep Phy Ast	University of California, Santa Barbara, Department of Physics and Astronomy
US	United States	A01475	A11228	Las Cumbres Obs	Las Cumbres Observatory Global Telescope
US	United States	A01475	A13109	KITP	University of California, Santa Barbara, Kavli Institute for Theoretical Physics
US	United States		A01477	UCSC	University of California, Santa Cruz
US	United States	A01477	A01478	Dep Ear Plan Sci	University of California, Santa Cruz, Department of Earth and Planetary Sciences
US	United States	A01477	A11192	Dep Ast Astrop	University of California, Santa Cruz, Department of Astronomy and Astrophysics
US	United States	A01477	A11193	Dep Phy	University of California, Santa Cruz, Department of Physics
US	United States	A01477	A11198	SCIPPS	University of California, Santa Cruz, Institute for Particle Physics
US	United States		A01479	UCI	University of California, Irvine
US	United States	A01479	A11194	Dep Phy Ast	University of California, Irvine, Department of Physics and Astronomy
US	United States	A01479	A13060	Dep Ear Sys Sci	University of California, Irvine, Department of Earth System Science
US	United States		A01480	UCD	University of California, Davis
US	United States	A01480	A01481	Dep Chem	University of California, Davis, Department of Chemistry
US	United States	A01480	A01482	Dep Ear Plan Sci	University of California, Davis, Department of Earth and Planetary Sciences
US	United States	A01480	A01483	Dep Land Air Water	University of California, Davis, Department of Land Air and Water Resources
US	United States	A01480	A01484	Dep Phy	University of California, Davis, Department of Physics
US	United States	A01480	A01485	Bodega Mar Lab	University of California, Davis, Bodega Marine Laboratory
US	United States		A01486	UCR	University of California, Riverside
US	United States	A01486	A11191	Dep Phy Ast	University of California, Riverside, Department of Physics and Astronomy
US	United States	A01486	A11199	Dep Ear Sci	University of California, Riverside, Department of Earth Sciences
IE	Ireland		A01487	Natl U Ireland	National University of Ireland
IE	Ireland	A01487	A01488	U Coll Cork	University College Cork, Ireland
IE	Ireland	A01487	A01489	U Coll Dublin	University College Dublin, Ireland
IE	Ireland	A01487	A01490	Maynooth	National University of Ireland Maynooth
IE	Ireland	A01487	A01491	Galway	National University of Ireland Galway
IE	Ireland		A01492	Waterford Inst Tech	Waterford Institute of Technology, Ireland
IE	Ireland		A01493	U Limerick	University of Limerick, Ireland
IE	Ireland		A01494	U Dublin Trinity Coll	University of Dublin Trinity College, Ireland
IE	Ireland		A01495	GMIT	Galway Mayo Institute of Technology, Ireland
IE	Ireland		A01496	Dublin City U	Dublin City University, Ireland
IE	Ireland		A01497	Dublin Inst Tech	Dublin Institute of Technology, Ireland
IE	Ireland		A01498	Dublin IAS	Dublin Institute for Advanced Studies, Ireland
IE	Ireland	A01498	A01499	Sch Csmc Phy	Dublin Institute for Advanced Studies, School of Cosmic Physics
IE	Ireland	A01498	A01500	Theo Phy	Dublin Institute for Advanced Studies, Theoretical Physics
IE	Ireland	A01498	A01501	Geop	Dublin Institute for Advanced Studies, Geophysics
IE	Ireland	A01498	A01502	Ast Astrop	Dublin Institute for Advanced Studies, Astronomy and Astrophysics
IE	Ireland	A01498	A01503	Dunsink Obs	Dunsink Observatory
IE	Ireland		A01504	Cork Inst Tech	Cork Institute of Technology, Ireland
IE	Ireland		A01505	St Patricks Coll	Saint Patricks College Maynooth, Ireland
DE	Germany		A01506	Ruhr U Bochum	Ruhr University, Bochum, Germany
DE	Germany	A01506	A01507	Dep Phy Ast	Ruhr University, Bochum, Department of Physics and Astronomy
DE	Germany	A01506	A01508	Dep Geop	Ruhr University, Bochum, Department of Geophysics
DE	Germany	A01506	A01509	Inst Exp Phy	Ruhr University, Bochum, Institute for Experimental Physics
DE	Germany	A01506	A01510	Inst Theo Phy	Ruhr University, Bochum, Institute for Theoretical Physics
DE	Germany	A01506	A01511	Ast Inst	Ruhr University, Bochum, Astronomical Institute
DE	Germany		A01512	U Heidelberg	Ruprecht-Karls University of Heidelberg, Germany
DE	Germany	A01512	A01513	ARI	Astronomisches Rechen-Institut
DE	Germany	A01512	A01514	Inst Phy	University of Heidelberg, Institute of Physics
DE	Germany	A01512	A01515	Inst Geos	University of Heidelberg, Institute of Geosciences
DE	Germany	A01512	A01516	Inst Theo Astrop	University of Heidelberg, Institute for Theoretical Astrophysics
DE	Germany	A01512	A01517	Ast Obs	University of Heidelberg, Astronomical Observatory
DE	Germany	A01512	A01518	Inst Phy Chem	University of Heidelberg, Institute of Physical Chemistry
DE	Germany	A01512	A01519	Dep Phy Ast	University of Heidelberg, Department of Physics and Astronomy
DE	Germany	A01512	A01520	Kirchhoff Inst Phy	University of Heidelberg, Kirchhoff Institute for Physics
DE	Germany	A01512	A01521	Inst Env Phy	University of Heidelberg, Institute of Environmental Physics
DE	Germany	A01512	A01522	Ctr Ast	University of Heidelberg, Center for Astronomy
DE	Germany	A01512	A01543	Hosp	University of Heidelberg Hospital
DE	Germany	A01512	A11483	Inst Theo Phy	University of Heidelberg, Institute of Theoretical Physics
DE	Germany		A01523	U Regensburg	University of Regensburg, Germany
DE	Germany		A01524	U Stuttgart	University of Stuttgart, Germany
DE	Germany	A01524	A01525	Inst Theo Phy	University of Stuttgart, Institute for Theoretical Physics
DE	Germany	A01524	A01526	Dep Phy	University of Stuttgart, Department of Physics
DE	Germany	A01524	A01527	Inst Sp Sci	University of Stuttgart, Institute for Space Sciences
DE	Germany	A01524	A01528	Inst Geop	University of Stuttgart, Institute for Geophysics
DE	Germany	A01524	A01529	Inst Geod	University of Stuttgart, Institute for Geodesy
DE	Germany	A01524	A05755	Inst Pl Phy	University of Stuttgart, Institute for Plasma Physics
DE	Germany	A01524	A11501	Black Forest Obs	Black Forest Observatory
DE	Germany		A01530	Helmholtz Res Ctrs	Helmholtz Association of German Research Centers
DE	Germany	A01530	A01531	DLR Braunschweig	German Aerospace Center, Braunschweig
DE	Germany	A01530	A01532	DLR Cologne	German Aerospace Center, Cologne
DE	Germany	A01530	A01533	German Sp Agcy Bonn	German Space Agency, Bonn
DE	Germany	A01530	A01534	Julich	Helmholtz Research Center, Julich
DE	Germany	A01530	A01535	Heidelberg	Helmholtz Research Center, Heidelberg
DE	Germany	A01530	A01536	Fritz Haber Inst	Max Planck Fritz Haber Institute, Berlin
DE	Germany	A01530	A01537	DESY Hamburg	DESY Deutsches Electronen-Synchrotron, Hamburg
DE	Germany	A01530	A01538	Potsdam	Helmholtz Center for Geosciences, Potsdam
DE	Germany	A01530	A01539	HZG	Helmholtz Institute for Coastal Research
DE	Germany	A01530	A01540	Darmstadt	Helmholtz Institute for Heavy Ion Research, Darmstadt
DE	Germany	A01530	A01541	HMI	Hahn Meitner Institute, Berlin
DE	Germany	A01530	A01542	Leipzig	Helmholtz Research Center, Leipzig
DE	Germany	A01530	A01544	Dresden	Helmholtz Research Center, Dresden
DE	Germany	A01530	A01545	DLR Neustrelitz	German Aerospace Center, Neustrelitz
DE	Germany	A01530	A01546	DESY Zeuthen	Deutsches Electronen-Synchrotron, Zeuthen
DE	Germany	A01530	A01547	Berlin	Helmholtz Institute for Planetary Research, Berlin
DE	Germany	A01530	A01548	DLR Berlin	German Aerospace Center, Berlin
DE	Germany	A01530	A01549	AWI Pol Mar Res	Alfred Wegener Institute for Polar and Marine Research
DE	Germany	A01530	A01550	DLR Stuttgart	German Aerospace Center, Stuttgart
DE	Germany	A01530	A01551	DLR Gottingen	German Aerospace Center, Gottingen
DE	Germany	A01530	A01552	DLR Wessling	German Aerospace Center, Wessling
DE	Germany	A01530	A03051	Inst Mar Res	Institute for Marine Research, Kiel
KG	Kyrgyzstan	A01530	A06285	CAIAG	Central-Asian Institute for Applied Geosciences, Kyrgyzstan
DE	Germany	A01530	A11481	Munich	Helmholtz Research Center, Munich
DE	Germany	A01530	A11499	DLR Bremen	German Aerospace Center, Bremen
DE	Germany	A01530	A11504	Cen Inst Ear Phy	Central Institute for Earth Physics, Jena
DE	Germany	A01530	A11505	Mainz	Helmholtz Research Center, Mainz
DE	Germany		A01553	Max Planck	Max Planck Society for the Advancement of Science, Germany
DE	Germany	A01553	A01554	MPI Semicon Lab	Max-Planck-Institute Semiconductor Laboratory, Munich
DE	Germany	A01553	A01555	MPI Math	Max-Planck-Institute for Mathematics, Bonn
DE	Germany	A01553	A01556	MPI RadAst	Max-Planck-Institute for Radioastronomy, Bonn
DE	Germany	A01553	A01557	MPI Mar MBio	Max-Planck-Institute for Marine Microbiology, Bremen
DE	Germany	A01553	A01558	MPI Phy Cmplx Sys	Max-Planck-Institute for Physics of Complex Systems, Dresden
DE	Germany	A01553	A01559	MPI Chem Phy Solids	Max-Planck-Institute for Chemical Physics of Solids, Dresden
DE	Germany	A01553	A01560	MPI Biophy	Max-Planck-Institute for Biophysics, Frankfurt
DE	Germany	A01553	A01561	MPA Garching	Max-Planck-Institute for Astrophysics, Garching
DE	Germany	A01553	A01562	MPIE	Max-Planck-Institute for Extraterrestrial Physics, Garching
DE	Germany	A01553	A01563	MPI Plasma Phy	Max-Planck-Institute for Plasma Physics, Garching
DE	Germany	A01553	A01564	MPI Quant Opt	Max-Planck-Institute for Quantum Optics, Garching
DE	Germany	A01553	A01565	MPI Biophy Chem	Max-Planck-Institute for Biophysical Chemistry, Gottingen
DE	Germany	A01553	A01566	MPI Dyn Self-Org	Max-Planck-Institute for Dynamic and Self-Organization, Gottingen
DE	Germany	A01553	A01567	MPI Mic Phy	Max-Planck-Institute of Microstructure Physics, Halle
DE	Germany	A01553	A01568	MPI Metr	Max-Planck-Institute for Meteorology, Hamburg
DE	Germany	A01553	A01570	MPIA Heidelberg	Max-Planck-Institute for Astronomy, Heidelberg
DE	Germany	A01553	A01571	MPI Nuc Phy	Max-Planck-Institute for Nuclear Physics, Heidelberg
DE	Germany	A01553	A01572	MPI Biogc	Max-Planck-Institute for Biogeochemistry, Jena
DE	Germany	A01553	A01573	MPI Sol Sys Res	Max-Planck-Institute for Solar System Research, Lindau
DE	Germany	A01553	A01574	MPI Math Sci	Max-Planck-Institute for Mathematics in the Sciences, Leipzig
DE	Germany	A01553	A01575	MPI Chem	Max-Planck-Institute for Chemistry, Mainz
DE	Germany	A01553	A01576	MPI Bioch	Max-Planck-Institute for Biochemistry, Martinsried
DE	Germany	A01553	A01577	MPI Coal Res	Max-Planck-Institute for Coal Research, Ruhr
DE	Germany	A01553	A01578	MPI Phy	Max-Planck-Institute for Physics, Munich
DE	Germany	A01553	A01579	MPI Grav Phy	Max-Planck-Institute for Gravitational Physics, Potsdam
DE	Germany	A01553	A01580	MPI Coll Int	Max-Planck-Institute of Colloids and Interfaces, Potsdam
DE	Germany	A01553	A01581	MPI Int Sys	Max-Planck-Institute for Intelligent Systems, Tubingen
DE	Germany	A01553	A01582	MPI Solid St Res	Max-Planck-Institute for Solid State Research, Stuttgart
DE	Germany	A01553	A03039	AEI	Albert Einstein Institute, Hannover
DE	Germany	A01553	A05758	MPI Iron Res	Max-Planck-Institute for Iron Research, Dusseldorf
DE	Germany	A01553	A05759	MPI Imm Epi	Max-Planck-Institute of Immunobiology and Epigenetics, Freiburg
DE	Germany	A01553	A05760	MPI Sci Lght	Max-Planck-Institute for the Science of Light, Erlangen
DE	Germany	A01553	A06560	MPI Poly Res	Max Planck Institute for Polymer Research, Mainz
DE	Germany	A01553	A06561	MPI Str Dyn Matt	Max Planck Institute for the Structure and Dynamics of Matter, Hamburg
DE	Germany	A01553	A06562	MPI Chem En Conv	Max Planck Institute for Chemical Energy Conversion, Mulheim an der Ruhr
ES	Spain	A01553	A11333	Calar Alto Obs	Calar Alto Observatory
DE	Germany	A01553	A11477	MP Dust Grp	Max-Planck Research Group on Dust in Star Forming Regions
DE	Germany	A01553	A05721	MPI Plasma Phy Greif	Max-Planck-Institute for Plasma Physics, Greifsvald
DE	Germany		A01583	Charite U Med	Charite University of Medicine, Berlin, Germany
DE	Germany		A01584	RWTH	RWTH Aachen University, Germany
DE	Germany	A01584	A01585	Dep Phy	RWTH Aachen University, Department of Physics
OM	Oman	A01584	A06419	GUTech	German University of Technology, Oman
DE	Germany		A01586	FU Berlin	Free University of Berlin, Germany
DE	Germany	A01586	A01587	Dep Geos	Free University of Berlin, Department of Geosciences
DE	Germany	A01586	A01588	Inst Metr	Free University of Berlin, Institute for Meteorology
DE	Germany	A01586	A01589	Dep Phy	Free University of Berlin, Department of Physics
IT	Italy	A01586	A11417	ICRA	International Center for Relativistic Astrophysics
DE	Germany		A01590	U Bielefeld	University of Bielefeld, Germany
DE	Germany		A01591	U Bremen	University of Bremen, Germany
DE	Germany	A01591	A01592	Dep Phy	University of Bremen, Department of Physics
DE	Germany	A01591	A01593	Dep Geos	University of Bremen, Department of Geosciences
DE	Germany	A01591	A01594	Ctr Mar Env Sci	University of Bremen, Center for Marine Environmental Sciences
DE	Germany	A01591	A01595	CAST mGrav	University of Bremen, Center for Applied Space Technology and Microgravity
DE	Germany		A01596	TU Dresden	Technical University of Dresden, Germany
DE	Germany	A01596	A01597	Inst Phy	Technical University of Dresden, Institute for Physics
DE	Germany	A01596	A01598	Inst Plan Geod	Technical University of Dresden, Institute for Planetary Geodesy
DE	Germany		A01599	U Dusseldorf	Heinrich Heine University of Dusseldorf, Germany
DE	Germany	A01599	A13033	Inst Phy	University of Dusseldorf Institute of Physics
DE	Germany		A01600	U Erlangen-Nuremberg	Friedrich Alexander University of Erlangen-Nuremberg, Germany
DE	Germany	A01600	A01601	Ast Inst	University of Erlangen-Nuremberg, Astronomical Institute
DE	Germany	A01600	A01602	Dep Phy	University of Erlangen-Nuremberg, Department of Physics
DE	Germany	A01600	A01603	GeoCtr	University of Erlangen-Nuremberg, GeoCenter
DE	Germany		A01604	U Frankfurt	Goethe University of Frankfurt, Germany
DE	Germany	A01604	A01605	Dep Geos	University of Frankfurt, Department of Geosciences
DE	Germany	A01604	A01606	Inst App Phy	University of Frankfurt, Institute for Applied Physics
DE	Germany	A01604	A01607	Dep Phy	University of Frankfurt, Department of Physics
DE	Germany	A01604	A01608	Inst Nuc Phy	University of Frankfurt, Institute for Nuclear Physics
DE	Germany	A01604	A11475	Inst Theo Phy	University of Frankfurt, Institute for Theoretical Physics
DE	Germany	A01604	A11476	Inst Adv Stud	University of Frankfurt, Institute for Advanced Studies
DE	Germany		A01609	U Freiburg	Albert Ludwigs University of Freiburg, Germany
DE	Germany	A01609	A01610	FRIAS	University of Freiburg, Institute for Advanced Studies
DE	Germany	A01609	A01611	Inst Geos	University of Freiburg, Institute for Geosciences
DE	Germany	A01609	A01612	Inst Phy	University of Freiburg, Institute for Physics
DE	Germany		A01613	U Giessen	Justus Liebig University of Giessen, Germany
DE	Germany	A01613	A13061	Inst Phy	University of Giessen, Institute for Physics
DE	Germany		A01614	U Halle	Martin Luther University of Halle, Germany
DE	Germany		A01615	U Kassel	University of Kassel, Germany
DE	Germany		A01616	U Kiel	Christian Albrechts University of Kiel, Germany
DE	Germany	A01616	A01617	Inst Geos	University of Kiel, Institute for Geosciences
DE	Germany	A01616	A01619	Inst Phy Chem	University of Kiel, Institute of Physical Chemistry
DE	Germany	A01616	A03051	Inst Mar Res	Institute for Marine Research, Kiel
DE	Germany	A01616	A11496	ITPA	University of Kiel, Institute for Theoretical Physics and Astrophysics
DE	Germany	A01616	A11497	IEAP	University of Kiel, Institute for Experimental and Applied Physics
DE	Germany	A01616	A11498	IFK	University of Kiel, Institute for Pure and Applied Nuclear Physics
DE	Germany		A01620	U Leipzig	University of Leipzig, Germany
DE	Germany	A01620	A01621	Dep Phy Geos	University of Leipzig, Department of Physics and Geosciences
DE	Germany		A01622	U Mainz	Johannes Gutenberg University of Mainz, Germany
DE	Germany	A01622	A01623	Fac Chem	University of Mainz, Faculty of Chemistry
DE	Germany	A01622	A01624	Inst Geop	University of Mainz, Institute for Geophysics
DE	Germany	A01622	A01625	Inst Nuc Phy	University of Mainz, Institute for Nuclear Physics
DE	Germany	A01622	A01626	Inst Phy	University of Mainz, Institute for Physics
DE	Germany		A01627	U Munich	Ludwig-Maximilians University of Munich, Germany
DE	Germany	A01627	A01628	Dep Phy	University of Munich, Department of Physics
DE	Germany	A01627	A01629	Dep Geos	University of Munich, Department of Geosciences
DE	Germany	A01627	A11474	Inst Ast Astrop	University of Munich, Institute of Astronomy and Astrophysics
DE	Germany		A01630	TU Munich	Munich University of Technology, Germany
DE	Germany	A01630	A01631	Dep Phy	Munich University of Technology, Department of Physics
DE	Germany	A01630	A11479	Inst Ast Phy Geod	Munich University of Technology, Institute for Astronomical and Physical Geodesy
DE	Germany	A01630	A11482	DGFI	German Geodetics Research Institute
DE	Germany		A01632	U Munster	Wilhelms University of Munster, Germany
DE	Germany	A01632	A01633	Inst Nuc Phy	University of Munster, Institute for Nuclear Physics
DE	Germany	A01632	A01634	Inst Plan	University of Munster, Institute for Planetology
DE	Germany	A01632	A01635	Inst Phy	University of Munster, Institute for Physics
DE	Germany	A01632	A01636	Inst Geop	University of Munster, Institute for Geophysics
DE	Germany	A01632	A11494	Inst Ast	University of Munster, Institute for Astronomy
DE	Germany		A01637	U Osnabruck	University of Osnabruck, Germany
DE	Germany		A01638	U Rostock	University of Rostock, Germany
DE	Germany	A01638	A03046	Atm Phy	Leibniz Institute for Atmospheric Physics
DE	Germany	A01638	A03047	Baltic Sea Res	Leibniz Institute for Baltic Sea Research
DE	Germany		A01641	U Tubingen	Eberhard Karls University of Tubingen, Germany
DE	Germany	A01641	A01642	Inst App Phy	University of Tubingen, Institute for Applied Physics
DE	Germany	A01641	A01643	Inst Ast Astrop	University of Tubingen, Institute for Astronomy and Astrophysics
DE	Germany	A01641	A01644	Inst Phy	University of Tubingen, Institute of Physics
DE	Germany	A01641	A01645	Dep Geop	University of Tubingen, Department of Geophysics
DE	Germany		A01646	U Ulm	University of Ulm, Germany
DE	Germany		A01647	U Wurzburg	Julius-Maximilians University of Wurzburg, Germany
DE	Germany	A01647	A01648	Dep Phy Ast	University of Wurzburg, Department of Physics and Astronomy
DE	Germany		A01649	U Lubeck	University of Lubeck, Germany
IT	Italy		A01650	ISS	Istituto Superiore di Sanita, Italy
IT	Italy		A01651	TU Marche	Technical University of Marche, Ancona, Italy
IT	Italy		A01652	U Bari	University of Bari, Italy
IT	Italy	A01652	A01654	Dep Geo Sci	University of Bari, Department of Earth and Geo-environmental Sciences
IT	Italy	A01652	A01730	CNR Bari	Italian National Research Council, Bari
IT	Italy	A01652	A02461	Dep Phy	Inter-University Department of Physics
IT	Italy		A01656	U Bologna	University of Bologna, Italy
IT	Italy	A01656	A01658	Dep Chem	University of Bologna, Department of Chemistry
IT	Italy	A01656	A01659	Dep Phy Ast	University of Bologna, Department of Physics and Astronomy
IT	Italy	A01656	A03970	Ast Obs Bologna	Astronomical Observatory of Bologna
IT	Italy	A01656	A03974	IRA Bologna	Institute of Radioastronomy, Bologna
IT	Italy		A01661	U Brescia	University of Brescia, Italy
IT	Italy		A01662	U Catania	University of Catania, Italy
IT	Italy	A01662	A01663	Dep Chem	University of Catania, Department of Chemistry
IT	Italy	A01662	A01664	Dep Phy Ast	University of Catania, Department of Physics and Astronomy
IT	Italy	A01662	A03980	Ast Obs Catania	Astronomical Observatory of Catania
IT	Italy		A01666	U Ferrara	University of Ferrara, Italy
IT	Italy	A01666	A01667	Dep Phy	University of Ferrara, Department of Physics
IT	Italy	A01666	A11417	ICRA	International Center for Relativistic Astrophysics
IT	Italy		A01668	U Florence	University of Florence, Italy
IT	Italy	A01668	A01670	Dep Phy	University of Florence, Department of Physics
IT	Italy	A01668	A01671	Dep Chem	University of Florence, Department of Chemistry
IT	Italy	A01668	A01672	LENS	University of Florence, European Laboratory for Non-Linear Spectroscopy
IT	Italy	A01668	A01736	CNR Florence	Italian National Research Council, Florence
IT	Italy	A01668	A03981	Ast Obs Arcetri	Astronomical Observatory of Arcetri
IT	Italy	A01668	A06540	Dep Ear Sci	University of Florence, Department of Earth Sciences
IT	Italy	A01668	A11386	Dep Ast Sp Sci	University of Florence, Department of Astronomy and Space Science
IT	Italy		A01674	D'Annunzio U	G. D'Annunzio University of Chieti-Pescara, Italy
IT	Italy	A01674	A11398	IRSPS	International Research School of Planetary Sciences
IT	Italy	A01674	A11417	ICRA	International Center for Relativistic Astrophysics
IT	Italy		A01675	U Genoa	University of Genoa, Italy
IT	Italy	A01675	A01676	Dep Phy	University of Genoa, Department of Physics
IT	Italy		A01677	U Aquila	University of L'Aquila, Italy
IT	Italy	A01677	A01678	Dep Phy	University of L'Aquila, Department of Physics
IT	Italy		A01679	U Milan	University of Milan, Italy
IT	Italy	A01679	A01681	Dep Phy	University of Milan, Department of Physics
IT	Italy	A01679	A01683	Dep Ear Sci	University of Milan, Department of Earth Sciences
IT	Italy	A01679	A01727	CNR Milan	Italian National Research Council, Milan
IT	Italy	A01679	A11383	IASF Milan	Institute for Cosmic Physics, Milan
IT	Italy		A01684	U Milan-Bicocca	University of Milan-Bicocca, Italy
IT	Italy	A01684	A01685	Dep Phy	University of Milan-Bicocca, Department of Physics
IT	Italy		A01686	U Modena	University of Modena and Reggio Emilia, Italy
IT	Italy		A01687	U Naples	University of Naples Federico II, Italy
IT	Italy	A01687	A01688	Dep Ear Sci	University of Naples Federico II, Department of Earth Sciences
IT	Italy	A01687	A01689	Dep Phy	University of Naples Federico II, Department of Physics
IT	Italy	A01687	A01691	Compl U Mt SAngelo	University of Naples Federico II, Complesso Universitario di Monte Sant'Angelo
IT	Italy	A01687	A03979	Ast Obs Capodimonte	Astronomical Observatory of Capodimonte
IT	Italy		A01692	U Padua	University of Padua, Italy
IT	Italy	A01692	A01694	Dep Geo	University of Padua, Department of Geosciences
IT	Italy	A01692	A01696	Dep Phy Ast	University of Padua, Department of Physics and Astronomy
IT	Italy	A01692	A01728	CNR Padua	Italian National Research Council, Padua
IT	Italy	A01692	A03972	Ast Obs Padua	Astronomical Observatory of Padua
IT	Italy		A01697	U Perugia	University of Perugia, Italy
IT	Italy	A01697	A01698	Dep Phy	University of Perugia, Department of Physics and Earth Sciences
IT	Italy	A01697	A01699	Dep Chem	University of Perugia, Department of Chemistry
IT	Italy	A01697	A11392	Ast Obs	University of Perugia, Astronomical Observatory
IT	Italy		A01700	U Pisa	University of Pisa, Italy
IT	Italy	A01700	A01702	Dep Ear Sci	University of Pisa, Department of Earth Sciences
IT	Italy	A01700	A01703	Dep Phy	University of Pisa, Department of Physics
IT	Italy	A01700	A01732	ISTI Pisa	Institute of Science and Information Technology, Pisa
IT	Italy		A01704	Sapienza U	Sapienza University, Rome, Italy
IT	Italy	A01704	A01705	Dep Ear Sci	Sapienza University, Department of Earth Sciences
IT	Italy	A01704	A01707	Dep Chem	Sapienza University, Department of Chemistry
IT	Italy	A01704	A01709	Dep Aero Sci	Sapienza University, Department of Aerospace Sciences
IT	Italy	A01704	A02436	Dep Phy I	Sapienza University, Department of Physics
IT	Italy	A01704	A03973	IASF Rome	Institute of Space Astrophysics and Cosmic Physics
IT	Italy	A01704	A11375	Ast Inst	Sapienza University, Astronomy Institute
IT	Italy	A01704	A11411	IGAG	Institute of Environmental Geology and Geoengineering, Rome
IT	Italy	A01704	A11417	ICRA	International Center for Relativistic Astrophysics
IT	Italy		A01710	U Sassari	University of Sassari, Italy
IT	Italy		A01711	U Siena	University of Siena, Italy
IT	Italy	A01711	A02435	DSFTA	University of Siena, Department of Physics and Earth Sciences
IT	Italy		A01713	U Turin	University of Turin, Italy
IT	Italy	A01713	A01715	Dep Phy	University of Turin, Department of Physics
IT	Italy	A01713	A01726	CNR Turin	Italian National Research Council, Turin
IT	Italy	A01713	A03982	Ast Obs Turin	Astronomical Observatory of Turin
IT	Italy		A01717	U Trieste	University of Trieste, Italy
IT	Italy	A01717	A01719	Dep Phy Ast	University of Trieste, Department of Physics and Astronomy
IT	Italy	A01717	A02438	ICTP Abdus Salam	Abdus Salam International Center for Theoretical Physics
IT	Italy	A01717	A03978	Ast Obs Trieste	Astronomical Observatory of Trieste
IT	Italy		A01721	U Udine	University of Udine, Italy
IT	Italy		A01722	Campus Bio-Medico U	Campus Bio-Medico University, Italy
IT	Italy		A01723	Tor Vergata U	Tor Vergata University, Rome, Italy
IT	Italy	A01723	A01757	CNR Tor Vergata	Italian National Research Council, Tor Vergata
IT	Italy	A01723	A11377	Dep Phy II	Tor Vergata University, Department of Physics
IT	Italy	A01723	A11378	Dep Ast	Tor Vergata University, Department of Astronomy
IT	Italy		A01725	CNR	CNR Italian National Research Council
IT	Italy	A01725	A01726	CNR Turin	Italian National Research Council, Turin
IT	Italy	A01725	A01727	CNR Milan	Italian National Research Council, Milan
IT	Italy	A01725	A01728	CNR Padua	Italian National Research Council, Padua
IT	Italy	A01725	A01729	IFSI Rome	Institute of the Physics of Interplanetary Space, Rome
IT	Italy	A01725	A01730	CNR Bari	Italian National Research Council, Bari
IT	Italy	A01725	A01732	ISTI Pisa	Institute of Science and Information Technology, Pisa
IT	Italy	A01725	A01733	Naples	Italian National Research Council, Naples
IT	Italy	A01725	A01734	IAMC Naples	CNR Institute for Coastal Marine Environment, Naples
IT	Italy	A01725	A01736	CNR Florence	Italian National Research Council, Florence
IT	Italy	A01725	A01737	ISMAR Venice	CNR Institute for Marine Science, Venice
IT	Italy	A01725	A01738	ISAC Bologna	CNR Institute of Atmospheric Sciences and Climate, Bologna
IT	Italy	A01725	A01739	Perugia	Italian National Research Council, Perugia
IT	Italy	A01725	A01740	Genoa	Italian National Research Council, Genoa
IT	Italy	A01725	A01741	ISMAR Ancona	CNR Institute for Marine Science, Ancona
IT	Italy	A01725	A01743	Catania	Italian National Research Council, Catania
IT	Italy	A01725	A01745	Parma	CNR Institute of Materials for Electronics and Magnetism, Parma
IT	Italy	A01725	A01746	INFM	Italian National Institute for Material Physics, Rome
IT	Italy	A01725	A01747	Opt Pisa	CNR, Institute of Optics, Pisa
IT	Italy	A01725	A01748	Venice	Italian National Research Council, Venice
IT	Italy	A01725	A01749	IPCF Rende	Institute for Chemical Physics Processes, Rende
IT	Italy	A01725	A01750	CSCC	Institute of Crystallography, Pavia
IT	Italy	A01725	A01751	Bologna	Italian National Research Council, Bologna
IT	Italy	A01725	A01753	Inst Cyb	Edoardo Caianello Institute of Cybernetics, Naples
IT	Italy	A01725	A01754	Inst App Math Rome	Institute for Applied Mathematics, Rome
IT	Italy	A01725	A01755	Inst Sys Cmplx	Institute of Complex Systems, Rome
IT	Italy	A01725	A01756	Inst Phot Nano	Institute of Photonics and Nanotechnologies, Rome
IT	Italy	A01725	A01757	CNR Tor Vergata	Italian National Research Council, Tor Vergata
IT	Italy	A01725	A02480	IGG Pavia	Institute of Geosciences and Georesources, Pavia
IT	Italy	A01725	A02485	IMAA Potenza	Institute for Advanced Methods of Environmental Studies, Potenza
IT	Italy	A01725	A03970	Ast Obs Bologna	Astronomical Observatory of Bologna
IT	Italy	A01725	A03973	IASF Rome	Institute of Space Astrophysics and Cosmic Physics
IT	Italy	A01725	A03974	IRA Bologna	Institute of Radioastronomy, Bologna
IT	Italy	A01725	A03981	Ast Obs Arcetri	Astronomical Observatory of Arcetri
FR	France	A01725	A11379	CIFS	Interuniversity Consortium for Space Physics
IT	Italy	A01725	A11380	TeSRE Bologna	Institute for Technologies and Study of Extraterrestrial Radiation, Bologna
IT	Italy	A01725	A11383	IASF Milan	Institute for Cosmic Physics, Milan
IT	Italy	A01725	A11384	CSFNSM Catania	Sicilian Center for Nuclear Physics, Catania
IT	Italy	A01725	A11406	IAS Frascati	IAS, Laboratory for Space Plasmas, Frascati
IT	Italy	A01725	A11410	IMIP	Institute of Inorganic Methodologies and Plasmas, Rome
IT	Italy	A01725	A11411	IGAG	Institute of Environmental Geology and Geoengineering, Rome
IT	Italy	A01725	A13053	ISMAR Bologna	CNR Institute for Marine Science, Bologna
IT	Italy	A01725	A13062	Trieste	CNR Institute for Material Physics, Trieste
IT	Italy	A01725	A13075	IASF Palermo	Institute for Cosmic Physics, Palermo
IT	Italy	A01725	A06612	INO Florence	CNR, Institute of Applied Optics, Florence
IT	Italy		A01759	U Parma	University of Parma, Italy
IT	Italy	A01759	A01760	Dep Phy Ear Sci	University of Parma, Department of Physics and Earth Sciences
DE	Germany		A01761	U Berlin	Humboldt University of Berlin, Germany
DE	Germany	A01761	A01762	Inst Phy	University of Berlin, Institute for Physics
DE	Germany	A01761	A03054	Mus Nat Hist Berlin	Museum of Natural History, Berlin
DE	Germany		A01764	U Bonn	Rheinische Friedrich Wilhelms University of Bonn, Germany
DE	Germany	A01764	A01763	Inst Phy	University of Bonn, Institute of Physics
DE	Germany	A01764	A01765	Dep Phy Ast	University of Bonn, Department of Physics and Astronomy
DE	Germany	A01764	A01766	Bethe Ctr Phy	University of Bonn, Bethe Center for Physics
DE	Germany	A01764	A01767	Inst Phy Theo Chem	University of Bonn, Institute of Physical and Theoretical Chemistry
DE	Germany	A01764	A01768	Inst Rad Nuc Phy	University of Bonn, Helmholtz Institute for Radiation and Nuclear Physics
DE	Germany	A01764	A01769	Inst App Phy	University of Bonn, Institute for Applied Physics
DE	Germany	A01764	A01770	Argelander Inst Ast	University of Bonn, Argelander Institute for Astronomy
DE	Germany		A01771	U Gottingen	Georg August University of Gottingen, Germany
DE	Germany	A01771	A01772	Inst Astrop	University of Gottingen, Institute for Astrophysics
DE	Germany	A01771	A01773	Ctr Geop	University of Gottingen, Center for Geophysics
DE	Germany	A01771	A01774	Inst Phy	University of Gottingen, Institute for Physics
DE	Germany		A01775	U Magdeburg	Otto von Guericke University of Magdeburg, Germany
DE	Germany		A01776	U Marburg	Philipps University of Marburg, Germany
DE	Germany	A01776	A01777	Dep Phy	Philipps University of Marburg, Department of Physics
DE	Germany		A01778	U Jena	Friedrich Schiller University of Jena, Germany
DE	Germany	A01778	A01779	Dep Phy Ast	University of Jena, Department of Physics and Astronomy
DE	Germany	A01778	A01780	Ast Inst	University of Jena, Astrophysical Institute
DE	Germany	A01778	A01781	Inst Geos	University of Jena, Institute for Geosciences
DE	Germany		A01782	U Saarland	University of Saarland, Germany
GB	United Kingdom		A01783	Natl Phy Lab	National Physical Laboratory, UK
US	United States		A01784	U AL Birmingham	University of Alabama, Birmingham
CA	Canada		A01785	HydroQuebec	Hydro-Quebec, Montreal, Canada
CA	Canada		A01786	Atom En Can	Atomic Energy of Canada
CA	Canada	A01786	A01787	Can Nuc Lab	Canadian Nuclear Laboratories, Chalk River
NL	Netherlands		A01788	NIOZ	Royal Netherlands Institute for Sea Research
ZA	South Africa		A01790	Anglo Amer Res Lab	Anglo American Research Laboratories
US	United States		A01791	WHOI	Woods Hole Oceanographic Institute, Massachusetts
US	United States	A01791	A11803	MIT/WHOI Jt Prog	MIT/WHOI Joint Program in Oceanography
US	United States		A01792	Emmanuel Coll	Emmanuel College, Massachusetts
US	United States		A01793	Bridgewater St U	Bridgewater State University, Massachusetts
US	United States		A01794	Olin Coll Eng	Olin College of Engineering, Massachusetts
US	United States		A01795	New Coll FL	New College of Florida
US	United States		A01796	Metro St U Denver	Metropolitan State University of Denver, Colorado
US	United States		A01797	Palomar Coll	Palomar College, California
US	United States		A01798	East West Ctr	East West Center, Hawaii
US	United States		A01799	NIST	National Institute of Standards and Technology, Maryland
US	United States	A01799	A00036	JQI	Joint Quantum Institute, Maryland
US	United States	A01799	A11219	JILA	Joint Institute for Laboratory Astrophysics, Boulder, Colorado
US	United States		A01800	US NRegC	U.S. Nuclear Regulatory Commission
US	United States		A01801	NSF	National Science Foundation
US	United States	A01801	A01802	AUI	Associated Universities, Inc.
US	United States	A01801	A01803	LIGO Hanford Obs	LIGO Hanford Observatory
US	United States	A01801	A01804	Arecibo	Arecibo Observatory
US	United States	A01801	A11207	LIGO Livingston	LIGO Livingston Observatory, Louisiana
IL	Israel		A01805	Israel Min Def	Israel Ministry of Defense
DE	Germany		A01806	U Oldenburg	Carl von Ossietzky University of Oldenburg, Germany
UAE	UAE		A01807	UAE U	United Arab Emirates University
CL	Chile		A01808	Diego Portales U	Diego Portales University, Chile
SE	Sweden		A01809	Chalmers U Tech	Chalmers University of Technology, Sweden
SE	Sweden	A01809	A01810	Dep Ear Sp Sci	Chalmers University, Department of Earth and Space Sciences
SE	Sweden	A01809	A01811	Onsala Sp Obs	Onsala Space Observatory
SE	Sweden	A01809	A13011	Dep Ast Astrop	Chalmers University, Department of Astronomy and Astrophysics
NO	Norway		A01812	Norweg Pol Inst	Norwegian Polar Institute
NO	Norway		A01813	U Sth-Estrn Norway	University of South-Eastern Norway
NO	Norway	A01813	A06323	Buskerud U	Buskerud University College, Norway
NO	Norway	A01813	A06324	Vestfold U	Vestfold University College, Norway
NO	Norway	A01813	A06325	Telemark U	Telemark University College, Norway
NO	Norway		A01814	IFA	Institute for Energy Technology, Norway
FI	Finland		A01815	CSC IT Ctr Sci	CSC, IT Center for Science, Finland
EG	Egypt		A01816	Amer U Cairo	American University in Cairo, Egypt
GB	United Kingdom		A01817	UK Atom En Auth	UK Atomic Energy Authority
GB	United Kingdom	A01817	A06138	ITER UK	ITER, International Thermonuclear Experimental Reactor, UK
GB	United Kingdom		A01818	Met Off UK	Meteorological Office, UK
IE	Ireland		A01819	Irish Met Svc	Irish Meteorological Service
IE	Ireland		A01820	Geo Surv IE	Geological Survey of Ireland
US	United States		A01821	U AK Fairbanks	University of Alaska, Fairbanks
US	United States	A01821	A01822	Geop Inst	University of Alaska, Fairbanks, Geophysical Institute
US	United States	A01821	A11178	AVO	AK Volcano Observatory, Fairbanks
US	United States	A01821	A11179	Arctic Res Ctr	University of Alaska, Fairbanks, Arctic Research Center
GB	United Kingdom		A01823	Freshwater Biol Ass	Freshwater Biological Association, UK
GB	United Kingdom		A01824	Ryl Ast Soc	Royal Astronomical Society, UK
GB	United Kingdom		A01825	Ryl Inst GB	Royal Institution of Great Britain
GB	United Kingdom		A01826	Stonyhurst Coll	Stonyhurst College, UK
JP	Japan		A01827	Canon	Canon Inc.
US	United States		A01828	U CO Denver	University of Colorado, Denver
US	United States	A01828	A01829	Dep Phy	University of Colorado, Denver, Department of Physics
DE	Germany		A01830	U Witten	University of Witten, Germany
US	United States		A01831	UMB	University of Maryland, Baltimore
US	United States		A01832	U TX Arlington	University of Texas, Arlington
US	United States	A01832	A11133	Dep Phy	University of Texas, Arlington, Department of Physics
US	United States		A01833	U TX Austin	University of Texas, Austin
US	United States	A01833	A01834	McDonald Obs	University of Texas, Austin, McDonald Observatory
US	United States	A01833	A01835	Dep Geo Sci	University of Texas, Austin, Department of Geological Sciences
US	United States	A01833	A01836	Ctr Sp Res	University of Texas, Austin, Center for Space Research
US	United States	A01833	A01837	Dep Ast	University of Texas, Austin, Department of Astronomy
US	United States	A01833	A11130	Dep Phy	University of Texas, Austin, Department of Physics
US	United States		A01838	U TX Brownsville	University of Texas, Brownsville
US	United States	A01838	A11134	Dep Phy Ast	University of Texas, Brownsville, Department of Physics and Astronomy
US	United States		A01839	U TX Dallas	University of Texas, Dallas
US	United States	A01839	A11131	Dep Phy	University of Texas, Dallas, Department of Physics
US	United States	A01839	A11132	Ctr Sp Sci	University of Texas, Dallas, Center for Space Sciences
US	United States		A01840	U TX El Paso	University of Texas, El Paso
US	United States	A01840	A11137	Dep Phy	University of Texas, El Paso, Department of Physics
US	United States		A01841	U TX Galveston	University of Texas, Galveston
US	United States		A01842	U TX Health	University of Texas, Health Science Center
US	United States	A01842	A05865	MD Anderson	University of Texas, MD Anderson Cancer Center
US	United States		A01843	U TX San Antonio	University of Texas, San Antonio
US	United States	A01843	A11136	Dep Phy Ast	University of Texas, San Antonio, Department of Physics and Astronomy
CN	China		A01844	Zhejiang U	Zhejiang University, China
CN	China		A01845	CN Geo Surv	China Geological Survey
CN	China	A01845	A01846	Chengdu Inst Geo	Chengdu Institute of Geology and Mineral Resources
CN	China	A01845	A01847	Qingdao Inst Mar Geo	Qingdao Institute of Marine Geology
CN	China		A01848	Cap Norm U	Capital Normal University, Beijing
CN	China		A01849	CAS	Chinese Academy of Sciences
CN	China	A01849	A01850	Shenyang	Chinese Academy of Sciences, Shenyang
CN	China	A01849	A01851	Changchun	Chinese Academy of Sciences, Changchun
CN	China	A01849	A01852	Shanghai	Chinese Academy of Sciences, Shanghai
CN	China	A01849	A01853	CASHIPS	CAS, Hefei Institute of Physical Science
CN	China	A01849	A01854	Wuhan	Chinese Academy of Sciences, Wuhan
CN	China	A01849	A01855	Guangzhou	Chinese Academy of Sciences, Guangzhou
CN	China	A01849	A01856	Chengdu	Chinese Academy of Sciences, Chengdu
CN	China	A01849	A01857	Xinjiang	Chinese Academy of Sciences, Xinjiang
CN	China	A01849	A01858	Lanzhou	Chinese Academy of Sciences, Lanzhou
CN	China	A01849	A01859	IMP Lanzhou	CAS, Institute of Modern Physics, Lanzhou
CN	China	A01849	A01860	IGG	CAS, Institute of Geodesy and Geophysics
CN	China	A01849	A01861	IOE	CAS, Institute of Optics and Electronics
CN	China	A01849	A01862	SCSIO	CAS, South China Sea Institute of Oceanology
CN	China	A01849	A01863	NSTC	CAS, National Time Service Center
CN	China	A01849	A01864	Qinghai	CAS, Qinghai Institute of Salt Lakes
CN	China	A01849	A01865	Fuzhou	Chinese Academy of Sciences, Fuzhou
CN	China	A01849	A01866	Nanjing	Chinese Academy of Sciences, Nanjing
CN	China	A01849	A01867	NIAOT	CAS, Nanjing Institute of Astronomical Optics and Technology
CN	China	A01849	A01868	IGCAS	CAS, Institute of Geochemistry
CN	China	A01849	A01869	Kunming	Chinese Academy of Sciences, Kunming
CN	China	A01849	A01870	Xian	Chinese Academy of Sciences, Xian
CN	China	A01849	A11572	Ctr Theo Nuc Phy	CAS, Center of Theoretical Nuclear Physics, China
CN	China	A01849	A05686	AIOFM	CAS, Anhui Institute of Optics and Fine Mechanics
CN	China	A01849	A05687	CIGIT	CAS, Chongqing Institute Green and Intelligent Technology
CN	China	A01849	A06557	AQL	Alibaba Quantum Laboratory, China
CN	China		A01871	Lanzhou Jiaotong U	Lanzhou Jiaotong University, China
CN	China		A01872	Guangxi Norm U	Guangxi Normal University, China
CN	China		A01873	Wuhan U	Wuhan University, China
CN	China		A01874	CUMTX	China University of Mining and Technology, Xuzhou
CN	China	A01874	A06622	CUMTB	China University of Mining and Technology, Beijing
CN	China		A01875	E China Inst Tech	East China Institute of Technology
CN	China		A01876	Shenyang U Tech	Shenyang University of Technology, China
CN	China		A01877	Dalian U Tech	Dalian University of Technology, China
CN	China		A01878	Shaanxi Norm U	Shaanxi Normal University, China
CN	China		A01879	Shenyang Norm U	Shenyang Normal University, China
CN	China		A01880	S Cen U Natlties	South Central University for Nationalities, China
CN	China		A01881	SOAC	State Oceanic Administration, China
CN	China	A01881	A01882	Pol Res Inst	Polar Research Institute of China
CN	China	A01881	A01883	NMEFC	National Marine Environmental Forecasting Center, China
CN	China		A01884	Hebei GEO U	Hebei GEO University, China
CN	China		A01885	Henan U	Henan University, China
CN	China		A01886	Changzhou U	Changzhou University, China
CN	China		A01887	Jinan U	Jinan University, China
CN	China		A01888	Hunan U Arts Sci	Hunan University of Arts and Science, China
CN	China		A01889	Changsha U Sci Tech	Changsha University of Science and Technology, China
CN	China		A01890	CQUPT	Chongqing University of Posts and Telecommunications, China
CN	China		A01891	Dalian Mar U	Dalian Maritime University, China
CN	China		A01892	Fuzhou U	Fuzhou University, China
CN	China		A01893	Fujian Norm U	Fujian Normal University, China
CN	China		A01894	Lanzhou U	Lanzhou University, China
CN	China		A01895	Harbin Eng U	Harbin Engineering University, China
CN	China		A01896	Harbin U Sci Tech	Harbin University of Science and Technology, China
CN	China		A01897	Northeastern U China	Northeastern University, China
CN	China		A01898	NW Norm U	Northwest Normal University, China
CN	China		A01900	Liaoning U	Liaoning University, China
CN	China		A01901	Shanxi U	Shanxi University, China
CN	China		A01902	Tsinghua U	Tsinghua University, China
CN	China	A01902	A06246	JCGCS	Joint Center for Global Change Studies, Beijing
CN	China	A01902	A11571	Ctr Astrop	Tsinghua University, Center for Astrophysics
CN	China		A01903	Huazhong U Sci Tech	Huazhong University of Science and Technology, China
CN	China		A01904	Cen China Norm U	Central China Normal University, China
CN	China		A01905	Hohai U	Hohai University, China
CN	China		A01906	PKU	Peking University, China
CN	China	A01906	A01907	Sch Phy	PKU, School of Physics
CN	China	A01906	A01908	Sch Ear Sp Sci	PKU, School of Earth and Space Sciences
CN	China	A01906	A11562	BAC	CAS, Beijing Astrophysical Center
CN	China	A01906	A11565	KIAA	Kavli Institute for Astronomy and Astrophysics
CN	China		A01909	Xiamen U	Xiamen University, China
CN	China		A01910	Chin Ac Soc Sci	Chinese Academy of Social Sciences, Beijing
CN	China		A01911	Renmin U	Renmin University, Beijing
CN	China		A01912	BUPT	Beijing University of Posts and Telecommunications
CN	China		A01913	Shanghai Jiaotong U	Shanghai Jiaotong University, China
CN	China		A01914	Tongji U	Tongji University, China
CN	China		A01915	Fudan U	Fudan University, China
CN	China		A01916	XATU	Xi'an Technological University, China
CN	China		A01917	Xi'an Jiaotong U	Xi'an Jiaotong University, China
CN	China		A01918	Anhui U	Anhui University, China
CN	China		A01919	Beijing U Tech	Beijing University of Technology
CN	China		A01920	U Sci Tech Beijing	University of Science and Technology, Beijing
CN	China		A01921	Jilin U	Jilin University, China
CN	China		A01922	Hefei U Tech	Hefei University of Technology, China
CN	China		A01923	Anhui Norm U	Anhui Normal University, China
CN	China		A01924	Hunan U Sci Tech	Hunan University of Science and Technology, China
CN	China		A01925	Tianjin Norm U	Tianjin Normal University, China
CN	China		A01926	S China Agr U	South China Agricultural University
CN	China		A01927	Sichuan U	Sichuan University, China
CN	China		A01928	Nanjing Norm U	Nanjing Normal University, China
CN	China		A01929	Nankai U	Nankai University, China
CN	China		A01930	Mnstry Educ China	Ministry of Education, China
CN	China		A01931	Shanghai Norm U	Shanghai Normal University, China
CN	China		A01932	Harbin Norm U	Harbin Normal University, China
CN	China		A01933	Henan Poly U	Henan Polytechnic University, China
CN	China		A01934	Hubei U	Hubei University, China
CN	China		A01935	China U Geos Wuhan	China University of Geosciences, Wuhan
CN	China		A01936	Wuhan U Tech	Wuhan University of Technology, China
CN	China		A01937	Hunan Norm U	Hunan Normal University, China
CN	China		A01938	Hunan U	Hunan University, China
CN	China		A01939	Cen S U	Central South University, China
CN	China		A01940	Cen S U For Tech	Central South University of Forestry and Technology, China
CN	China		A01941	Hunan Agr U	Hunan Agricultural University, China
CN	China		A01942	Inner Mongolia U	Inner Mongolia University
CN	China		A01943	Nanjing UP&T	Nanjing University of Posts and Telecommunications, China
CN	China		A01944	Southeast U	Southeast University, Nanjing, China
CN	China		A01945	Nanjing U	Nanjing University, China
CN	China	A01945	A06710	JirLATEST	Joint International Research Laboratory of Atmospheric and Earth System Sciences, Nanjing
CN	China	A01945	A11568	Dep Ast	Nanjing University, Department of Astronomy
CN	China	A01945	A11569	Dep Phy	Nanjing University, Department of Physics
CN	China	A01945	A11570	Dep Ear Sci	Nanjing University, Department of Earth Sciences
CN	China		A01946	Soochow U	Soochow University, China
CN	China		A01947	Shandong U	Shandong University, China
CN	China	A01947	A01948	Weihai	Shandong University at Weihai, China
CN	China		A01949	Ocean U China	Ocean University of China
CN	China		A01950	Qingdao U	Qingdao University, China
CN	China		A01951	Shanghai U Elec Pwr	Shanghai University of Electric Power, China
CN	China		A01952	UESTC	University of Electronic Science and Technology, China
CN	China		A01953	CAEP	Chinese Academy of Engineering Physics
CN	China	A01953	A01954	IAPCM Beijing	Institute of Applied Physics and Computational Mathematics, Beijing
CN	China		A01955	Tianjin U	Tianjin University, China
CN	China		A01956	Hebei U Tech	Hebei University of Technology, China
CN	China		A01957	Zhejiang U Tech	Zhejiang University of Technology, China
CN	China		A01958	Hangzhou Dianzi U	Hangzhou Dianzi University, China
CN	China		A01959	BUAA	Beijing University of Aeronautics and Astronautics, China
CN	China		A01960	Yunnan U	Yunnan University, China
CN	China		A01961	Zhengzhou U	Zhengzhou University, China
CN	China		A01962	Jiangxi Norm U	Jiangxi Normal University, China
CN	China		A01963	China ETGC	China Electronics Technology Group Corporation
CN	China	A01963	A01964	CRIRP	China Research Institute of Radio Wave Propagation
CN	China		A01965	USTC	University of Science and Technology of China, Hefei
CN	China	A01965	A11563	Dep Ast	University of Science and Technology of China, Department of Astronomy
CN	China	A01965	A11564	Dep Ear Sp Sci	University of Science and Technology of China, Department of Earth and Space Sciences
CN	China	A01965	A13051	Dep Phy	University of Science and Technology of China, Department of Physics
CN	China		A01966	E China Norm U	East China Normal University, Shanghai
CN	China		A01967	Northwest U	Northwest University, China
CN	China		A01968	China ASTC	China Aerospace Science and Technology Corporation
CN	China	A01968	A01969	China Ac Sp Tech	China Academy of Space Technology
CN	China		A01970	Guangxi U	Guangxi University, China
CN	China		A01971	Xiangtan U	Xiangtan University, China
CN	China		A01972	Jiangsu Norm U	Jiangsu Normal University, China
CN	China		A01973	Jiangsu U	Jiangsu University, China
CN	China		A01974	Yantai U	Yantai University, China
CN	China		A01975	Jimei U	Jimei University, China
CN	China		A01976	Guizhou Norm U	Guizhou Normal University, China
CN	China		A01977	Bohai U	Bohai University, China
JP	Japan		A01978	Fujita Health U	Fujita Health University, Japan
JP	Japan		A01979	Ritsumeikan U	Ritsumeikan University, Japan
JP	Japan		A01980	Aoyama Gakuin U	Aoyama Gakuin University, Japan
JP	Japan	A01980	A11600	Dep Phy	Aoyama Gakuin University, Department of Physics
JP	Japan		A01981	Aichi U Educ	Aichi University of Education, Japan
JP	Japan		A01982	Aichi Gakuin U	Aichi Gakuin University, Japan
JP	Japan		A01983	Aichi U	Aichi University, Japan
JP	Japan		A01984	Nara Inst Tech	Nara Institute of Technology, Japan
JP	Japan		A01985	Aichi Inst Tech	Aichi Institute of Technology, Japan
JP	Japan		A01986	Akita U	Akita University, Japan
JP	Japan		A01987	Aomori U	Aomori University, Japan
JP	Japan		A01988	Asahikawa Coll Tech	Asahikawa College of Technology, Japan
JP	Japan		A01989	Asahi U	Asahi University, Japan
JP	Japan		A01990	Chiba U	Chiba University, Japan
JP	Japan	A01990	A11633	Dep Phy	Chiba University, Department of Physics
JP	Japan		A01991	Chubu U	Chubu University, Japan
JP	Japan		A01992	Chiba Keizai U	Chiba Keizai University, Japan
JP	Japan		A01993	U Hyogo	University of Hyogo, Japan
JP	Japan		A01994	Chukyo U	Chukyo University, Japan
JP	Japan		A01995	Tokyo Denki U	Tokyo Denki University
JP	Japan		A01996	Hokkaido Info U	Hokkaido Information University, Japan
JP	Japan		A01997	Dokkyo U	Dokkyo University, Japan
JP	Japan		A01998	Doshisha U	Doshisha University, Japan
JP	Japan		A01999	Ehime U	Ehime University, Japan
JP	Japan	A01999	A11637	Res Ctr Sp Csmc Ev	Ehime University, Research Center for Space and Cosmic Evolution
JP	Japan	A01999	A11638	Dep Ear Sci	Ehime University, Department of Earth Sciences
JP	Japan	A01999	A11639	Dep Phy	Ehime University, Department of Physics
JP	Japan		A02000	Fukuoka U Educ	Fukuoka University of Education, Japan
JP	Japan		A02001	Fukuoka U	Fukuoka University, Japan
JP	Japan		A02002	Fukushima U	Fukushima University, Japan
JP	Japan		A02003	Gakushuin U	Gakushuin University, Japan
JP	Japan		A02004	Gifu U	Gifu University, Japan
JP	Japan		A02005	Nippon Fukushi U	Nippon Fukushi University, Japan
JP	Japan		A02006	Hiroshima Pref Wmns U	Hiroshima Prefectural Womens University, Japan
JP	Japan		A02007	Hirosaki U	Hirosaki University, Japan
JP	Japan		A02008	Hiroshima City U	Hiroshima City University, Japan
JP	Japan		A02009	Hiroshima U	Hiroshima University, Japan
JP	Japan	A02009	A02010	Dep Phy	Hiroshima University, Department of Physics
JP	Japan	A02009	A11631	Ast Sci Ctr	Hiroshima University, Astrophysical Science Center
JP	Japan	A02009	A11632	Dep Ear Plan Sci	Hiroshima University, Department of Earth and Planetary Science
JP	Japan		A02011	Hitotsubashi U	Hitotsubashi University, Japan
JP	Japan		A02012	Hokkai Gakuen U	Hokkai Gakuen University, Japan
JP	Japan		A02013	Hokkaido U	Hokkaido University, Japan
JP	Japan	A02013	A11610	Dep Ear Plan Sci	Hokkaido University, Department of Earth and Planetary Science
JP	Japan	A02013	A11611	Dep Phy	Hokkaido University, Department of Physics
JP	Japan	A02013	A11612	Inst Seis Volc	Hokkaido University, Institute of Seismology and Volcanology
JP	Japan	A02013	A11613	Inst Cosmosc	Hokkaido University, Institute of Cosmosciences
JP	Japan		A02014	Hosei U	Hosei University, Japan
JP	Japan		A02015	Hyogo U	Hyogo University, Japan
JP	Japan		A02016	Hyogo Coll Med	Hyogo College of Medicine, Japan
JP	Japan		A02017	Ibaraki U	Ibaraki University, Japan
JP	Japan	A02017	A11634	Inst Ast Plan Sci	Ibaraki University, Institute for Astrophysics and Planetary Sciences
JP	Japan		A02018	Intl Christ U	International Christian University, Japan
JP	Japan		A02019	Kyushu Sangyo U	Kyushu Sangyo University, Japan
JP	Japan		A02020	Chiba Inst Tech	Chiba Institute of Technology, Japan
JP	Japan		A02021	Iwate Med U	Iwate Medical University, Japan
JP	Japan		A02022	Iwate U	Iwate University, Japan
JP	Japan		A02023	JAIST	Japan Advanced Institute of Science and Technology
JP	Japan		A02024	Joetsu U Educ	Joetsu University of Education, Japan
JP	Japan		A02025	Japan Wmns U	Japan Womens University
JP	Japan		A02026	Kagawa U	Kagawa University, Japan
JP	Japan		A02027	Kagoshima U	Kagoshima University, Japan
JP	Japan	A02027	A11641	Dep Phy Ast	Kagoshima University, Department of Physics and Astronomy
JP	Japan		A02028	Kanagawa Inst Tech	Kanagawa Institute of Technology, Japan
JP	Japan		A02029	Kanagawa U	Kanagawa University, Japan
JP	Japan		A02030	Kanazawa Inst Tech	Kanazawa Institute of Technology, Japan
JP	Japan		A02031	Kanazawa U	Kanazawa University, Japan
JP	Japan	A02031	A02032	Sch Nat Sci Tech	Kanazawa University, School of Natural Science and Technology
JP	Japan	A02031	A11635	Dep Ear Sci	Kanazawa University, Department of Earth Sciences
JP	Japan	A02031	A11636	Dep Phy	Kanazawa University, Department of Physics
JP	Japan		A02033	Kansai U	Kansai University, Japan
JP	Japan		A02034	Kyoto City U Arts	Kyoto City University of Arts, Japan
JP	Japan		A02035	Keio U	Keio University, Japan
JP	Japan		A02036	Kindai U	Kindai University, Japan
JP	Japan		A02037	Kyoto Inst Tech	Kyoto Institute of Technology, Japan
JP	Japan		A02038	Kitasato U	Kitasato University, Japan
JP	Japan		A02039	Kibi Intl U	Kibi International University, Japan
JP	Japan		A02040	Kobe U	Kobe University, Japan
JP	Japan	A02040	A11596	Ctr Plan Sci	Kobe University, Center for Planetary Science
JP	Japan	A02040	A11597	Dep Phy	Kobe University, Department of Physics
JP	Japan		A02041	Kochi U	Kochi University, Japan
JP	Japan		A02042	Kokugakuin U	Kokugakuin University, Japan
JP	Japan		A02043	Kokushikan U	Kokushikan University, Japan
JP	Japan		A02044	Kyoto Pref U	Kyoto Prefectural University, Japan
JP	Japan		A02045	Kwansei Gakuin U	Kwansei Gakuin University, Japan
JP	Japan		A02046	Kyoto U Arts Dsgn	Kyoto University of Art and Design, Japan
JP	Japan		A02047	Kyoto Gakuen U	Kyoto Gakuen University, Japan
JP	Japan		A02048	Kyoto Pharm U	Kyoto Pharmaceutical University, Japan
JP	Japan		A02049	Kyoto U	Kyoto University, Japan
JP	Japan	A02049	A01015	Dep Aer Astnau	Kyoto University, Department of Aeronautics and Astronautics
JP	Japan	A02049	A02050	Inst Geoth Sci	Kyoto University, Institute for Geothermal Sciences
JP	Japan	A02049	A02051	Dep Ear Plan Sci	Kyoto University, Department of Earth and Planetary Sciences
JP	Japan	A02049	A02052	Dep Phy Ast	Kyoto University, Department of Physics and Astronomy
JP	Japan	A02049	A02053	DPRI	Kyoto University, Disaster Prevention Research Institute
JP	Japan	A02049	A02054	RISH	Kyoto University, Institute for Sustainable Humanosphere
JP	Japan	A02049	A11581	YITP	Kyoto University, Yukawa Institute for Theoretical Physics
JP	Japan	A02049	A11582	Dep Geop	Kyoto University, Department of Geophysics
JP	Japan	A02049	A11583	Hida Kwasan Obs	Kyoto University, Hida and Kwasan Observatories
JP	Japan	A02049	A11584	Ctr Sp Stud	Kyoto University, Center for Space Studies
JP	Japan	A02049	A11585	Rad Atm Sci Ctr	Kyoto University, Radio Atmospheric Science Center
JP	Japan		A02055	Kyoto Wmns U	Kyoto Womens University, Japan
JP	Japan		A02056	Kyushu U	Kyushu University, Japan
JP	Japan	A02056	A11622	Dep Ear Plan Sci	Kyushu University, Department of Earth and Planetary Sciences
JP	Japan	A02056	A11623	Sp Env Res Ctr	Kyushu University, Space Environment Research Center
JP	Japan	A02056	A11624	Dep Phy	Kyushu University, Department of Physics
JP	Japan		A02057	Kyushu U Tech	Kyushu University of Technology, Japan
JP	Japan		A02058	Gunma U	Gunma University, Japan
JP	Japan		A02059	NIT Matsue	National Institute of Technology, Matsue College, Japan
JP	Japan		A02060	Osaka Met U	Osaka Metropolitan University, Japan
JP	Japan		A02061	Shimane U	Shimane University, Japan
JP	Japan		A02062	Meiji U	Meiji University, Japan
JP	Japan		A02063	Meiji Gakuin U	Meiji Gakuin University, Japan
JP	Japan		A02064	Meijo U	Meijo University, Japan
JP	Japan		A02065	Tokyo Metro U	Tokyo Metropolitan University, Japan
JP	Japan	A02065	A11625	Dep Phy	Tokyo Metropolitan University, Department of Physics
JP	Japan		A02066	Mie U	Mie University, Japan
JP	Japan		A02067	Miyagi U Educ	Miyagi University of Education, Japan
JP	Japan		A02068	Miyazaki U	Miyazaki University, Japan
JP	Japan		A02069	Nagasaki U	Nagasaki University, Japan
JP	Japan		A02070	Nagoya City U	Nagoya City University, Japan
JP	Japan		A02071	Nagoya U	Nagoya University, Japan
JP	Japan	A02071	A02072	Sol Terr Env Lab	Nagoya University, Solar Terrestrial Environment Laboratory
JP	Japan	A02071	A02073	Dep Ear Env Stud	Nagoya University, Department of Earth and Environmental Studies
JP	Japan	A02071	A11593	Dep Phy Astrop	Nagoya University, Department of Physics and Astrophysics
JP	Japan	A02071	A11594	KMI	Nagoya University, Kobayashi-Maskawa Institute for the Origin of Particles and the Universe
JP	Japan		A02074	Nara Med U	Nara Medical University, Japan
JP	Japan		A02075	Nara Wmns U	Nara Womens University, Japan
JP	Japan		A02076	Naruto U Educ	Naruto University of Education, Japan
JP	Japan		A02077	NIAS	Nagasaki Institute of Applied Science, Japan
JP	Japan		A02078	Nihon U	Nihon University, Japan
JP	Japan		A02079	Niigata U	Niigata University, Japan
JP	Japan		A02080	Nagoya Inst Tech	Nagoya Institute of Technology, Japan
JP	Japan		A02081	Ochanomizu U	Ochanomizu University, Japan
JP	Japan		A02082	Oita U	Oita University, Japan
JP	Japan		A02083	Okayama U	Okayama University, Japan
JP	Japan	A02083	A02084	ISEI	Okayama University, Institute for Study of the Earths Interior
JP	Japan		A02085	Meisei U	Meisei University, Japan
JP	Japan		A02086	Osaka Elec-Comm U	Osaka Electro-Communication University, Japan
JP	Japan		A02087	Osaka Gakuin U	Osaka Gakuin University, Japan
JP	Japan		A02088	Osaka Kyoiku U	Osaka Kyoiku University, Japan
JP	Japan		A02089	Osaka Sangyo U	Osaka Sangyo University, Japan
JP	Japan		A02090	Osaka U	Osaka University, Japan
JP	Japan	A02090	A11586	Dep Ear Sp Stud	Osaka University, Department of Earth and Space Studies
JP	Japan	A02090	A11587	Res Ctr Nuc Phy	Osaka University, Research Center for Nuclear Physics
JP	Japan	A02090	A11588	Dep Phy	Osaka University, Department of Physics
JP	Japan	A02090	A11589	Inst Laser Eng	Osaka University, Institute of Laser Engineering
JP	Japan		A02091	Okayama U Sci	Okayama University of Science, Japan
JP	Japan		A02092	Rakuno Gakuen U	Rakuno Gakuen University, Japan
JP	Japan		A02093	Rikkyo U	Rikkyo University, Japan
JP	Japan		A02094	Rissho U	Rissho University, Japan
JP	Japan		A02095	Ryukoku U	Ryukoku University, Japan
JP	Japan		A02096	Saga U	Saga University, Japan
JP	Japan		A02097	Saitama U	Saitama University, Japan
JP	Japan		A02098	Hokkaido U Educ	Hokkaido University of Education, Japan
JP	Japan		A02099	Musashi U	Musashi University, Japan
JP	Japan		A02100	Senshu U	Senshu University, Japan
JP	Japan		A02101	Shiga U	Shiga University, Japan
JP	Japan		A02102	Shimonoseki City U	Shimonoseki City University, Japan
JP	Japan		A02103	Shinshu U	Shinshu University, Japan
JP	Japan		A02104	Shumei U	Shumei University, Japan
JP	Japan		A02105	Saitama Inst Tech	Saitama Institute of Technology, Japan
JP	Japan		A02106	Sophia U	Sophia University, Japan
JP	Japan		A02107	Kobe Wmns U	Kobe Womens University, Japan
JP	Japan		A02108	Takushoku U	Takushoku University, Japan
JP	Japan		A02109	Tamagawa U	Tamagawa University, Japan
JP	Japan		A02110	Teikyo U	Teikyo University, Japan
JP	Japan		A02111	Tokyo U Tech	Tokyo University of Technology, Japan
JP	Japan		A02112	Tokyo Med Dental U	Tokyo Medical and Dental University, Japan
JP	Japan		A02113	Tohoku U	Tohoku University, Japan
JP	Japan	A02113	A02114	Dep Ear Sci	Tohoku University, Department of Earth Sciences
JP	Japan	A02113	A02115	Dep Phy	Tohoku University, Department of Physics
JP	Japan	A02113	A02116	Inst Mat Res	Tohoku University, Institute for Materials Research
JP	Japan	A02113	A11579	Ast Inst	Tohoku University, Astronomical Institute
JP	Japan	A02113	A11580	Dep Geos	Tohoku University, Department of Geosciences
JP	Japan		A02117	Toho U	Toho University, Japan
JP	Japan		A02118	Tohoku Inst Tech	Tohoku Institute of Technology, Japan
JP	Japan		A02119	Tokiwa U	Tokiwa University, Japan
JP	Japan		A02120	Tokushima U	Tokushima University, Japan
JP	Japan		A02121	Tottori U	Tottori University, Japan
JP	Japan		A02122	TUPLS	Tokyo University of Pharmacy and Life Sciences, Japan
JP	Japan		A02123	Toyo U	Toyo University, Japan
JP	Japan		A02124	Tsuda Coll	Tsuda College, Japan
JP	Japan		A02125	U Tsukuba	University of Tsukuba, Japan
JP	Japan	A02125	A11603	Dep Phy	University of Tsukuba, Department of Physics
JP	Japan	A02125	A11604	Dep Geos	University of Tsukuba, Department of Geosciences
JP	Japan		A02126	Tsuru U	Tsuru University, Japan
JP	Japan		A02127	Tokyo U Agr	Tokyo University of Agriculture, Japan
JP	Japan		A02128	Toyohashi U	Toyohashi University of Technology, Japan
JP	Japan		A02129	Tokyo Wmns Christ U	Tokyo Womans Christian University, Japan
JP	Japan		A02130	Aizu U	Aizu University, Japan
JP	Japan		A02131	U Elec-Comm	University of Electro-Communications, Tokyo, Japan
JP	Japan		A02132	Tokyo Gakugei U	Tokyo Gakugei University, Japan
JP	Japan		A02133	U Occ Env Health	University of Occupational and Environmental Health, Japan
JP	Japan		A02134	Shizuoka U	Shizuoka University, Japan
JP	Japan		A02135	Shiga Pref U	Shiga Prefecture University, Japan
JP	Japan		A02136	Tokai U	Tokai University, Japan
JP	Japan	A02136	A02137	Kyushu Tokai U	Kyushu Tokai University, Japan
JP	Japan	A02136	A11626	Dep Phy	Tokai University, Department of Physics
JP	Japan		A02138	U Tokyo	University of Tokyo, Japan
JP	Japan	A02138	A02139	GSFS	University of Tokyo, Graduate School of Frontier Sciences
JP	Japan	A02138	A02140	Inst Ast	University of Tokyo, Institute of Astronomy
JP	Japan	A02138	A02141	Inst Csmc Ray Res	University of Tokyo, Institute for Cosmic Ray Research
JP	Japan	A02138	A02142	Dep Phy	University of Tokyo, Department of Physics
JP	Japan	A02138	A02143	Dep App Phy	University of Tokyo, Department of Applied Physics
JP	Japan	A02138	A02144	Dep Ear Plan Env Sci	University of Tokyo, Department of Earth and Planetary Environmental Science
JP	Japan	A02138	A02145	Dep Ast	University of Tokyo, Department of Astronomy
JP	Japan	A02138	A02146	ERI	University of Tokyo, Earthquake Research Institute
JP	Japan	A02138	A11616	Dep Ear Sci Ast	University of Tokyo, Department of Earth Science and Astronomy
JP	Japan	A02138	A11617	IPMU	University of Tokyo, Kavli Institute for the Physics and Mathematics of the Universe
JP	Japan	A02138	A11618	RESCEU	University of Tokyo, Research Center for the Early Universe
JP	Japan	A02138	A11619	AORI	University of Tokyo, Atmosphere and Ocean Research Institute
JP	Japan	A02138	A11620	CNS	University of Tokyo, Center for Nuclear Study
JP	Japan	A02138	A11621	CCSR	University of Tokyo, Center for Climate System Research
JP	Japan	A02138	A11627	Geop Inst	University of Tokyo, Geophysical Institute
JP	Japan		A02147	Utsunomiya U	Utsunomiya University, Japan
JP	Japan		A02148	Wakayama U	Wakayama University, Japan
JP	Japan		A02149	Waseda U	Waseda University, Japan
JP	Japan	A02149	A02150	WISE	Waseda University, Advanced Research Institute for Science and Engineering
JP	Japan	A02149	A11609	Dep Phy Ast	Waseda University, Department of Physics and Astronomy
JP	Japan		A02151	Yamagata U	Yamagata University, Japan
JP	Japan		A02152	Yamaguchi U	Yamaguchi University, Japan
JP	Japan		A02153	Yamanashi Gakuin U	Yamanashi Gakuin University, Japan
JP	Japan		A02154	Yokohama Natl U	Yokohama National University, Japan
JP	Japan		A02155	Yokohama City U	Yokohama City University, Japan
JP	Japan		A02156	Akita Jr Coll	Akita Junior College, Japan
JP	Japan		A02157	SOKENDAI	Graduate University for Advanced Studies, Japan
JP	Japan	A02157	A11578	Dep Ast Sci	Graduate University for Advanced Studies, Department of Astronomical Science
JP	Japan	A02157	A11601	Dep Sp Astnau Sci	Graduate University for Advanced Studies, Department of Space and Astronautical Science
JP	Japan	A02157	A11602	Dep Part Nuc Phy	Graduate University for Advanced Studies, Department of Particle and Nuclear Physics
JP	Japan		A02158	Open U Japan	Open University of Japan
JP	Japan		A02159	KNCT	Kagoshima National College of Technology, Japan
JP	Japan		A02160	Konan U	Konan University, Japan
JP	Japan		A02161	Kumamoto U	Kumamoto University, Japan
JP	Japan		A02162	Kumamoto NCT	Kumamoto National College of Technology, Japan
JP	Japan		A02163	Tokyo Keizai U	Tokyo Keizai University, Japan
JP	Japan		A02164	Nara Pref U	Nara Prefectural University, Japan
JP	Japan		A02165	Nishogakusha U	Nishogakusha University, Japan
JP	Japan		A02166	Saitama Pref U	Saitama Prefectural University, Japan
JP	Japan		A02167	Tohoku Gakuin U	Tohoku Gakuin University, Japan
JP	Japan		A02168	TITech Ookayama	Tokyo Institute of Technology, Ookayama, Japan
JP	Japan	A02168	A02169	Dep Phy	Tokyo Institute of Technology, Department of Physics
JP	Japan	A02168	A11614	Dep Ear Plan Sci	Tokyo Institute of Technology, Department of Earth and Planetary Science
JP	Japan		A02170	Tokyo Metro CIT	Tokyo Metropolitan College of Industrial Technology, Japan
JP	Japan		A02171	Yonezawa Wmns Jr Coll	Yonezawa Womens Junior College, Japan
JP	Japan		A02172	Osaka Pref U	Osaka Prefecture University, Japan
JP	Japan		A02173	Nara U Educ	Nara University of Education, Japan
JP	Japan		A02174	Osaka UHSS	Osaka University of Health and Sports Sciences, Japan
JP	Japan		A02175	Natl Def Ac	National Defense Academy, Japan
JP	Japan		A02176	Kyoto U Edu	Kyoto University of Education, Japan
JP	Japan		A02177	Muroran Inst Tech	Muroran Institute of Technology, Japan
JP	Japan		A02178	CRIEPI	Central Research Institute of Electric Power Industry, Japan
JP	Japan		A02179	Fujitsu	Fujitsu Ltd
JP	Japan		A02180	Mitsubishi	Mitsubishi Electric Corporation
JP	Japan		A02181	Ajinomoto	Ajinomoto Co Inc.
JP	Japan		A02182	Sony	Sony Corporation
JP	Japan		A02183	Hamamatsu Phot	Hamamatsu Photonics KK
JP	Japan		A02184	Hitachi	Hitachi Ltd
JP	Japan		A02185	JST Agcy	Japan Science and Technology Agency
JP	Japan		A02186	ATR CRL	ATL Adaptive Communications Research Laboratories, Japan
JP	Japan		A02187	NICT	National Institute of Information and Communications Technology, Japan
JP	Japan	A02187	A02188	Sp Res Ctr	NICT, Space Research Center
JP	Japan	A02187	A11592	RRL	Radio Research Laboratories, Japan
JP	Japan		A02189	AIST	National Institute of Advanced Industrial Science and Technology, Sansoken, Japan
JP	Japan	A02189	A02190	Geo Surv JP	National Institute of Advanced Industrial Science and Technology, Geological Survey of Japan
JP	Japan	A02189	A02191	Tsukuba	National Institute of Advanced Industrial Science and Technology, Tsukuba
JP	Japan		A02192	Nichibunken	International Research Center for Japanese Studies, Kyoto
JP	Japan		A02193	Natl Inst Radiol Sci	National Institute of Radiological Sciences, Japan
JP	Japan		A02194	ROIS	Research Organization of Information and Systems, Japan
JP	Japan	A02194	A02195	ISM	Institute of Statistical Mathematics, Japan
JP	Japan	A02194	A02196	NII	National Institute for Informatics, Japan
JP	Japan		A02197	BRI	National Building Research Institute, Japan
JP	Japan		A02198	KEK	High Energy Accelerator Research Organization, Japan
JP	Japan		A02199	NIPR	National Institute for Polar Research, Japan
JP	Japan		A02200	JAXA	JAXA Japan Aerospace Exploration Agency
JP	Japan	A02200	A02201	ISAS	JAXA, Institute of Space and Astronautical Science
JP	Japan	A02200	A02202	EORC	JAXA, Earth Observation Research Center
JP	Japan	A02200	A11599	Aero Res Dev Dir	JAXA, Aerospace Research and Development Directorate
JP	Japan		A02203	JAMSTEC	Japan Marine Science and Technology Center
JP	Japan	A02203	A02204	Kochi	JAMSTEC, Kochi Institute for Core Sample Research
JP	Japan	A02203	A11605	IFREE	JAMSTEC, Institute for Frontier Research on Earth Evolution
JP	Japan	A02203	A11606	CDEX	JAMSTEC, Center for Deep Earth Exploration
JP	Japan	A02203	A11607	ESC	JAMSTEC, Earth Simulator Center
JP	Japan	A02203	A11608	FRSGC	JAMSTEC, Frontier Research Center for Global Change
JP	Japan		A02205	NIPH	National Institute of Public Health, Japan
JP	Japan		A02206	NIES	National Institute for Environmental Studies, Japan
JP	Japan		A02207	NMNS Tokyo	National Museum of Nature and Science, Japan
JP	Japan		A02208	NIAES	National Institute for Agro Environmental Studies, Japan
JP	Japan		A02209	NINS	National Institutes of Natural Sciences, Japan
JP	Japan	A02209	A04899	NIFS	National Institute for Fusion Science, Japan
JP	Japan	A02209	A06569	ABC Japan	Astrobiology Center, Japan
JP	Japan	A02209	A11595	NIMS	National Institute for Molecular Science, Japan
JP	Japan		A02210	RIKEN	RIKEN, Institute of Physical and Chemical Research, Japan
JP	Japan	A02210	A02510	JASRI	Japan Synchrotron Radiation Research Institute, Japan
JP	Japan	A02210	A05714	RNC	RIKEN, Nishina Center for Accelerator-Based Science, Japan
JP	Japan	A02210	A11590	Ast Lab	RIKEN, Astrophysics Laboratory, Japan
JP	Japan	A02210	A11591	Csmc Rad Lab	RIKEN, Cosmic Radiation Laboratory, Japan
JP	Japan		A02213	IRI	Institute Research and Innovation, Kashiwa, Japan
JP	Japan		A02214	Ashikaga Inst Tech	Ashikaga Institute of Technology, Japan
DE	Germany		A02215	U Cologne	Andreas Eckart University of Cologne, Germany
DE	Germany	A02215	A02216	Inst Theo Phy	University of Cologne, Institute for Theoretical Physics
DE	Germany	A02215	A02217	Inst Geop	University of Cologne, Institute for Geophysics
DE	Germany	A02215	A02218	Inst Phy	University of Cologne, Institute for Physics
DE	Germany	A02215	A11495	Inst Plan Res	University of Cologne, Institute for Planetary Research
DE	Germany		A02219	TU Dortmund	Technical University of Dortmund, Germany
DE	Germany	A02219	A02220	Dep Phy	Technical University of Dortmund, Department of Physics
DE	Germany		A02221	U Siegen	University of Siegen, Germany
US	United States		A02222	UIUC	University of Illinois, Urbana-Champaign
US	United States	A02222	A02223	Geol Surv	University of Illinois, Urbana-Champaign, State Geological Survey
US	United States	A02222	A06807	Nat Hist Surv	Illinois Natural History Survey
US	United States	A02222	A11121	Dep Ast	University of Illinois, Urbana-Champaign, Department of Astronomy
US	United States	A02222	A11122	NCSA	University of Illinois, Urbana-Champaign, National Center for Supercomputing Applications
US	United States	A02222	A11123	Dep Phy	University of Illinois, Urbana-Champaign, Department of Physics
US	United States	A02222	A11124	Dep Geo	University of Illinois, Urbana-Champaign, Department of Geology
US	United States	A02222	A11149	Dep Civ Eng	University of Illinois, Urbana-Champaign, Department of Civil Engineering
US	United States		A02224	Fitchburg St U	Fitchburg State University, Massachusetts
US	United States		A02225	UNC Greensboro	University of North Carolina, Greensboro
US	United States		A02226	UNC Wilmington	University of North Carolina, Wilmington
US	United States		A02227	Baylor U	Baylor University, Texas
US	United States	A02227	A11339	CASPER	Baylor University, Center for Astrophysics Space Physics and Engineering Research
MX	Mexico		A02228	U Guanajuato	University of Guanajuato, Mexico
MX	Mexico	A02228	A02229	Inst Phy	University of Guanajuato, Institute of Physics
MX	Mexico	A02228	A11723	Dep Ast	University of Guanajuato, Department of Astronomy
CL	Chile		A02230	U Chile	University of Chile
CL	Chile	A02230	A02231	Dep Ast	University of Chile, Department of Astronomy
CL	Chile	A02230	A02232	Natl Ast Obs	National Astronomical Observatory, Chile
CL	Chile	A02230	A02233	Dep Geop	University of Chile, Department of Geophysics
CL	Chile	A02230	A06172	MAS	Millennium Institute of Astrophysics, Chile
CL	Chile	A02230	A11711	Dep Phy	University of Chile, Department of Physics
US	United States		A02234	U AK Juneau	University of Alaska, Juneau
US	United States		A02235	U AR Lttl Rock	University of Arkansas, Little Rock
US	United States		A02236	U AR Pine Bluff	University of Arkansas, Pine Bluff
US	United States		A02237	U CO Springs	University of Colorado, Colorado Springs
US	United States		A02238	U HI Hilo	University of Hawaii, Hilo
US	United States		A02239	U IL Chicago	University of Illinois, Chicago
US	United States		A02240	U IL Springfield	University of Illinois, Springfield
US	United States		A02241	Sthrn U A&M Coll	Southern University and Agricultural and Mechanical College, Baton Rouge
US	United States		A02242	UMBC	University of Maryland, Baltimore County
US	United States	A02242	A05873	LPS UMD	Laboratory for Physical Sciences, Maryland
US	United States	A02242	A11044	JCA	Joint Center for Astrophysics, UMD Baltimore
US	United States	A02242	A11045	CRESST	Center for Research and Exploration in Space Science & Technology
US	United States	A02242	A11046	JCET	Joint Center for Earth Systems Technology, UMD, Baltimore
US	United States		A02243	U MN Duluth	University of Minnesota, Duluth
US	United States		A02244	U MN Morris	University of Minnesota, Morris
US	United States		A02245	U MN Crookston	University of Minnesota, Crookston
US	United States		A02246	U NE Lincoln	University of Nebraska, Lincoln
US	United States	A02246	A11109	Dep Phy Ast	University of Nebraska, Lincoln, Department of Physics and Astronomy
US	United States		A02247	U NE Omaha	University of Nebraska, Omaha
US	United States		A02248	UMCES	University of Maryland, Center for Environmental Science
US	United States		A02249	UNC Charlotte	University of North Carolina, Charlotte
US	United States		A02250	TX A&M Coll Station	Texas A&M University, College Station
US	United States	A02250	A02251	Dep Phy Ast	Texas A&M University, College Station, Department of Physics and Astronomy
US	United States	A02250	A02252	Dep Geo Geop	Texas A&M University, College Station, Department of Geology and Geophysics
US	United States	A02250	A05717	Cycl Inst	Texas A&M University, Cyclotron Institute
US	United States		A02253	U Houston	University of Houston, Texas
US	United States	A02253	A02254	Dep Ear Atm Sci	University of Houston, Department of Earth and Atmospheric Sciences
US	United States	A02253	A02255	Dep Phy	University of Houston, Department of Physics
US	United States		A02256	U WI Eau Claire	University of Wisconsin, Eau Claire
US	United States		A02257	U WI Green Bay	University of Wisconsin, Green Bay
US	United States		A02258	U WI La Crosse	University of Wisconsin, La Crosse
US	United States		A02259	U WI Milwaukee	University of Wisconsin, Milwaukee
US	United States	A02259	A11128	CGCA	University of Wisconsin, Milwaukee, Center for Gravitation Cosmology and Astrophysics
US	United States	A02259	A11129	Dep Phy	University of Wisconsin, Milwaukee, Department of Physics
US	United States		A02260	U WI Oshkosh	University of Wisconsin, Oshkosh
US	United States		A02261	U WI Parkside	University of Wisconsin, Parkside
US	United States		A02262	U WI Platteville	University of Wisconsin, Platteville
US	United States		A02263	U WI River Falls	University of Wisconsin, River Falls
US	United States		A02264	U WI Stevens Point	University of Wisconsin, Stevens Point
US	United States		A02265	U WI Stout	University of Wisconsin, Stout
US	United States		A02266	U WI Whitewater	University of Wisconsin, Whitewater
US	United States		A02267	U WI Marathon Cnty	University of Wisconsin, Marathon County
US	United States		A02268	CCNY	City College of New York
US	United States		A02269	U AL Huntsville	University of Alabama, Huntsville
US	United States	A02269	A11099	Dep Phy	University of Alabama, Huntsville, Department of Physics
DE	Germany		A02270	U Hamburg	University of Hamburg, Germany
DE	Germany	A02270	A02271	Dep Phy	University of Hamburg, Department of Physics
DE	Germany	A02270	A02272	Inst Theo Phy	University of Hamburg, Institute for Theoretical Physics
DE	Germany	A02270	A02273	Obs	University of Hamburg, Hamburg Observatory
DE	Germany	A02270	A11500	Inst Exp Phy	University of Hamburg, Institute for Experimental Physics
GB	United Kingdom		A02274	James Hutton Inst	James Hutton Institute, UK
GB	United Kingdom	A02274	A02275	BioSS	Biomathematics and Statistics Scotland
GB	United Kingdom		A02276	STFC	Science and Technology Facilities Council, UK
GB	United Kingdom	A02276	A02277	RAL Sp Sci Tech Dep	RAL, Space Science and Technology Department
GB	United Kingdom	A02276	A02278	Ryl Obs Edin	Royal Observatory Edinburgh
GB	United Kingdom	A02276	A02279	RAL	Rutherford Appleton Laboratory
US	United States		A02280	Sthrn Poly St U	Southern Polytechnic State University, Georgia
US	United States		A02281	Clayton St U	Clayton State University, Georgia
US	United States		A02282	Valdosta St U	Valdosta State University, Georgia
US	United States		A02283	Kennesaw St U	Kennesaw State University, Georgia
US	United States		A02284	Georgia Coll St U	Georgia College and State University
US	United States		A02286	IN Wesleyan U	Indiana Wesleyan University
US	United States		A02287	Shepherd U	Shepherd University, West Virginia
US	United States		A02288	Utica Coll	Utica College, New York
ES	Spain		A02289	U San Pablo Spain	University of San Pablo, Spain
ES	Spain		A02290	CSIC Madrid	Consejo Superior de Investigaciones Cientificas, Madrid, Spain
ES	Spain	A02290	A02293	Mus Nat Sci Madrid	Museum of Natural Sciences, Madrid
ES	Spain	A02290	A02297	IDAEA Barc	Institute of Environmental Assessment and Water Research, Barcelona
ES	Spain	A02290	A02300	Toledo	CSIC, Quimica Atmosferica y Clima, Toledo
ES	Spain	A02290	A02304	CEAB Blanes	Center for Advanced Studies of Blanes
ES	Spain	A02290	A02307	Inst Ast Andalusia	Institute of Astrophysics of Andalusia
ES	Spain	A02290	A02308	Ebro Obs	Ebro Observatory
ES	Spain	A02290	A02309	IACT	Institute of Earth Sciences of Andalusia
ES	Spain	A02290	A02311	INTA	Spanish Institute for Aerospace Technologies
ES	Spain	A02290	A02313	IEM Madrid	Institute for Structural Materials, Madrid
ES	Spain	A02290	A02314	ICMM Madrid	Institute of Materials Science, Madrid
ES	Spain	A02290	A02318	ICMAN	CSIC, Instituto de Ciencias Marinas de Andalucia, Cadiz
ES	Spain	A02290	A02319	IIM Vigo	CSIC, Instituto de Investigaciones Marinas de Vigo, Vigo
ES	Spain	A02290	A02321	IPE	Instituto Pirenaico de Ecologia, Zaragoza
ES	Spain	A02290	A02322	IPNA	Instituto de Productos Naturales y Agrobiologia
ES	Spain	A02290	A02323	IIAG	CSIC, Instituto Investigaciones Agrobiologicas de Galicia, Santiago Compostela
ES	Spain	A02290	A02331	ICFO Barc	Institute for Photonic Sciences, Barcelona
ES	Spain	A02290	A02333	CSIC Barc	CSIC, Consejo Superior de Investigaciones Cientificas, Barcelona
ES	Spain	A02290	A02336	Inst Microelectr	Institute of Microelectronics, Barcelona
ES	Spain	A02290	A02339	CSIC Almeria	CSIC, Estacion Experimental de Zonas Aridas, Almeria
ES	Spain	A02290	A02348	ICC Barc	Instituto de Ciencias del Cosmos, Barcelona
ES	Spain	A02290	A02349	ICM Barc	Institute of Marine Sciences, Barcelona
ES	Spain	A02290	A02350	ICTJA	Institute of Earth Sciences Jaume Almera, Barcelona
ES	Spain	A02290	A02353	IFT Madrid	Institute for Theoretical Physics, Madrid
ES	Spain	A02290	A02358	IGEO	Institute of Astronomy and Geophysics, Madrid
ES	Spain	A02290	A02360	CSIC Cordoba	CSIC, Instituto de Estudios Sociales Avanzados de Andalusia, Cordoba
ES	Spain	A02290	A02366	Inst Geop Andalusia	Institute of Geophysics of Andalusia
ES	Spain	A02290	A02369	IMEDEA	CSIC, Instituto Mediterraneo de Estudios Avanzados, Esporles
ES	Spain	A02290	A02383	Inst Phy	Institute of Physics, Cantabria
ES	Spain	A02290	A02388	CSIC Zaragoza	CSIC, Instituto de Estudios Islamicos y de Oriente Proximo, Zaragoza
ES	Spain	A02290	A02390	IEEC Catalona	Institute of Space Studies, Catalona
ES	Spain	A02290	A02401	CSIC Sevilla	CSIC, Instituto de Biomedicina de Sevilla, Sevilla
ES	Spain	A02290	A02405	IFIC	Institut de Fisica Corpuscular, Valencia
ES	Spain	A02290	A04639	CAB Madrid	Center for Astrobiology, Madrid
ES	Spain	A02290	A05975	IQF	CSIC, Institute of Physical Chemistry Rocasolano
ES	Spain	A02290	A05976	IO	CSIC, Institute of Optics
ES	Spain	A02290	A05977	ICMB	CSIC, Instituto Ciencia de Materiales, Barcelona
ES	Spain	A02290	A11311	Tenerife	Tenerife Observatory
ES	Spain	A02290	A11316	IFAE Barc	Institute for High Energy Physics, Barcelona
ES	Spain	A02290	A11324	LAEFF	Laboratory for Space Astrophysics and Theoretical Physics
ES	Spain	A02290	A11325	IMFP Madrid	Institute of Mathematics and Fundamental Physics, Madrid
ES	Spain	A02290	A11333	Calar Alto Obs	Calar Alto Observatory
ES	Spain	A02290	A11336	CEFCA	Center for Research in Astrophysics and Cosmology, Aragon
ES	Spain		A02324	UPV ES	Universidad del Pais Vasco, Spain
ES	Spain	A02324	A11331	Dep Phy	Universidad del Pais Vasco, Department of Physics
ES	Spain		A02325	Inst Catalan Stud	Institute of Catalan Studies, Spain
ES	Spain		A02326	Span Inst Ocgy	Spanish Institute of Oceanography
ES	Spain		A02327	Span Inst Geo Min	Spanish Institute of Geology and Minerals
ES	Spain		A02328	U Alacant	University of Alacant, Spain
ES	Spain		A02329	UAB	Autonomous University of Barcelona, Spain
ES	Spain	A02329	A02331	ICFO Barc	Institute for Photonic Sciences, Barcelona
ES	Spain	A02329	A02333	CSIC Barc	CSIC, Consejo Superior de Investigaciones Cientificas, Barcelona
ES	Spain	A02329	A02336	Inst Microelectr	Institute of Microelectronics, Barcelona
ES	Spain	A02329	A02342	ICREA	Institucio Catalona de Recerca i Estudis Avancats
ES	Spain	A02329	A02349	ICM Barc	Institute of Marine Sciences, Barcelona
ES	Spain	A02329	A02350	ICTJA	Institute of Earth Sciences Jaume Almera, Barcelona
ES	Spain	A02329	A02390	IEEC Catalona	Institute of Space Studies, Catalona
ES	Spain	A02329	A11316	IFAE Barc	Institute for High Energy Physics, Barcelona
ES	Spain	A02329	A13032	Dep Phy	Autonomous University of Barcelona, Department of Physics
ES	Spain		A02337	U Alcala	University of Alcala, Spain
ES	Spain		A02338	U Almeria	University of Almeria, Spain
ES	Spain	A02338	A02339	CSIC Almeria	CSIC, Estacion Experimental de Zonas Aridas, Almeria
ES	Spain		A02340	UAM ES	Autonomous University of Madrid, Spain
ES	Spain	A02340	A11322	Dep Phy	Autonomous University of Madrid, Department of Physics
ES	Spain		A02341	U Barcelona	University of Barcelona, Spain
ES	Spain	A02341	A02342	ICREA	Institucio Catalona de Recerca i Estudis Avancats
ES	Spain	A02341	A02343	Dep Chem	University of Barcelona, Department of Chemistry
ES	Spain	A02341	A02344	Catalan Inst Cli Sci	Catalan Institute of Climate Sciences
ES	Spain	A02341	A02345	Dep Phy	University of Barcelona, Department of Physics
ES	Spain	A02341	A02347	Dep Ast Metr	University of Barcelona, Department of Astronomy and Meteorology
ES	Spain	A02341	A02348	ICC Barc	Instituto de Ciencias del Cosmos, Barcelona
ES	Spain	A02341	A02349	ICM Barc	Institute of Marine Sciences, Barcelona
ES	Spain	A02341	A02350	ICTJA	Institute of Earth Sciences Jaume Almera, Barcelona
ES	Spain	A02341	A02390	IEEC Catalona	Institute of Space Studies, Catalona
ES	Spain		A02351	U Burgos	University of Burgos, Spain
ES	Spain		A02352	U Madrid	University of Carlos III, Madrid, Spain
ES	Spain	A02352	A02353	IFT Madrid	Institute for Theoretical Physics, Madrid
ES	Spain		A02354	U Cadiz	University of Cadiz, Spain
ES	Spain		A02355	U Castilla-La Mancha	University of Castilla-La Mancha, Spain
ES	Spain		A02356	UCM ES	Complutense University of Madrid, Spain
ES	Spain	A02356	A02357	Dep Phy	Complutense University of Madrid, Department of Physics
ES	Spain	A02356	A02358	IGEO	Institute of Astronomy and Geophysics, Madrid
ES	Spain	A02356	A11323	Dep Ast	Complutense University of Madrid, Department of Astronomy
ES	Spain		A02359	U Cordoba	University of Cordoba, Spain
ES	Spain	A02359	A02360	CSIC Cordoba	CSIC, Instituto de Estudios Sociales Avanzados de Andalusia, Cordoba
ES	Spain		A02361	U Coruna	University of Coruna, Spain
ES	Spain		A02362	U Girona	University of Girona, Spain
ES	Spain		A02363	U Lleida	University of Lleida, Spain
ES	Spain		A02364	Euro U Madrid	European University of Madrid, Spain
ES	Spain		A02365	U Granada	University of Granada, Spain
ES	Spain	A02365	A02366	IAG	Institute of Geophysics of Andalusia
ES	Spain	A02365	A11317	Dep Phy	University of Granada, Department of Physics
ES	Spain		A02367	U Huelva	University of Huelva, Spain
ES	Spain		A02368	U Balearic Islands	University of the Balearic Islands, Spain
ES	Spain	A02368	A02369	IMEDEA	CSIC, Instituto Mediterraneo de Estudios Avanzados, Esporles
ES	Spain	A02368	A11334	Ast Obs Mallorca	Astronomical Observatory of Mallorca
ES	Spain		A02370	U Jaen	University of Jaen, Spain
ES	Spain	A02370	A11332	Dep Phy	University of Jaen, Department of Physics
ES	Spain		A02371	Jaume I U	Jaume I University, Spain
ES	Spain		A02372	U La Laguna	University of La Laguna, Spain
ES	Spain	A02372	A02373	Dep Phy	University of La Laguna, Department of Physics
ES	Spain	A02372	A11308	Dep Astrop	University of La Laguna, Department of Astrophysics
ES	Spain	A02372	A11309	IAC	Astrophysical Institute of the Canaries
ES	Spain	A02290	A11309	IAC	Astrophysical Institute of the Canaries
ES	Spain	A02372	A11310	La Palma Obs	La Palma Observatories
ES	Spain	A02372	A11311	Tenerife	Tenerife Observatory
ES	Spain		A02374	U Las Palmas	University of Las Palmas, Spain
ES	Spain		A02375	U Murcia	University of Murcia, Spain
ES	Spain		A02376	U Malaga	University of Malaga, Spain
ES	Spain		A02377	UMH	University of Miguel Hernandez de Elche, Spain
ES	Spain		A02378	UPNA	Public University of Navarra, Pamplona, Spain
ES	Spain		A02379	UNED	National University of Distance Education, Madrid, Spain
ES	Spain		A02380	U Extremadura	University of Extremadura, Spain
ES	Spain		A02381	Intl U Catalona	International University of Catalona, Spain
ES	Spain		A02382	U Cantabria	University of Cantabria, Spain
ES	Spain	A02382	A02383	Inst Phy	Institute of Physics, Cantabria
ES	Spain		A02384	U Leon	University of Leon, Spain
ES	Spain		A02385	U Oviedo	University of Oviedo, Spain
ES	Spain		A02386	U La Rioja	University of La Rioja, Spain
ES	Spain		A02387	U Zaragoza	University of Zaragoza, Spain
ES	Spain	A02387	A02388	CSIC Zaragoza	CSIC, Instituto de Estudios Islamicos y de Oriente Proximo, Zaragoza
ES	Spain		A02389	UPC	Technical University of Catalona, Spain
ES	Spain	A02389	A02390	IEEC Catalona	Institute of Space Studies, Catalona
ES	Spain	A02389	A11328	Dep Phy	Technical University of Catalona, Department of Physics
ES	Spain		A02391	U Pont Madrid	Universidad Pontificia de Comillas, Madrid, Spain
ES	Spain		A02392	TU Cartagena	Technical University of Cartagena, Spain
ES	Spain		A02393	Popeu Fabra U	Pompeu Fabra University, Barcelona, Spain
ES	Spain		A02394	UPM	Polytechnic University of Madrid, Spain
ES	Spain		A02395	Pablo Olavide U	Pablo de Olavide University, Seville, Spain
ES	Spain		A02396	UPS	Universidad Pontificia de Salamanca, Spain
ES	Spain		A02397	UVP	Universitat Politecnica de Valencia, Spain
ES	Spain		A02398	URJC	King Juan Carlos University, Madrid, Spain
ES	Spain		A02399	URV	University of Rovira and Virgili, Spain
ES	Spain		A02400	U Sevilla	University of Sevilla, Spain
ES	Spain	A02400	A02401	CSIC Sevilla	CSIC, Instituto de Biomedicina de Sevilla, Sevilla
ES	Spain		A02402	U Salamanca	University of Salamanca, Spain
ES	Spain		A02403	U Sant Comp	University of Santiago de Compostela, Spain
ES	Spain		A02404	U Valencia	University of Valencia, Spain
ES	Spain	A02404	A02405	IFIC	Institut de Fisica Corpuscular, Valencia
ES	Spain	A02404	A11318	Dep Ast Astrop	University of Valencia, Department of Astronomy and Astrophysics
ES	Spain	A02404	A11319	Dep Phy	University of Valencia, Department of Physics
ES	Spain		A02406	U Valladolid	University of Valladolid, Spain
ES	Spain		A02407	U Vigo	University of Vigo, Spain
ES	Spain		A02408	CIDA	Centro de Informacion y Documentacion Africanas, Madrid, Spain
US	United States		A02409	Mt San Antonio Coll	Mount San Antonio College, California
US	United States		A02410	CCSF	City College of San Francisco, California
CH	Switzerland		A02411	WMO	World Meteorological Organization, Switzerland
FR	France		A02412	Alcatel	Alcatel Lucent Corporation
DE	Germany	A02412	A02413	Germany	Alcatel Lucent Deutschland AG
IT	Italy	A02412	A02414	TA Italy	Thales Alenia Space, Italy
FR	France	A02412	A02415	TA France	Thales Alenia Space, France
US	United States	A02412	A02416	Bell Labs	Lucent Technologies, AT&T Bell Labs
US	United States		A02417	DARPA	Defense Advanced Research Projects Agency
US	United States		A02418	Idaho Natl Lab	Idaho National Laboratory
US	United States		A02419	TJNAF	Thomas Jefferson National Accelerator Facility, Virginia
IT	Italy		A02420	MIUR	Ministry of Education University and Research, Italy
IT	Italy		A02421	ISPRA	Institute for Environmental Protection and Research, Rome
IT	Italy		A02422	ENEA	Italian National Agency for New Technologies, Energy and Sustainable Development
IT	Italy	A02422	A02423	Milan	ENEA Milan Research Center
IT	Italy	A02422	A02424	Bologna	ENEA Bologna Research Center
IT	Italy	A02422	A02425	Frascati	ENEA Frascati Research Center
IT	Italy	A02422	A02426	Casaccia	ENEA Casaccia Research Center
IT	Italy	A02422	A02427	Spezia	ENEA Spezia Research Center
IT	Italy	A02422	A02428	Brasimone	ENEA Brasimone Research Center
IT	Italy	A02422	A02429	Brindisi	ENEA Brindisi Research Center
IT	Italy	A02422	A02430	Portici	ENEA Portici Research Center
IT	Italy		A02431	INFN	Italian National Institute of Nuclear Physics, Rome
IT	Italy	A02431	A02432	Ferrara	Italian National Institute of Nuclear Physics, Ferrara
IT	Italy	A02431	A02433	Trieste	Italian National Institute of Nuclear Physics, Trieste
IT	Italy	A02431	A02434	Catania	Italian National Institute of Nuclear Physics, Catania
IT	Italy	A02431	A02435	DSFTA	University of Siena, Department of Physics and Earth Sciences
IT	Italy	A02431	A02436	Dep Phy I	Sapienza University, Department of Physics
IT	Italy	A02431	A02437	Legnaro	Italian National Institute of Nuclear Physics, Legnaro
IT	Italy	A02431	A02438	ICTP Abdus Salam	Abdus Salam International Center for Theoretical Physics
IT	Italy	A02431	A02439	Lecce	Italian National Institute of Nuclear Physics, Lecce
IT	Italy	A02431	A02440	Trento	Italian National Institute of Nuclear Physics, Trento
IT	Italy	A02431	A02443	Pisa	Italian National Institute of Nuclear Physics, Pisa
IT	Italy	A02431	A02444	Frascati	Italian National Institute of Nuclear Physics, Frascati
IT	Italy	A02431	A02445	LNS Catania	Italian National Laboratory South, Catania
IT	Italy	A02431	A02446	Gran Sasso	INFN, Gran Sasso National Laboratory, L'Aquila
IT	Italy	A02431	A02488	Dep Math Phy III	Roma Tre University, Department of Mathematics and Physics
IT	Italy	A02431	A02490	Dep Phy Salerno	University of Salerno, Department of Physics
IT	Italy	A02431	A11377	Dep Phy II	Tor Vergata University, Department of Physics
IT	Italy	A02431	A11387	Florence	Italian National Institute of Nuclear Physics, Florence
IT	Italy	A02431	A11388	Turin	Italian National Institute of Nuclear Physics, Turin
IT	Italy	A02431	A11389	Genoa	Italian National Institute of Nuclear Physics, Genoa
IT	Italy	A02431	A11393	Perugia	Italian National Institute of Nuclear Physics, Perugia
IT	Italy	A02431	A11396	Cosenza	Italian National Institute of Nuclear Physics, Cosenza
IT	Italy	A02431	A11399	Milan Bicocca	Italian National Institute of Nuclear Physics, Milan Bicocca
IT	Italy	A02431	A11401	Pavia	Italian National Institute of Nuclear Physics, Pavia
IT	Italy	A02431	A11403	Bologna	Italian National Institute of Nuclear Physics, Bologna
IT	Italy	A02431	A11404	Milan	Italian National Institute of Nuclear Physics, Milan
IT	Italy	A02431	A11405	Cagliari	Italian National Institute of Nuclear Physics, Cagliari
IT	Italy	A02431	A11407	Bari	Italian National Institute of Nuclear Physics, Bari
IT	Italy	A02431	A11408	Padua	Italian National Institute of Nuclear Physics, Padua
IT	Italy	A02431	A11409	Naples	Italian National Institute of Nuclear Physics, Naples
IT	Italy		A02447	INGV	National Institute of Geophysics and Volcanology, Italy
IT	Italy	A02447	A02448	Catania	National Institute of Geophysics and Volcanology, Catania
IT	Italy	A02447	A02449	Palermo	National Institute of Geophysics and Volcanology, Palermo
IT	Italy	A02447	A02450	Bologna	National Institute of Geophysics and Volcanology, Bologna
IT	Italy	A02447	A02451	Milan	National Institute of Geophysics and Volcanology, Milan
IT	Italy	A02447	A02452	Naples	National Institute of Geophysics and Volcanology, Naples
IT	Italy	A02447	A11391	Pisa	National Institute of Geophysics and Volcanology, Pisa
IT	Italy		A02453	Fond U Bordoni	Fondazione Ugo Bordoni, Rome
IT	Italy		A02454	OGS	National Institute for Oceanography and Experimental Geophysics, Italy
IT	Italy		A02455	Fond B Kessler	Fondazione Bruno Kessler, Trento, Italy
IT	Italy	A02455	A11416	ECT	European Center for Theoretical Studies in Nuclear Physics
IT	Italy		A02456	Regina Elena	Regina Elena Institute, Rome
IT	Italy		A02457	Ital Air Force	Italian Air Force
CH	Switzerland		A02458	ABB	Asea Brown Boveri, Ltd, Switzerland
IT	Italy		A02459	Fiat	Fiat Group Automobiles SpA
IT	Italy		A02460	TU Bari	Technical University of Bari, Italy
IT	Italy	A02460	A02461	Dep Phy	Inter-University Department of Physics
IT	Italy		A02462	U Sannio	University of Sannio, Italy
IT	Italy		A02463	U Bergamo	University of Bergamo, Italy
IT	Italy		A02464	U Bolzano	University of Bolzano, Italy
IT	Italy		A02465	EURAC	European Academy, Bolzano, Italy
IT	Italy		A02466	U Camerino	University of Camerino, Italy
IT	Italy		A02467	U Molise	University of Molise, Italy
IT	Italy		A02468	U Cassino	University of Cassino, Italy
IT	Italy		A02469	U Salento	University of Salento, Lecce, Italy
IT	Italy	A02469	A02470	Dep Phy	University of Salento, Department of Physics
IT	Italy		A02471	U Messina	University of Messina, Italy
IT	Italy		A02472	TU Milan	Technical University of Milan, Italy
IT	Italy	A02472	A02473	Dep Phy	Technical University of Milan, Department of Physics
IT	Italy		A02474	Parthenope U Naples	Parthenope University of Naples, Italy
IT	Italy		A02475	Second U Naples	Second University of Naples, Italy
IT	Italy		A02476	U Palermo	University of Palermo, Italy
IT	Italy	A02476	A02477	Dep Phy	University of Palermo, Department of Physics
IT	Italy	A02476	A03977	Ast Obs Palermo	Astronomical Observatory of Palermo
IT	Italy	A02476	A13075	IASF Palermo	Institute for Cosmic Physics, Palermo
IT	Italy		A02479	U Pavia	University of Pavia, Italy
IT	Italy	A02479	A02480	IGG Pavia	Institute of Geosciences and Georesources, Pavia
IT	Italy	A02479	A02481	Dep Ear Sci	University of Pavia, Department of Earth Sciences
IT	Italy	A02479	A02482	IUSS Scuola Sup	IUSS, Scuola Superiore, Pavia
IT	Italy	A02479	A11400	Dep Phy	University of Pavia, Department of Physics
IT	Italy		A02483	SNS Pisa	Scuola Normale Superiore, Pisa, Italy
IT	Italy		A02484	U Basilicata	University of Basilicata, Potenza, Italy
IT	Italy	A02484	A02485	IMAA Potenza	Institute for Advanced Methods of Environmental Studies, Potenza
IT	Italy		A02486	U Calabria	University of Calabria, Italy
IT	Italy	A02486	A11395	Dep Phy	University of Calabria, Department of Physics
IT	Italy		A02487	Roma Tre U	Roma Tre University, Italy
IT	Italy	A02487	A02488	Dep Math Phy III	Roma Tre University, Department of Mathematics and Physics
IT	Italy		A02489	U Salerno	University of Salerno, Italy
IT	Italy	A02489	A02490	Dep Phy Salerno	University of Salerno, Department of Physics
IT	Italy		A02491	U Teramo	University of Teramo, Italy
IT	Italy	A02491	A03969	Ast Obs Teramo	Astronomical Observatory of Teramo
IT	Italy		A02493	TU Turin	Technical University of Turin, Italy
IT	Italy		A02494	U Trento	University of Trento, Italy
IT	Italy	A02494	A11394	Dep Phy	University of Trento, Department of Physics
IT	Italy		A02495	SISSA	SISSA, International School for Advanced Studies, Italy
IT	Italy	A02495	A11385	Ast Sect	SISSA, Astrophysical Sector
IT	Italy		A02496	U Urbino	University of Urbino, Italy
IT	Italy		A02497	U Insubria	University of Insubria, Italy
IT	Italy	A02497	A02498	Dep Phy	University of Insubria, Department of Physics
IT	Italy		A02499	U Iuav Venezia	University Iuav of Venezia, Italy
IT	Italy		A02500	U Ca Foscari	University Ca Foscari, Venice, Italy
IT	Italy		A02501	U Estrn Piemonte	University of Eastern Piemonte, Italy
IT	Italy		A02502	U Verona	University of Verona, Italy
IT	Italy		A02503	U Tuscia	University of Tuscia, Italy
US	United States		A02504	Bellcore	Bellcore Inc.
TW	Taiwan		A02505	Ch Cult U	Chinese Culture University, Taiwan
HK	Hong Kong		A02506	U Hong Kong	University of Hong Kong
HK	Hong Kong	A02506	A11574	Dep Phy	University of Hong Kong, Department of Physics
JP	Japan		A02507	U Ryukyus	University of the Ryukyus, Japan
JP	Japan		A02508	Gunma Natl Coll Tech	Gunma National College of Technology, Japan
JP	Japan		A02509	JAEA	Japan Atomic Energy Agency
JP	Japan	A02509	A02510	JASRI	Japan Synchrotron Radiation Research Institute
JP	Japan	A02509	A02511	Tokai	JAEA, Tokai Center
JP	Japan	A02509	A02512	Kyoto	JAEA, Kansai Photon Science Institute
JP	Japan	A02509	A02513	Tono	JAEA, Tono Geoscience Center
JP	Japan	A02509	A02514	Oarai	JAEA, Oarai Kaihatsu Center
JP	Japan	A02509	A02515	Takasaki	JAEA, Takasaki Advanced Radiation Research Institute
JP	Japan	A02509	A02516	Tsuruga	JAEA, Tsuruga Head Office
JP	Japan	A02509	A13073	JRCAT	Joint Research Center for Atom Technology, Japan
JP	Japan		A02517	Kyoto Sangyo U	Kyoto Sangyo University, Japan
JP	Japan		A02518	NTT	Nippon Telegraph and Telephone Corporation
JP	Japan		A02519	TUMSAT	Tokyo University of Marine Science and Technology, Japan
JP	Japan		A02520	Fukui U	Fukui University, Japan
HK	Hong Kong		A02521	Chin U Hong Kong	Chinese University of Hong Kong
CN	China		A02522	BISTU	Beijing Information Science and Technology University
CN	China		A02523	BIPM China	National Institute of Metrology, China
CN	China		A02524	SW U China	Southwest University, China
CN	China		A02525	Shunde Tech	Shunde Polytechnic, Guangdong, China
CN	China		A02526	S China U Tech	South China University of Technology
CN	China		A02527	Sun Yat-sen U	Sun Yat-sen University, China
CN	China		A02528	Yanshan U	Yanshan University, China
CN	China		A02529	Three Gorges U	Three Gorges University, China
CN	China		A02530	NW Poly U	Northwestern Polytechnical University, China
CN	China		A02531	China Med U	China Medical University, Shenyang
CN	China		A02532	Hangzhou Norm U	Hangzhou Normal University, China
CN	China		A02533	Wenzhou U	Wenzhou University, China
DE	Germany		A02534	U Augsburg	University of Augsburg, Germany
DE	Germany		A02535	U Bayreuth	University of Bayreuth, Germany
DE	Germany	A02535	A02536	Inst Phy	University of Bayreuth, Institute of Physics
DE	Germany	A02535	A02537	Inst Geop	University of Bayreuth, Institute of Geophysics
DE	Germany		A02538	TU Berlin	Technical University of Berlin, Germany
DE	Germany	A02538	A02539	Inst Theo Phy	Technical University of Berlin, Institute for Theoretical Physics
DE	Germany	A02538	A11488	Ctr Ast Astrop	Technical University of Berlin, Center for Astronomy and Astrophysics
DE	Germany		A02540	TU Braunschweig	Technical University of Braunschweig, Germany
DE	Germany	A02540	A02541	Inst Geop Sp Phy	Technical University of Braunschweig, Institute for Geophysics and Space Physics
DE	Germany	A02540	A11492	Inst Theo Phy	Technical University of Braunschweig, Institute for Theoretical Physics
DE	Germany		A02542	TU Clausthal	Technical University of Clausthal, Germany
DE	Germany		A02543	TU Darmstadt	Technical University of Darmstadt, Germany
DE	Germany	A02543	A02544	Dep Phy	Technical University of Darmstadt, Department of Physics
DE	Germany		A02545	TU Bergakademie Freiburg	Technical University Bergakademie of Freiburg, Germany
DE	Germany		A02546	U Greifswald	University of Greifswald, Germany
DE	Germany		A02547	U Hagen	University of Hagen, Germany
DE	Germany		A02548	Bundeswehr U Hamburg	Bundeswehr University Hamburg, Germany
DE	Germany		A02549	Leibniz U	Leibniz University, Hannover, Germany
DE	Germany	A02549	A02551	Inst Theo Phy	Leibniz University, Hannover, Institute for Theoretical Physics
DE	Germany	A02549	A03039	AEI	Albert Einstein Institute, Hannover
DE	Germany		A02552	U Hildesheim	University of Hildesheim, Germany
DE	Germany		A02553	U Hohenheim	University of Hohenheim, Germany
DE	Germany		A02554	TU Ilmenau	Technical University of Ilmenau, Germany
DE	Germany		A02555	TU Kaiserslautern	Technical University of Kaiserslautern, Germany
DE	Germany		A02556	U Konstanz	University of Konstanz, Germany
DE	Germany		A02557	U Mannheim	University of Mannheim, Germany
DE	Germany		A02558	Bundeswehr U Munich	Bundeswehr University Munich, Germany
DE	Germany		A02559	U Paderborn	University of Paderborn, Germany
DE	Germany		A02560	U Potsdam	University of Potsdam, Germany
DE	Germany	A02560	A02561	Inst Phy Ast	University of Potsdam, Institute of Physics and Astronomy
DE	Germany	A02560	A11485	Inst Geos	University of Potsdam, Institute for Geosciences
DE	Germany		A02562	U Trier	University of Trier, Germany
DE	Germany		A02563	U Wuppertal	Bergische University Wuppertal, Germany
DE	Germany	A02563	A11506	Dep Phy	Bergische University Wuppertal, Department of Physics
BE	Belgium		A02564	Ghent U	Ghent University, Belgium
BE	Belgium	A02564	A02565	Dep Phy Ast	Ghent University, Department of Physics and Astronomy
BE	Belgium		A02566	KU Leuven	Katholieke University of Leuven, Belgium
BE	Belgium	A02566	A13081	Inst Th Phy	Katholieke University of Leuven, Institute of Theoretical Physics
BE	Belgium	A02566	A13082	Ast Inst	Katholieke University of Leuven, Astronomical Institute
BE	Belgium		A02567	U Liege	University of Liege, Belgium
BE	Belgium	A02567	A11244	AGO	University of Liege, Department of Astrophysics, Geophysics and Oceanography
BE	Belgium	A02567	A11246	LPAP	University of Liege, Laboratory of Planetary and Atmospheric Physics
BE	Belgium		A02568	U Antwerpen	University of Antwerpen, Belgium
BE	Belgium	A02568	A02569	Dep Phy Ast	University of Antwerpen, Department of Physics and Astronomy
HK	Hong Kong		A02570	Hong Kong Bapt U	Hong Kong Baptist University, China
HK	Hong Kong		A02571	Hong Kong Poly U	Hong Kong Polytechnic University, China
TH	Thailand		A02572	Chiang Mai U	Chiang Mai University, Thailand
TH	Thailand		A02573	Chulalongkorn U	Chulalongkorn University, Thailand
TH	Thailand		A02574	Khon Kaen U	Khon Kaen University, Thailand
TH	Thailand		A02575	Mahidol U	Mahidol University, Thailand
TH	Thailand		A02576	Pr Songkla U	Prince of Songkla University, Thailand
MY	Malaysia		A02577	U Sains	University Sains, Malaysia
ZA	South Africa		A02578	Stellenbosch U	Stellenbosch University, South Africa
PT	Portugal		A02579	U Porto	University of Porto, Portugal
PT	Portugal	A02579	A02580	Ctr Astrop	University of Porto, Center for Astrophysics
PT	Portugal	A02579	A11301	Inst Phy	University of Porto, Institute for Physics
KR	South Korea		A02581	Chonbuk Natl U	Chonbuk National University, Korea
KR	South Korea		A02582	Chungnam Natl U	Chungnam National University, Korea
KR	South Korea	A02582	A11558	Dep Ast Sp Sci	Chungnam National University, Department of Astronomy and Space Science
KR	South Korea		A02583	Hanyang U	Hanyang University, Korea
KR	South Korea	A02583	A02584	Ansan	Hanyang University, Ansan, Korea
KR	South Korea		A02585	Ewha Wmns U	Ewha Womans University, Korea
KR	South Korea	A02585	A11557	Inst Early Uni	Ewha Womans University, Institute for the Early Universe
KR	South Korea		A02586	Inha U	Inha University, Korea
KR	South Korea		A02587	Inje U	Inje University, Korea
KR	South Korea		A02588	Gyeongsang Natl U	Gyeongsang National University, Korea
KR	South Korea		A02589	Yonsei U Seoul	Yonsei University, Seoul, Korea
KR	South Korea	A02589	A02590	Dep Ast	Yonsei University, Department of Astronomy
KR	South Korea		A02591	Kyung Hee U	Kyung Hee University, Korea
KR	South Korea	A02591	A11555	Dep Ast Sp Sci	Kyung Hee University, Department of Astronomy and Space Science
KR	South Korea	A02591	A11556	Sch Sp Res	Kyung Hee University, School of Space Research
KR	South Korea		A02592	Seoul Natl U	Seoul National University, Korea
KR	South Korea	A02592	A02593	Dep Phy Ast	Seoul National University, Department of Physics and Astronomy
KR	South Korea	A02592	A11551	Sch Ear Env Sci	Seoul National University, School of Earth and Environmental Sciences
KR	South Korea		A02594	Chung Ang U	Chung Ang University, Korea
IL	Israel		A02595	Ilan U	Ilan University, Israel
IL	Israel		A02596	Ben Gurion U Negev	Ben Gurion University of the Negev, Israel
IL	Israel	A02596	A02597	BIDR	Blaustein Institute for Desert Research
IL	Israel	A02596	A11510	Dep Phy	Ben Gurion University of the Negev, Department of Physics
IL	Israel		A02598	Hebrew U	Hebrew University, Jerusalem, Israel
IL	Israel	A02598	A02599	Inst Ear Sci	Hebrew University, Institute of Earth Sciences
IL	Israel	A02598	A11509	Racah Inst Phy	Hebrew University, Racah Institute of Physics
IL	Israel		A02600	Tel Aviv U	Tel Aviv University, Israel
IL	Israel	A02600	A02601	Sackler Fac Sci	Tel Aviv University, Sackler Faculty of Sciences
IL	Israel	A02600	A11513	Sackler Sch Phy Ast	Tel Aviv University, Sackler School of Physics and Astronomy
IL	Israel	A02600	A11514	Dep Geop Plan Sci	Tel Aviv University, Department of Geophysics and Planetary Sciences
IL	Israel		A02602	Technion	Technion Israel Institute of Technology
IL	Israel	A02602	A02603	Dep Phy	Technion Israel Institute of Technology, Department of Physics
IL	Israel		A02604	Haifa U	Univ Haifa, Israel
FR	France		A02605	U Descartes	Universite Rene Descartes, Paris V, France
FR	France		A02606	ENS Cachan	Ecole Normale Superieure, Cachan, France
FR	France	A02606	A02747	PPSM	Laboratory of Supramolecular and Macromolecular Photophysics and Photochemistry
FR	France		A02608	ENS Paris	Ecole Normale Superieure, Paris, France
FR	France	A02608	A02748	Geo Lab	Laboratoire de Geologie de l'ENS
FR	France	A02608	A02925	LPTENS	Laboratoire de Physique Theorique de l'ENS
FR	France	A02608	A02926	LPSENS	Laboratoire de Physique Statistique de l'ENS
FR	France	A02608	A03913	LKB	Laboratoire Kastler Brossel, Paris
FR	France	A02608	A04164	LMD	Laboratoire de Meteorologie Dynamique, Paris
FR	France	A02608	A04168	LERMA	Laboratoire d'Etudes du Rayonnement de la Matiere en Astrophysique
FR	France	A02608	A06364	LPENS	Laboratoire Pierre Aigrain, France
FR	France		A02615	ENS Lyon	Ecole Normale Superieure de Lyon, France
FR	France	A02615	A02618	Lab Phy	Ecole Normale Superieure de Lyon, Laboratoire de Physique
FR	France	A02615	A05231	CRAL Obs Lyon	Observatoire de Lyon, Centre Recherche Astrophysique de Lyon
FR	France	A02615	A05232	LGLTPE	Laboratoire de Geologie de Lyon, Terre, Planetes et Environnement
FR	France		A02619	Obs Paris	Observatoire de Paris, France
FR	France	A02619	A02620	DEMIRM	Observatoire de Paris, Departement d'Etudes de la Matiere en Infrarouge et Millimetre
FR	France	A02619	A02621	SYRTE	Observatoire de Paris, Systemes de Reference Relativistes
FR	France	A02619	A02622	IMCCE	Observatoire de Paris, Institut de Mecanique Celeste et de Calcul des Ephemerides
FR	France	A02619	A02623	LUTH	Observatoire de Paris, Laboratoire de l'Universe et ses Theories
FR	France	A02619	A02625	GEPI	Observatoire de Paris, Laboratoire Galaxies Etoiles Physiques et Instrumentation
FR	France	A02619	A02627	Dep RadAst	Observatoire de Paris, Departement de Radioastronomie
FR	France	A02619	A04167	LESIA	Observatoire de Paris, Laboratoire d'Etudes Spatiales et d'Instrumentation en Astrophysique
FR	France	A02619	A04168	LERMA	Laboratoire d'Etudes du Rayonnement de la Matiere en Astrophysique
FR	France	A02619	A04169	LATMOS	Laboratoire Atmospheres Milieux Observations Spatiales
FR	France	A02619	A11274	DARC	Observatoire de Paris, Departement d'Astrophysique Relativiste et de Cosmologie
FR	France	A02619	A11275	DASOP	Observatoire de Paris, Departement d'Astronomie Solaire
FR	France	A02619	A11276	DASGAL	Observatoire de Paris, Departement d'Astronomie Stellaire et Galactique
FR	France	A02619	A11277	CAI	Observatoire de Paris, Centre d'Analyse des Images
FR	France	A02619	A11279	DESPA	Observatoire de Paris, Departement de Recherche Spatiale
FR	France		A02629	UPJV	Universite de Picardie Jules Verne, France
FR	France		A02630	U Angers	Universite d'Angers, France
FR	France		A02631	U Artois	Universite d'Artois, France
FR	France		A02632	U Avignon	Universite d'Avignon, France
FR	France		A02633	U Tech Belfort	Universite de Technologie de Belfort-Montbeliard, France
FR	France	A02633	A04871	FEMTO-ST	Franche-Comte Electronics Mechanics Thermal Science and Optics - Sciences and Technologies, France
FR	France		A02635	U Besancon	Universite de Franche-Comte, Besancon, France
FR	France	A02635	A02845	UTINAM	Universe, Time-Frequency, Interfaces, Nanostructures, Atmosphere and Environment, Molecules, Besancon
FR	France	A02635	A04871	FEMTO-ST	Franche-Comte Electronics Mechanics Thermal Science and Optics - Sciences and Technologies, France
FR	France		A02638	U Bordeaux II	Universite de Bordeaux II, Segalen, France
FR	France	A02638	A02969	EPOC	Environnements et Paleoenvironnements Oceaniques, Talence
FR	France		A02640	U Bretagne	Universite de Bretagne, France
FR	France	A02640	A03908	LDO	Laboratoire Domaines Oceaniques, Plouzane
FR	France	A02640	A06367	IUEM	Institut Universitaire Europeen de la Mer, France
FR	France		A02642	U Caen	Universite de Caen, France
FR	France	A02642	A04662	CIRIL	Centre Interdisciplinaire de Recherche Ions-Lasers
FR	France		A02644	U Cergy-Pontoise	Universite de Cergy-Pontoise, France
FR	France	A02644	A04168	LERMA	Laboratoire d'Etudes du Rayonnement de la Matiere en Astrophysique
FR	France		A02646	U Savoie Mont-Blanc	Universite de Savoie Mont-Blanc, France
FR	France	A02646	A02767	LAPTh	Laboratoire d'Annecy le Vieux de Physique Theorique
FR	France	A02646	A02832	LAPP	Laboratoire d'Annecy le Vieux de Physique des Particules
FR	France	A02646	A05244	ISTerre	Institute of Earth Sciences, Grenoble
FR	France		A02650	U Auvergne	Universite d'Auvergne, France
FR	France	A02650	A02833	LPC	Laboratoire de Physique Corpusculaire de Clermont-Ferrand
FR	France	A02650	A02888	OPGC	Observatoire de Physique du Globe de Clermont-Ferrand
FR	France	A02650	A06718	ICCF	Institut de Chimie de Clermont-Ferrand
FR	France		A02653	U Blaise Pascal	University of Blaise Pascal
FR	France	A02653	A02833	LPC	Laboratoire de Physique Corpusculaire de Clermont-Ferrand
FR	France	A02653	A02888	OPGC	Observatoire de Physique du Globe de Clermont-Ferrand
FR	France	A02653	A06718	ICCF	Institut de Chimie de Clermont-Ferrand
FR	France		A02656	U Tech Compiegne	University of Technology of Compiegne, France
FR	France		A02657	U Corse	Universite de Corse, France
FR	France		A02658	U Paris-Est Creteil	Universite de Paris-Est Creteil XII, France
FR	France		A02659	U Bourgogne	Universite de Bourgogne, France
FR	France		A02660	U Littoral Cote Opal	Universite du Littoral Cote d'Opal, France
FR	France	A02660	A02661	LPCA	Universite du Littoral Cote d'Opal, Laboratoire de PhysicoChimie de l'Atmosphere
FR	France		A02662	U Evry	Universite d'Evry, France
FR	France		A02663	Grenoble INP	Institut Polytechnique de Grenoble, France
FR	France	A02663	A02666	ENSPG	Ecole National Superieure de Physique, Grenoble
FR	France	A02663	A02822	LPSC	Laboratoire de Physique Subatomique et de Cosmologie
FR	France	A02663	A02854	Inst Neel	Institute Neel, Grenoble
FR	France	A02663	A05239	LTHE	Laboratory for the Study of Transfers in Hydrology and Environment, Grenoble
FR	France	A02663	A05245	LEGI	Laboratoire des Ecoulements Geophysiques et Industriels, Grenoble
FR	France		A02669	UJF Grenoble	Universite Joseph Fourier Grenoble, France
FR	France	A02669	A02674	UFR Phy	Universite Joseph Fourier UFR de Physique
FR	France	A02669	A02774	LPMMC	Laboratory of Physics and Modeling of Condensed Media, Grenoble
FR	France	A02669	A02822	LPSC	Laboratoire de Physique Subatomique et de Cosmologie
FR	France	A02669	A02831	LGGE	Laboratoire de Glaciologie et Geophysique de l'Environnement
FR	France	A02669	A02854	Inst Neel	Institute Neel, Grenoble
FR	France	A02669	A05239	LTHE	Laboratory for the Study of Transfers in Hydrology and Environment, Grenoble
FR	France	A02669	A05240	IPAG	Institute de Planetologie et d'Astrophysique de Grenoble
FR	France	A02669	A05244	ISTerre	Institute of Earth Sciences, Grenoble
FR	France		A02679	U Toulon	Universite de Toulon, France
FR	France	A02679	A05223	CPT	Center for Theoretical Physics, Marseille
FR	France		A02681	U La Rochelle	Universite de La Rochelle, France
FR	France		A02682	U Havre	Universite du Havre, France
FR	France		A02683	U Maine Le Mans	Universite de Maine, Le Mans, France
FR	France		A02684	U Lille I	Universite de Lille I, France
FR	France		A02685	U Limoges	Universite de Limoges, France
FR	France		A02686	INSA Lyon	Institut National des Sciences Appliquees de Lyon, France
FR	France		A02687	U Paris-Est	Universite de Paris-Est Marne-la-Vallee X, France
FR	France	A02687	A03872	Inst Navier	Laboratoire Navier, Paris
FR	France	A02687	A11250	LISA	Laboratoire Inter Universitaires des Atmospheriques
FR	France		A02689	U Montpellier II	Universite de Montpellier II, France
FR	France	A02689	A02732	Geos Montpellier	Geosciences, Montpellier
FR	France	A02689	A02765	LUPM	Laboratoire Univers et Particules de Montpellier
FR	France	A02689	A02772	LPTA	Laboratoire de Physique Theorique et Astroparticles, Montpellier
FR	France	A02689	A02885	HydroSci Montpellier	HydroSciences Montpellier
FR	France		A02694	UPV FR	Universite Paul-Valery Montpellier III, France
FR	France	A02694	A02732	Geos Montpellier	Geosciences, Montpellier
FR	France		A02696	INSA Rouen	Institut National des Sciences Appliquees de Rouen, France
FR	France		A02697	U Rouen	Universite de Rouen, France
FR	France		A02698	U Haute Alsace	Universite de Haute Alsace, France
FR	France		A02699	U Nanterre	Universite de Paris Nanterre (Paris X), France
FR	France		A02700	U Nantes	Universite de Nantes, France
FR	France	A02700	A02701	Lab Plan Geod	Universite de Nantes, Laboratoire de Planetologie et de Geodynamique
FR	France	A02700	A03920	IETR	Institut d'Electronique et de Telecommunications de Rennes
FR	France	A02700	A05722	SUBATECH	SUBATECH Research Laboratory, France
FR	France		A02703	U Nice	Universite de Nice Sophia Antipolis, France
FR	France	A02703	A02734	LPMC	Laboratoire de Physique de la Matiere Condensee, Nice
FR	France	A02703	A02838	INLN	Institut Non Lineaire de Nice
FR	France	A02703	A04227	LUAN	Laboratoire Universitaire d'Astrophysique de Nice
FR	France	A02703	A04228	GeoAzur	GeoAzur Laboratory
IT	Italy	A02703	A11417	ICRA	International Center for Relativistic Astrophysics
FR	France		A02708	U Orleans	Universite d'Orleans, France
FR	France	A02708	A02815	ISTO	Institut des Sciences de la Terre d'Orleans
FR	France	A02708	A02835	LPC2E	Laboratoire de Physique et de Chimie de l'Environnement et de l'Espace, Orleans
FR	France	A02708	A05215	LPCE	Laboratoire de Physique et de Chimie de l'Environnement
FR	France		A02712	U Paris Sud	Universite Paris Sud (Paris XI), France
FR	France	A02712	A02716	IDES	Universite Paris Sud, Interactions et Dynamique des Environnements de Surface
FR	France	A02712	A02718	Dep Sci Terre	Universite Paris Sud, Departement des Sciences de la Terre
FR	France	A02712	A02719	Supelec	Ecole Superieure d'Electricite, Gif-sur-Yvette
FR	France	A02712	A02724	CSNSM	Centre de Spectrometrie Nucleaire et de Spectrometrie de Masse
FR	France	A02712	A02747	PPSM	Laboratory of Supramolecular and Macromolecular Photophysics and Photochemistry
FR	France	A02712	A02759	LCP	Laboratory of Physical Chemistry, Orsay
FR	France	A02712	A02798	ISMO	Institut des Sciences Moleculaires d'Orsay
FR	France	A02712	A02816	LIMSI	Computing Laboratory for Mechanics and Engineering Sciences, Orsay
FR	France	A02712	A02817	IPNO	Institut de Physique Nucleaire d'Orsay
FR	France	A02712	A02829	IAS	Institut d'Astrophysique Spatiale
FR	France	A02712	A02836	LAL	Linear Accelerator Laboratory, Orsay
FR	France	A02712	A02864	Synchr SOLEIL	Synchrotron SOLEIL
FR	France	A02712	A02866	LAC	Laboratoire Aime Cotton, Orsay
FR	France	A02712	A02867	LPGP	Laboratoire de Physique des Gaz et des Plasmas
FR	France	A02712	A02869	Inst Opt Orsay	Laboratoire Charles Fabry de l'Institut d'Optique, Orsay
FR	France	A02712	A03901	LMS	Laboratoire de Mecanique des Solides, Palaiseau
FR	France	A02712	A11295	Dep Phy	Universite Paris Sud, Departement de Physique
FR	France	A02712	A11299	IEF	Institut d'Electronique Fondamentale, Paris
FR	France		A02729	CNRS	Centre National de la Recherche Scientifique, France
FR	France	A02729	A02791	Cote d'Azur	Delegation Cote d'Azur, Nice
FR	France	A02729	A02792	Meudon	Centre National de la Recherche Scientifique, Meudon
FR	France	A02729	A02793	Toulouse	Centre National de la Recherche Scientifique, Toulouse
FR	France	A02729	A02794	Lille	Centre National de la Recherche Scientifique, Delegation du Nord
FR	France	A02729	A02795	Strasbourg	Centre National de la Recherche Scientifique, Strasbourg
FR	France	A02729	A02796	Rhone Auvergne	Centre National de la Recherche Scientifique, Rhone-Auvergne
FR	France	A02729	A02797	Marseille	Centre National de la Recherche Scientifique, Marseille
FR	France	A02729	A02819	Orleans	Centre National de la Recherche Scientifique, Orleans
FR	France	A02729	A02846	Grenoble	Centre National de la Recherche Scientifique, Grenoble
FR	France	A02729	A11262	Orsay	Centre National de la Recherche Scientifique, Orsay
FR	France	A02729	A11268	St Maur des Fosses	Centre National de la Recherche Scientifique, Saint Maur des Fosses
ES	Spain		A02735	IRAM Granada	Institut de RadioAstronomie Millimetrique, Granada
FR	France		A02744	LRMH	Laboratoire de Recherche des Monuments Historiques, Paris
FR	France		A02790	IRCP Paris	Institut Recherche de Chimie, Paris
FR	France		A02802	CEMES Toulouse	Centre d'Elaboration de Materiaux et d'Etudes Structurales, Toulouse
FR	France		A02813	INSU	Institut National des Sciences de l'Univers
FR	France		A02823	IN2P3	Institut National de Physique Nucleaire et de Physique des Particules
FR	France	A02823	A02817	IPNO	Institut de Physique Nucleaire d'Orsay
FR	France	A02823	A06197	IJCLab	Irene et Joliot Curie Laboratory
FR	France		A02825	IRAM	Institut de RadioAstronomie Millimetrique
FR	France		A02827	LSCR	Laboratoire de Combustion et Systemes Reactifs, Orsay
FR	France		A02848	CEA Atom En Comm	Atomic Energy Commission, France
FR	France	A02848	A02849	Saclay IRFU	Institut de Recherche sur les Lois Fondamentales de l'Universe
FR	France	A02848	A02868	Grenoble	Atomic Energy Commission, Grenoble
FR	France	A02848	A02870	Bagnols	Atomic Energy Commission, Valrho Marcoule
FR	France	A02848	A02871	Ile de France	Direction des Applications Militaires, Ile-de-France
FR	France	A02848	A02873	Saclay	Atomic Energy Commission, Saclay
FR	France	A02848	A02872	FAR	Atomic Energy Commission, Fontenay-aux-Roses
FR	France	A02848	A02850	ANDRA	National Agency for Radioactive Waste Management
FR	France	A02848	A02851	Ctr Etudes Nuc	Centre d'Etudes Nucleaires de Saclay
FR	France	A02848	A02874	St Paul Durance	Atomic Energy Commission, Saint Paul lez Durance
FR	France	A02848	A02875	Valduc	Atomic Energy Commission, Valduc
FR	France	A02848	A02876	Ripault	Atomic Energy Commission, Le Ripault
FR	France	A02848	A02914	Saclay Svc Astrop	CEA Saclay, Service d'Astrophysique
FR	France	A02848	A06199	LIDYL	Lasers, Interactions and Dynamics Laboratory
FR	France	A02848	A06793	LETI	Laboratoire d'Electronique des Technologies de l'Information
FR	France	A02848	A11296	Saclay Svc Phy	CEA Saclay, Service de Physique
FR	France		A02852	LIST	Laboratoire d'Integration de Systemes et des Technologies, Orsay
FR	France		A02856	LPS	Laboratoire Pierre Sue, Gif Sur Yvette
FR	France		A02857	IPT	Institut de Physique Theorique, Gif Sur Yvette
FR	France		A02859	LLB	Laboratoire Leon Brillouin, Saclay
FR	France		A02863	GANIL	Grand Accelerateur National d'Ions, Caen
FR	France		A02865	CESTA	Centre d'Etudes Scientifiques et Techniques d'Aquitaine, France
FR	France		A02877	CNAM	Conservatoire National des Arts et Metiers, Paris, France
FR	France		A02878	IRD	Institut de Recherche pour le Developpement, France
FR	France	A02878	A06367	IUEM	Institut Universitaire Europeen de la Mer, France
FR	France		A02882	IRCELYON	Catalysis and Environment Research Institute, Lyon
FR	France		A02890	IRD N Caledonia	Institut de Recherche pour le Developpement, New Caledonia
FR	France		A02892	INRAE	Institut National de la Recherche pour l'Agriculture, l'Alimentation et l'Environnement, France
FR	France	A02892	A02893	Fr Guyana	INRAE, Centre Antilles, French Guyana
FR	France	A02892	A02894	PACA	INRAE, Centre de Provence-Alpes-Cote d'Azur, Avignon
FR	France	A02892	A02895	Nantes	INRAE, Centre de Nantes
FR	France	A02892	A02896	Bordeaux	INRAE, Bordeaux-Aquitaine Research Centre
FR	France	A02892	A02897	Castanet Tolosan Obs	INRAE, Castanet Tolosan Observatory
FR	France	A02892	A02898	Versailles	INRAE, Centre de Versailles-Grignon
FR	France	A02892	A02900	Rennes	INRAE, Centre de Recherche de Rennes
FR	France	A02892	A02901	Orleans	INRAE, Centre de Recherche d'Orleans
FR	France	A02892	A02902	Montpellier	INRAE, Centre de Recherche de Montpellier
FR	France	A02892	A02968	OASU	Observatoire Aquitain des Sciences de l'Universe, Bordeaux
FR	France	A02892	A05217	CEREGE	Centre Europeen de Recherche et d'Enseignement des Geosciences de l'Environnement
FR	France		A02904	U Paris Sorbonne	Universite de Paris Sorbonne (Paris I), France
FR	France	A02904	A02913	APC	Astroparticle and Cosmology Laboratory, Paris
FR	France	A02904	A02923	ISTeP	Institut des Sciences de la Terre de Paris
FR	France	A02904	A02926	LPSENS	Laboratoire de Physique Statistique de l'ENS
FR	France	A02904	A02930	LCPMR	Laboratory of Physical Chemistry Matter and Radiation, Paris
FR	France	A02904	A02954	IPGP	Institut de Physique du Globe de Paris
FR	France	A02904	A04167	LESIA	Observatoire de Paris, Laboratoire d'Etudes Spatiales et d'Instrumentation en Astrophysique
FR	France	A02904	A04169	LATMOS	Laboratoire Atmospheres Milieux Observations Spatiales
FR	France	A02904	A06197	IJCLab	Irene et Joliot Curie Laboratory
FR	France	A02904	A06364	LPENS	Laboratoire Pierre Aigrain, France
FR	France		A02912	U Paris Diderot	Universite de Paris Diderot (Paris VII), France
FR	France	A02912	A02913	APC	Astroparticle and Cosmology Laboratory, Paris
FR	France	A02912	A02914	Saclay Svc Astrop	CEA Saclay, Service d'Astrophysique
FR	France	A02912	A02926	LPSENS	Laboratoire de Physique Statistique de l'ENS
FR	France	A02912	A02934	IBPC	Institute of Physico-Chemical Biology, Paris
FR	France	A02912	A02954	IPGP	Institut de Physique du Globe de Paris
FR	France	A02912	A03902	LPNHE	Laboratoire de Physique Nucleaire et de Hautes Energies
FR	France	A02912	A04167	LESIA	Observatoire de Paris, Laboratoire d'Etudes Spatiales et d'Instrumentation en Astrophysique
FR	France	A02912	A11250	LISA	Laboratoire Inter Universitaires des Atmospheriques
FR	France	A02912	A11296	Saclay Svc Phy	CEA Saclay, Service de Physique
FR	France	A02912	A13077	LAREG	Research Laboratory in Geodesy, Paris
FR	France		A02920	U Paris Dauphine	Universite Paris Dauphine (Paris IX), France
FR	France		A02921	UPMC	Universite Pierre et Marie Curie (Paris VI), France
FR	France	A02921	A02923	ISTeP	Institut des Sciences de la Terre de Paris
FR	France	A02921	A02925	LPTENS	Laboratoire de Physique Theorique de l'ENS
FR	France	A02921	A02926	LPSENS	Laboratoire de Physique Statistique de l'ENS
FR	France	A02921	A02928	LPTHE	Laboratoire de Physique Theorique et Hautes Energies, Paris
FR	France	A02921	A02929	LPTMC	Laboratoire de Physique Theorique de la Matiere Condensee, Paris
FR	France	A02921	A02930	LCPMR	Laboratory of Physical Chemistry Matter and Radiation, Paris
FR	France	A02921	A02933	LOV Villefranche	Laboratoire d'Oceanographie de Villefranche
FR	France	A02921	A02934	IBPC	Institute of Physico-Chemical Biology, Paris
FR	France	A02921	A02935	IHP	Institut Henri Poincare
FR	France	A02921	A02936	LOMIC	Laboratoire d'Oceanologique Microbienne de Banyuls-sur-Mer
FR	France	A02921	A02937	IAP Paris	Institut d'Astrophysique de Paris
FR	France	A02921	A02938	Inst NanoSci	Institut des NanoSciences de Paris
FR	France	A02921	A02954	IPGP	Institut de Physique du Globe de Paris
FR	France	A02921	A03887	IMPMC	Institut de Mineralogie, de Physique des Materiaux et de Cosmochimie, Paris
FR	France	A02921	A03913	LKB	Laboratoire Kastler Brossel, Paris
FR	France	A02921	A04164	LMD	Laboratoire de Meteorologie Dynamique, Paris
FR	France	A02921	A04166	LOCEAN	Laboratoire d'Oceanographie et du Climat Experimentations et Approches Numeriques, Paris
FR	France	A02921	A04168	LERMA	Laboratoire d'Etudes du Rayonnement de la Matiere en Astrophysique
FR	France	A02921	A11251	LPMA	Universite Pierre et Marie Curie, Laboratoire de Physique Moleculaire et Applications
FR	France	A02921	A11273	LCP	Universite Pierre et Marie Curie, Laboratory of Chemical Physics
FR	France		A02940	EPHE	Ecole Pratique des Hautes Etudes, Paris, France
FR	France	A02940	A02969	EPOC	Environnements et Paleoenvironnements Oceaniques, Talence
FR	France		A02942	U Pau et des Pays	Universite de Pau et des Pays, France
FR	France		A02943	U Perpignan	Universite de Perpignan, France
FR	France		A02944	U Bordeaux IV	Universite de Bordeaux IV, Pessac, France
FR	France	A02944	A02969	EPOC	Environnements et Paleoenvironnements Oceaniques, Talence
FR	France	A02944	A06647	ICMCB	Institut de Chimie de Matiere Condensee de Bordeaux
FR	France		A02946	U Poitiers	University of Poitiers, France
FR	France	A02946	A02947	LCME	Laboratoire de Chimie et de Microbiologie de l'Eau
FR	France		A02948	U Reims	Universite de Reims, France
FR	France		A02949	U Rennes 1	Universite de Rennes 1, France
FR	France	A02949	A02950	Inst Phy	Universite de Rennes 1, Institut de Physique
FR	France	A02949	A02952	CAESS Geos	Universite de Rennes 1, CAESS Geosciences
FR	France	A02949	A03920	IETR	Institut d'Electronique et de Telecommunications de Rennes
FR	France		A02953	U Paris St-Denis	Universite de Paris Saint-Denis VIII, France
FR	France	A02953	A02954	IPGP	Institut de Physique du Globe de Paris
FR	France		A02955	Jean Monnet U	Jean Monnet University Saint Etienne, France
FR	France		A02956	U Strasbourg	Universite de Strasbourg Louis Pasteur, France
FR	France	A02956	A02957	IPHC	Institut Pluridisciplinaire Hubert Curien, Strasbourg
FR	France	A02956	A02958	CGS	Centre de Geochimie de la Surface, Strasbourg
FR	France	A02956	A02959	IPG Strasbourg	Institut de Physique du Globe, Strasbourg
FR	France	A02956	A02960	EOST Strasbourg	Ecole et Observatoire des Sciences de la Terre, Strasbourg
FR	France	A02956	A11289	CDS Strasbourg	Centre de Donnees Astronomiques, Strasbourg
FR	France	A02956	A11291	ENSPS	Ecole Nationale Superieure de Physique, Strasbourg
FR	France		A02962	U Bordeaux	Universite de Bordeaux, Talence, France
FR	France	A02962	A02963	Obs Bordeaux	Observatoire de Bordeaux
FR	France	A02962	A02964	CELIA	Centre des Lasers Intenses et Applications, Talence
FR	France	A02962	A02965	Ctr Etudes Nuc	Universite de Bordeaux, Centre d'Etudes Nucleaires
FR	France	A02962	A02966	LOMA	Laboratoire Ondes et Matiere l'Aquitaine, Bordeaux
FR	France	A02962	A02967	CRPP	Centre de Recherche Paul Pascal, Pessac
FR	France	A02962	A02968	OASU	Observatoire Aquitain des Sciences de l'Universe, Bordeaux
FR	France	A02962	A02969	EPOC	Environnements et Paleoenvironnements Oceaniques, Talence
FR	France		A02970	INSA Toulouse	Institut National des Sciences Appliquees de Toulouse, France
FR	France	A02970	A02980	LPS-T	Laboratoire de Physique des Solides, Toulouse
FR	France	A02970	A05241	LNCMI-T	National Laboratory of Intense Magnetic Fields, Toulouse
FR	France		A02973	Toulouse INP	Institut National Polytechnique de Toulouse, France
FR	France	A02973	A02987	IMFT	Institut de Mecanique des Fluides, Toulouse
FR	France	A02973	A06366	IMFL	Instituts de Mecanique des Fluides, Lille
FR	France		A02975	UT2J Jean Jaures	Universite de Toulouse Jean Jaures, France
FR	France		A02976	UPS Toulouse	Universite de Toulouse Paul Sabatier, France
FR	France	A02976	A02978	CESBIO	Centre d'Etudes Spatiales de la Biosphere, Toulouse
FR	France	A02976	A02980	LPS-T	Laboratoire de Physique des Solides, Toulouse
FR	France	A02976	A02981	Inst Math	Institut de Mathematiques de Toulouse
FR	France	A02976	A02984	LCPQ	Laboratoire de Chimie et Physique Quantique, Toulouse
FR	France	A02976	A02985	IRSAMC	Institut de Recherche sur les Systemes Atomiques et Moleculaires Complexes, Toulouse
FR	France	A02976	A02987	IMFT	Institut de Mecanique des Fluides, Toulouse
FR	France	A02976	A04660	IRAP	L'Institut de Recherche en Astrophysique et Planetologie
FR	France	A02976	A04661	LEGOS	Observatoire Mid Pyrenees, LEGOS, Laboratoire d'Etudes en Geophysique et Oceanographie Spatiales
FR	France	A02976	A04663	GET Toulouse	Geosciences Environnement Toulouse
FR	France	A02976	A05218	Ctr Ocgy Marseille	Centre d'Oceanologie de Marseille
FR	France	A02976	A05241	LNCMI-T	National Laboratory of Intense Magnetic Fields, Toulouse
FR	France	A02976	A06179	Lab d'Aero	Laboratoire d'Aerologie
FR	France	A02976	A06366	IMFL	Instituts de Mecanique des Fluides, Lille
FR	France	A02976	A06641	L2IT	Laboratoire des 2 Infinis, Toulouse
FR	France		A02988	U Tours	Universite Francois Rabelais, Tours, France
FR	France	A02988	A02989	LMPT	Laboratoire de Mathematiques et Physique Theorique
FR	France		A02990	U Valenciennes	Universite de Valenciennes, France
FR	France		A02991	UVSQ	Universite Versailles Saint-Quentin-en-Yvelines, France
FR	France	A02991	A04169	LATMOS	Laboratoire Atmospheres Milieux Observations Spatiales
FR	France	A02991	A06640	GEMaC	Groupe d'Etude de la Matiere Condensee, Versailles
FR	France	A02991	A11256	CETP Obs St Maur	CETP, Observatoire de Saint Maur
FR	France		A02993	U Paris Nord XIII	Universite de Paris Nord XIII, France
FR	France	A02993	A02994	LSPM	Laboratoire des Sciences des Procedes et des Materiaux
FR	France		A02995	INSERM	Institut National Sante et Recherche Medical, France
SE	Sweden		A02996	Karolinska Inst	Karolinska Institutet, Stockholm, Sweden
DE	Germany		A02997	U Duisburg	University of Duisburg Essen, Germany
CH	Switzerland		A02998	U Basel	University of Basel, Switzerland
CH	Switzerland	A02998	A02999	Dep Phy Ast	University of Basel, Department of Physics and Astronomy
CH	Switzerland		A03000	U Bern	University of Bern, Switzerland
CH	Switzerland	A03000	A03001	Phy Inst	University of Bern, Physics Institute
CH	Switzerland	A03000	A11287	Ast Inst	University of Bern, Astronomical Institute
CH	Switzerland		A03002	U Fribourg	University of Fribourg, Switzerland
CH	Switzerland		A03003	U Geneva	University of Geneva, Switzerland
CH	Switzerland	A03003	A03004	Data Ctr Astrop	University of Geneva, Data Center for Astrophysics
CH	Switzerland	A03003	A03005	Phy Sec	University of Geneva, Physics Section
CH	Switzerland	A03003	A03006	Ast Obs	University of Geneva, Astronomical Observatory
CH	Switzerland	A03003	A11267	ISDC	Integral Science Data Center
CH	Switzerland		A03007	U Lausanne	University of Lausanne, Switzerland
CH	Switzerland	A03007	A03008	Inst Ear Sci	University of Lausanne, Institute of Earth Sciences
CH	Switzerland	A03007	A13063	Inst Phy	University of Lausanne, Institute of Physics
CH	Switzerland	A03007	A13064	IoA	University of Lausanne, Institute of Astronomy
CH	Switzerland		A03009	U Neuchatel	University of Neuchatel, Switzerland
CH	Switzerland		A03010	U Lugano	University of Lugano, Switzerland
CH	Switzerland		A03011	U Zurich	University of Zurich, Switzerland
CH	Switzerland	A03011	A11293	Inst Phy	University of Zurich, Institute of Physics
CH	Switzerland		A03012	EPFL	Ecole Polytechnique Federale de Lausanne
CH	Switzerland	A03012	A03013	Sec Phy	Ecole Polytechnique Federale de Lausanne, Section de Physique
CH	Switzerland	A03012	A11266	Lab Astrop	Ecole Polytechnique Federale de Lausanne, Laboratoire d'Astrophysique
CH	Switzerland		A03014	ETH Zurich	Eidgenossische Technische Hochschule, Zurich, Switzerland
CH	Switzerland	A03014	A03015	Dep Ear Sci	ETH Zurich, Department of Earth Sciences
CH	Switzerland	A03014	A03016	PSI CH	Paul Scherrer Institute, Switzerland
CH	Switzerland	A03014	A03017	Inst Ast	ETH Zurich, Institute of Astronomy
CH	Switzerland	A03014	A03018	Dep Phy	ETH Zurich, Department of Physics
CH	Switzerland	A03014	A11292	Inst Geop	ETH Zurich, Institute of Geophysics
CH	Switzerland	A03014	A13076	SED	ETH Zurich, Swiss Seismological Service
AT	Austria		A03019	TU Graz	Technical University of Graz, Austria
AT	Austria		A03020	U Innsbruck	Leopald Franzens University of Innsbruck, Austria
AT	Austria	A03020	A03021	Inst Theo Phy	University of Innsbruck, Institute of Theoretical Physics
AT	Austria	A03020	A11354	Inst Astrop	University of Innsbruck, Institute of Astrophysics
AT	Austria		A03022	Alpen Adria U	Alpen Adria University, Austria
AT	Austria		A03023	U Salzburg	University of Salzburg, Austria
AT	Austria		A03024	U Vienna	University of Vienna, Austria
AT	Austria	A03024	A03025	Dep Phy	University of Vienna, Department of Physics
AT	Austria	A03024	A03026	Dep Met Geop	University of Vienna, Department of Meteorology and Geophysics
AT	Austria	A03024	A11353	Dep Ast	University of Vienna, Department of Astronomy
AT	Austria		A03027	TU Vienna	Technical University of Vienna, Austria
AT	Austria	A03027	A03028	Dep Phy	Technical University of Vienna, Department of Physics
AT	Austria		A03029	JKU Linz	Johannes Kepler University, Linz, Austria
AT	Austria		A03030	KFU Graz	Karl Franzens University of Graz, Austria
AT	Austria	A03030	A03031	Inst Ear Sci	KF University of Graz, Institute of Earth Sciences
AT	Austria	A03030	A03032	IGAM	KF University of Graz, Institute of Geophysics, Astrophysics and Meteorology
AT	Austria	A03030	A03033	Inst Phy	KF University of Graz, Institute of Physics
AT	Austria		A03034	U Leoben	University of Leoben, Austria
AT	Austria		A03035	BOKU	University of Natural Resources and Life Sciences, Vienna, Austria
AT	Austria		A03036	Med U Innsbruck	Medical University of Innsbruck, Austria
US	United States		A03037	Black Hills St U	Black Hills State University, South Dakota
DE	Germany		A03038	Leibniz Inst	Leibniz Association, Berlin, Germany
DE	Germany	A03038	A03039	AEI	Albert Einstein Institute, Hannover
DE	Germany	A03038	A03040	Potsdam	Leibniz Institute for Astrophysics, Potsdam
DE	Germany	A03038	A03041	Frankfurt	Leibniz Institute for Semiconductor Physics, Frankfurt
DE	Germany	A03038	A03042	Dortmund	Leibniz Institute for Analytical Sciences, Dortmund
DE	Germany	A03038	A03043	INP	Leibniz Institute Nonthermal Plasmaphysics, Greifswald
DE	Germany	A03038	A03044	KIS	Kiepenheuer Institute for Solar Physics, Freiburg
DE	Germany	A03038	A03045	LIAG	Leibniz Institute for Applied Geosciences, Hannover
DE	Germany	A03038	A03046	Atm Phy	Leibniz Institute for Atmospheric Physics
DE	Germany	A03038	A03047	Baltic Sea Res	Leibniz Institute for Baltic Sea Research
DE	Germany	A03038	A03048	IFW	Leibniz Institute for Solid State and Materials Research, Dresden
DE	Germany	A03038	A03049	IOM	Leibniz Institute for Surface Modification, Leipzig
DE	Germany	A03038	A03050	TROPOS	Leibniz Institute for Tropospheric Research, Leipzig
DE	Germany	A03038	A03051	Inst Mar Res	Institute for Marine Research, Kiel
DE	Germany	A03038	A03052	PDI	Paul Drude Institute for Solid State Electronics, Berlin
DE	Germany	A03038	A03053	IPHT	Leibniz Institute of Photonic Technology, Jena
DE	Germany	A03038	A03054	MNH Berlin	Museum of Natural History, Berlin
DE	Germany	A03038	A03055	ISAS Berlin	Leibniz Institute for Analytical Sciences, Berlin
DE	Germany	A03038	A06183	PIK Potsdam	Potsdam Institute for Climate Impact Research
MX	Mexico		A03056	IPN	National Polytechnic Institute, Mexico
MX	Mexico	A03056	A03057	ESFM IPN	Superior School of Physics and Mathematics of the National Polytechnic Institute
MX	Mexico	A03056	A03058	CINVESTAV IPN	Center for Research and Advanced Studies of the National Polytechnic Institute
MX	Mexico		A03059	ITA MX	Aguascalientes Institute of Technology, Mexico
MX	Mexico		A03060	ITSON	Technical Institute of Sonora, Mexico
MX	Mexico		A03061	ITESM	Institute of Technology and Higher Education, Mexico
MX	Mexico		A03062	UABC	Autonomous University of Baja California, Mexico
MX	Mexico		A03063	UNACH	Autonomous University of Chiapas, Mexico
MX	Mexico		A03064	UAHC	Autonomous University of Chihuahua, Mexico
MX	Mexico		A03065	UACJ	Autonomous University of Ciudad Juarez, Mexico
MX	Mexico		A03066	UAdeC	Autonomous University of Coahuila, Mexico
MX	Mexico		A03067	UAGro	Autonomous University of Guerrero, Mexico
MX	Mexico		A03068	UANL	Autonomous University of Nuevo Leon, Mexico
MX	Mexico		A03069	UAQ	Autonomous University of Queretaro, Mexico
MX	Mexico	A03069	A03070	CIIDET	Centro Interdisciplinario de Investigacion y Docencia en Educacion Tecnica
MX	Mexico		A03071	UASLP	Autonomous University of San Luis Potosi, Mexico
MX	Mexico		A03072	UAS	Autonomous University of Sinaloa, Mexico
MX	Mexico		A03073	UADY	Autonomous University of Yucatan, Mexico
MX	Mexico		A03074	UAZ	Autonomous University of Zacatecas, Mexico
MX	Mexico		A03075	UNACAR	Autonomous University of Carmen, Mexico
MX	Mexico		A03076	UAEH	Autonomous University of the State of Hidalgo, Mexico
MX	Mexico		A03077	UAEMex	Autonomous University of the State of Mexico, Toluca
MX	Mexico		A03078	UAEM	Autonomous University of the State of Morelos, Mexico
MX	Mexico		A03079	UAM MX	Metropolitan Autonomous University, Mexico
MX	Mexico	A03079	A03080	Cuajimalpa	UAM, Metropolitan Autonomous University, Cuajimalpa
MX	Mexico	A03079	A03081	Azcapotzalco	UAM, National Autonomous University of Mexico, Azcapotzalco
MX	Mexico	A03079	A03082	Iztapalapa	UAM, National Autonomous University of Mexico, Iztapalapa
MX	Mexico		A03083	U Colima	University of Colima, Mexico
MX	Mexico	A03083	A06233	Dual C-P IHEP	Dual C-P Institute of High Energy Physics
MX	Mexico		A03084	U Guadalajara	University of Guadalajara, Mexico
MX	Mexico		A03085	UDLAP	University of the Americas Puebla, Mexico
MX	Mexico		A03086	U Monterrey	University of Monterrey, Mexico
MX	Mexico		A03087	U Quintana Roo	University of Quintana Roo, Mexico
MX	Mexico		A03088	U Sonora	University of Sonora, Mexico
MX	Mexico		A03089	Valle Mex U	Valle de Mexico University, Mexico
MX	Mexico		A03090	IBERO U	Ibero American University, Mexico
MX	Mexico		A03091	UJAT	University Juarez Autonoma de Tabasco, Mexico
MX	Mexico		A03092	UMSNH	University Michoacana of San Nicolas of Hidalgo, Mexico
MX	Mexico	A03092	A03093	Inst Phy Math	University Michoacana of San Nicolas of Hidalgo, Institute of Physics and Mathematics
MX	Mexico		A03094	TU Mixteca	Technological University of the Mixteca, Mexico
MX	Mexico		A03095	Veracruzana U	Veracruzana University, Mexico
EC	Ecuador		A03096	EPN Ecuador	National Polytechnic School, Ecuador
EC	Ecuador		A03097	PUCE Ecuador	Pontifical Catholic University of Ecuador
EC	Ecuador		A03098	USFQ Ecuador	University of Quito, Ecuador
CR	Costa Rica		A03099	U Costa Rica	University of Costa Rica
CR	Costa Rica		A03100	UNA Costa Rica	National University of Costa Rica
CR	Costa Rica		A03101	Costa Rican ICE	Costa Rican Electricity Institute
CO	Colombia		A03102	U Antonio Narino	Universidad Antonio Narino, Colombia
CO	Colombia		A03103	U Auton Occ	Universidad Autonoma de Occidente, Colombia
CO	Colombia		A03104	U Antioquia	University of Antioquia, Colombia
CO	Colombia		A03105	U Caldas	University of Caldas, Colombia
CO	Colombia		A03106	U Andes CO	University of the Andes, Colombia
CO	Colombia		A03107	U Medellin	University of Medellin, Colombia
CO	Colombia		A03108	U Narino	University of Narino, Colombia
CO	Colombia		A03109	U Atl	University of the Atlantic, Colombia
CO	Colombia		A03110	U Del Cauca	Universidad del Cauca, Colombia
CO	Colombia		A03111	U Valley	University of the Valley, Colombia
CO	Colombia		A03112	U Distrital	University Distrital Francesco Jose de Caldas, Colombia
CO	Colombia		A03113	EAFIT U	EAFIT University, Medillin, Colombia
CO	Colombia		A03114	TU Santander	Technical University of Santander, Colombia
CO	Colombia		A03115	Natl U Colombia	National University of Colombia
CO	Colombia		A03116	La UPTC	Pedagogical and Technological University of Colombia
CO	Colombia		A03117	UPB	Pontifical Bolivarian University, Colombia
CO	Colombia		A03118	TU Pereira	Technical University of Pereira, Colombia
CL	Chile		A03119	Pont Cath U Chile	Pontifical Catholic University of Chile
CL	Chile	A03119	A06172	MAS	Millennium Institute of Astrophysics, Chile
CL	Chile	A03119	A11710	Dep Ast Astrop	Pontifical Catholic University of Chile, Department of Astronomy and Astrophysics
CL	Chile		A03120	U Adolfo Ibanez	University Adolfo Ibanez, Chile
CL	Chile		A03121	U Arturo Prat	University Arturo Prat, Chile
CL	Chile		A03122	U Austral Chile	Austral University of Chile
CL	Chile		A03123	Cath U Most Holy Conc	Catholic University of the Most Holy Concepcion, Chile
CL	Chile		A03124	PUCV	Pontifical Catholic University of Valparaiso, Chile
CL	Chile		A03125	Cath U North	Universidad Catolica del Norte, Chile
CL	Chile		A03126	U Antofagasta	University of Antofagasta, Chile
CL	Chile		A03127	U Atacama	University of Atacama, Chile
CL	Chile		A03128	U Concepcion	University of Concepcion, Chile
CL	Chile	A03128	A06172	MAS	Millennium Institute of Astrophysics, Chile
CL	Chile	A03128	A11714	Dep Ast	University of Concepcion, Department of Astronomy
CL	Chile	A03128	A11715	Dep Phy	University of Concepcion, Department of Physics
CL	Chile		A03129	U La Frontera	University of La Frontera, Chile
CL	Chile		A03130	U La Serena	University of La Serena, Chile
CL	Chile		A03131	U Magallanes	University of Magallanes, Chile
CL	Chile		A03132	U Santiago Chile	University of Santiago of Chile
CL	Chile		A03133	U Talca	University of Talca, Chile
CL	Chile		A03134	U Tarapaca	University of Tarapaca, Chile
CL	Chile		A03135	Valparaiso U Chile	Valparaiso University, Chile
CL	Chile	A03135	A11713	Dep Phy Ast	Valparaiso University, Department of Physics and Astronomy
CL	Chile		A03136	UVM Chile	University of Vina del Mar, Chile
CL	Chile		A03137	UMCE	Metropolitan University of Educational Sciences, Chile
CL	Chile		A03138	UNAB	Andres Bello University, Chile
CL	Chile	A03138	A06172	MAS	Millennium Institute of Astrophysics, Chile
CL	Chile		A03139	UTFSM	Technical University Federico Santa Maria, Chile
BR	Brazil		A03140	UNIFEI	Federal University of Itajuba, Brazil
BR	Brazil	A03140	A11718	CRAAM	Center for Radio Astronomy and Astrophysics
BR	Brazil		A03141	UFPB	Federal University of Paraiba, Brazil
BR	Brazil		A03142	IME Brazil	IME Instituto Militar de Engenharia, Brazil
BR	Brazil		A03143	PUC-Rio	Pontifical Catholic University of Rio de Janeiro, Brazil
BR	Brazil		A03144	PUCPR	Pontifical Catholic University of Parana, Brazil
BR	Brazil		A03145	PUC CAMPINAS	Pontifical Catholic University of Campinas, Brazil
BR	Brazil		A03146	PUCRS	Pontifical Catholic University of Rio Grande do Sul, Brazil
BR	Brazil		A03147	PUC-SP	Catholic University of Sao Paulo, Brazil
BR	Brazil		A03148	UNIFESP	Sao Paulo Federal University, Brazil
BR	Brazil		A03149	UCB Brazil	Catholic University of Brasilia, Brazil
BR	Brazil		A03150	UNICAP	Catholic University of Pernambuco, Brazil
BR	Brazil		A03151	UNESP	State University of Paulista Julio de Mesquita Filho, Brazil
BR	Brazil	A03151	A03152	Inst Phy	UNESP, Institute of Physics
BR	Brazil		A03153	UFF	Fluminense Federal University, Brazil
BR	Brazil		A03154	UFBA	Federal University of Bahia, Brazil
BR	Brazil		A03155	UFAL	Federal University of Alagoas, Brazil
BR	Brazil		A03156	UFJF	Federal University of Juiz de Fora, Brazil
BR	Brazil		A03157	UFMG	Federal University of Minas Gerais, Brazil
BR	Brazil		A03158	UFOP	Federal University of Ouro Preto, Brazil
BR	Brazil		A03159	UFPE	Federal University of Pernambuco, Brazil
BR	Brazil		A03160	UFSC	Federal University of Santa Catarina, Brazil
BR	Brazil		A03161	UFSM	Federal University of Santa Maria, Brazil
BR	Brazil		A03162	UFU	Federal University of Uberlandia, Brazil
BR	Brazil		A03163	UFV	Federal University of Vicosa, Brazil
BR	Brazil		A03164	UFC	Federal University of Ceara, Brazil
BR	Brazil		A03165	UFPR	Federal University of Parana, Brazil
BR	Brazil		A03166	UFRN	Federal University of Rio Grande of the North, Brazil
BR	Brazil	A03166	A11722	UFRN Dep Phy	Federal University of Rio Grande of the North, Department of Physics
BR	Brazil		A03167	UFRGS	Federal University of Rio Grande of the South, Brazil
BR	Brazil	A03167	A03168	Inst Phy	Federal University of Rio Grande of the South, Institute of Physics
BR	Brazil		A03169	UFRJ	Federal University of Rio de Janeiro, Brazil
BR	Brazil	A03169	A03170	Inst Phy	Federal University of Rio de Janeiro, Institute of Physics
BR	Brazil	A03169	A03171	Valongo Obs	Federal University of Rio de Janeiro, Valongo Observatory
BR	Brazil		A03172	UFES	Federal University of Espirito Santa, Brazil
BR	Brazil		A03173	UnB	University of Brasilia, Brazil
BR	Brazil		A03174	UERJ	Rio de Janeiro State University, Brazil
BR	Brazil	A03174	A11721	Inst Phy	Rio de Janeiro State University, Institute of Physics
BR	Brazil		A03175	UNICAMP	University of Campinas, Brazil
BR	Brazil	A03175	A03176	Inst Phy	University of Campinas, Institute of Physics
BR	Brazil	A03175	A11719	Dep Ast	University of Campinas, Department of Astronomy
BR	Brazil		A03177	USP	University of Sao Paulo, Brazil
BR	Brazil	A03177	A03178	Inst Phy	University of Sao Paulo, Institute of Physics
BR	Brazil	A03177	A03179	Inst Ocgy	University of Sao Paulo, Institute of Oceanography
BR	Brazil	A03177	A03180	IAG	University of Sao Paulo, Institute for Astronomy, Geophysics, and Atmospheric Sciences
BR	Brazil	A03177	A03181	Poly Sch USP	Polytechnic School of University of Sao Paulo
BR	Brazil	A03177	A11718	CRAAM	Center for Radio Astronomy and Astrophysics
BO	Bolivia		A03182	UMSA	Universidad Mayor de San Andres, Bolivia
AR	Argentina		A03183	ITBA	Instituto Tecnologico de Buenos Aires, Argentina
AR	Argentina		A03184	Austral U	Austral University, Argentina
AR	Argentina		A03185	Pont Cath U Arg	Pontifical Catholic University of Argentina
AR	Argentina		A03186	UBA	University of Buenos Aires, Argentina
AR	Argentina	A03186	A04329	CIMA Arg	Research Center for Atmospheric and Sea Sciences, Argentina
AR	Argentina	A03186	A04336	IAFE BA	Institute of Astronomy and Space Physics, Buenos Aires
AR	Argentina	A03186	A04337	Arg IAR	Argentine Institute of Radio Astronomy
AR	Argentina	A03186	A04338	INFIP BA	Institute for Plasma Physics, Buenos Aires
AR	Argentina	A03186	A11706	Dep Geo Sci	University of Buenos Aires, Argentina, Department of Geological Sciences
AR	Argentina	A03186	A11707	Dep Phy	University of Buenos Aires, Argentina, Department of Physics
AR	Argentina		A03191	U Mendoza	University of Mendoza, Argentina
AR	Argentina		A03192	U San Andres	University of San Andres, Argentina
AR	Argentina		A03193	UNC Arg	National University of Cordoba, Argentina
AR	Argentina	A03193	A03195	Fac Math Ast	National University of Cordoba, Faculty of Mathematics and Astronomy
AR	Argentina	A03193	A03196	Fac Chem Sci	National University of Cordoba, Faculty of Chemical Sciences
AR	Argentina	A03193	A03198	Ast Obs	National University of Cordoba, Astronomical Observatory
AR	Argentina	A03193	A04327	CASLEO	El Leoncito Astronomical Complex
AR	Argentina	A03193	A04332	IATE Cordoba	Theoretical and Experimental Astronomy Institute, Cordoba
AR	Argentina		A03199	Natl U Cuyo	National University of Cuyo, Argentina
AR	Argentina	A03199	A04335	Balseiro Inst	Balseiro Institute, Argentina
AR	Argentina		A03201	UNSAM	National University of San Martin, Argentina
AR	Argentina	A03201	A13042	ITeDA	Institute of Detection and Astroparticle Technologies, Argentina
AR	Argentina		A03202	UNGS	National University of General Sarmiento, Argentina
AR	Argentina		A03203	UNJU	National University of Jujuy, Argentina
AR	Argentina		A03204	UNLPAM	National University of La Pampa, Argentina
AR	Argentina	A03204	A04334	INCITAP	Astronomical Institute of Earth and Space Sciences, La Pampa
AR	Argentina		A03206	UNPSJB	National University of Patagonia, Argentina
AR	Argentina		A03207	UNLP	National University of La Plata, Argentina
AR	Argentina	A03207	A03210	Nat Sci Mus La Plata	Natural Science Museum, La Plata
AR	Argentina	A03207	A03213	Fac Ast Geop Sci	National University of La Plata, Faculty of Astronomical and Geophysical Sciences
AR	Argentina	A03207	A04327	CASLEO	El Leoncito Astronomical Complex
AR	Argentina	A03207	A04330	INIFTA	Instituto de Investigaciones Fisicoquimicas Teoricas y Aplicadas, Argentina
AR	Argentina	A03207	A04331	Inst Phy La Plata	Institute for Physics, La Plata
AR	Argentina	A03207	A04333	Inst Ast La Plata	Institute for Astrophysics, La Plata
AR	Argentina	A03207	A04337	Arg IAR	Argentine Institute of Radio Astronomy
AR	Argentina		A03215	UNMdP	National University of Mar del Plata, Argentina
AR	Argentina	A03215	A13036	IFIMAR	Instituto de Investigaciones Fisicas de Mar del Plata, Argentina
AR	Argentina		A03216	UNRC	National University of Rio Cuarto, Argentina
AR	Argentina		A03217	UNR	National University of Rosario, Argentina
AR	Argentina	A03217	A04328	IFIR	Institute of Physics, Rosario
AR	Argentina		A03219	UNSa	National University of Salta, Argentina
AR	Argentina		A03220	UNSJ	National University of San Juan, Argentina
AR	Argentina	A03220	A04327	CASLEO	El Leoncito Astronomical Complex
AR	Argentina	A03220	A11708	Sthrn Obs	Yale Southern Observatory
AR	Argentina		A03222	UNSL	National University of San Luis, Argentina
AR	Argentina		A03223	UBTREF	National University of Third of February, Argentina
AR	Argentina		A03224	UNT	National University of Tucuman, Argentina
AR	Argentina	A03229	A06778	Inst Arg Oc	Instituto Argentino de Oceanografia, Argentina
AR	Argentina		A03225	UNCPBA	National University of Central Buenos Aires, Argentina
AR	Argentina		A03226	UNCo	National University of Comahue, Argentina
AR	Argentina		A03227	UNL	National University of the Littoral, Argentina
AR	Argentina		A03228	UNNE	National University of the Northeast, Argentina
AR	Argentina		A03229	UNS	National University of Southern Argentina, Bahia
AR	Argentina	A03229	A03230	INMABB	Mathematics Institute of Bahia Blanca
AR	Argentina		A03231	UTN	National Technical University of Argentina
DE	Germany		A03232	Fraunhofer	Fraunhofer Society of Applied Sciences, Germany
DE	Germany	A03232	A03233	IAIS	Fraunhofer Institute for Media Communications, Saint Augustin
DE	Germany	A03232	A03234	ITEM	Fraunhofer Institute for Toxicology and Experimental Medicine, Hannover
DE	Germany	A03232	A03235	EMFT	Fraunhofer Institute for Modular Solid State Technologies, Munich
DE	Germany	A03232	A03236	IFU	Fraunhofer Institute for Atmospheric and Environmental Research
DE	Germany	A03232	A03237	SCAI	Fraunhofer Institute for Algorithms and Scientific Computing, Saint Augustin
DE	Germany	A03232	A03238	FIT	Fraunhofer Institute for Applied Information Technology, Saint Augustin
DE	Germany	A03232	A03239	IOF	Fraunhofer Institute for Applied Optics and Precision Engineering, Jena
DE	Germany	A03232	A03240	IAP	Fraunhofer Institute for Applied Polymer Research, Potsdam
DE	Germany	A03232	A03241	IAF	Fraunhofer Institute for Applied Solid State Physics, Freiburg
DE	Germany	A03232	A03242	IBMT	Fraunhofer Institute for Biomedical Engineering, Saint Ingbert
DE	Germany	A03232	A03243	IBP	Fraunhofer Institute for Building Physics, Stuttgart
DE	Germany	A03232	A03244	IKTS	Fraunhofer Institute for Ceramic Technologies and Sintered Materials, Dresden
DE	Germany	A03232	A03245	ICT	Fraunhofer Institute for Chemical Technology, Berghausen
DE	Germany	A03232	A03246	FEP	Fraunhofer Institute for Electron and Plasma Technology, Dresden
DE	Germany	A03232	A03247	CNT	Fraunhofer Center for Nanoelectronic Technologies, Dresden
DE	Germany	A03232	A03248	EMI	Ernst Mach Institute, Freiburg
DE	Germany	A03232	A03249	IAO	Fraunhofer Institute for Industrial Engineering, Stuttgart
DE	Germany	A03232	A03250	IOSB	Fraunhofer Institute for Information and Data Processing, Karlsruhe
DE	Germany	A03232	A03251	IIS	Fraunhofer Institute for Integrated Circuits, Erlangen
DE	Germany	A03232	A03252	IISB	Fraunhofer Institute for Integrated Systems and Device Technology, Erlangen
DE	Germany	A03232	A03253	IGB	Fraunhofer Institute for Interfacial Engineering and Biotechnology, Stuttgart
DE	Germany	A03232	A03254	ILT	Fraunhofer Institute for Laser Technology, Aachen
DE	Germany	A03232	A03255	IFAM	Fraunhofer Institute for Manufacturing Engineering and Applied Materials Research, Bremen
DE	Germany	A03232	A03256	IWS	Fraunhofer Institute for Material and Beam Technology, Dresden
DE	Germany	A03232	A03257	IWM	Fraunhofer Institute for Mechanics of Materials, Freiburg
DE	Germany	A03232	A03258	IMS2	Fraunhofer Institute for Microelectronic Circuits and Systems, Duisburg
DE	Germany	A03232	A03259	IZFP	Fraunhofer Institute for Non-Destructive Testing, Saarbrucken
DE	Germany	A03232	A03260	FIRST	Fraunhofer Institute for Computer Architecture and Software Technology, Berlin
DE	Germany	A03232	A03261	IPMS	Fraunhofer Institute for Photonic Microsystems, Dresden
DE	Germany	A03232	A03262	IPM	Fraunhofer Institute for Physical Measurement Techniques, Freiburg
DE	Germany	A03232	A03263	IPT	Fraunhofer Institute for Production Technology, Aachen
DE	Germany	A03232	A03264	IZM	Fraunhofer Institute for Reliability and Microintegration, Berlin
DE	Germany	A03232	A03265	ISC	Fraunhofer Institute for Silicate Research, Wurzburg
DE	Germany	A03232	A03266	ISE	Fraunhofer Institute for Solar Energy Systems, Freiburg
DE	Germany	A03232	A03268	WKI	Fraunhofer Institute for Wood Research, Braunschweig
DE	Germany	A03232	A03269	IWES	Fraunhofer Institute for Wind Energy and Energy System Technology, Bermerhaven
DE	Germany	A03232	A03658	HHI	Fraunhofer Heinrich Hertz Institute, Berlin
CH	Switzerland		A03270	EAWAG	Swiss Federal Institute of Aquatic Science and Technology
CH	Switzerland		A03271	WSL	Swiss Federal Institute for Forest Snow and Landscape Research
CH	Switzerland		A03272	EMPA	Swiss Federal Institute for Materials Science and Technology
US	United States		A03273	Loyola U Balt	Loyola University, Baltimore, Maryland
IN	India		A03274	Pondicherry U	Pondicherry University, India
IN	India		A03275	Andhra U	Andhra University, India
IN	India		A03276	Osmania U	Osmania University, India
IN	India		A03277	CSIR	Council of Scientific and Industrial Research, India
IN	India	A03277	A03278	CMMCS	CSIR, Centre for Mathematical Modeling and Computer Simulation, Bangalore
IN	India	A03277	A03279	NGRI	CSIR, National Geophysical Research Institute, Hyderabad
IN	India	A03277	A03280	NIO	CSIR, National Institute of Oceanography, Goa
IN	India	A03277	A03281	NAL	CSIR, National Aerospace Laboratories, Bangalore
IN	India	A03277	A03282	NCL	CSIR, National Chemical Laboratory, Pune
IN	India	A03277	A03283	IICB	CSIR, Indian Institute of Chemical Biology, Calcutta
IN	India	A03277	A03284	NPL	CSIR, National Physical Laboratory, New Delhi
IN	India		A03285	DRDO	Defence Research and Development Organisation, India
IN	India		A03286	U Hyderabad	University of Hyderabad, India
IN	India		A03287	Sri Krishnadevaraya U	Sri Krishnadevaraya University, India
IN	India		A03288	Sri Venkateswara U	Sri Venkateswara University, India
IN	India		A03289	Dibrugarh U	Dibrugarh University, India
IN	India		A03290	Gauhati U	Gauhati University, India
IN	India		A03291	IIT Guwahati	Indian Institute of Technology, Guwahati
IN	India		A03292	Assam U	Assam University, India
IN	India		A03293	Tezpur U	Tezpur University, India
IN	India		A03294	Ind Sch Mines	Indian School of Mines
IN	India		A03295	Birla Inst Tech	Birla Institute of Technology, Jharkhand
IN	India		A03296	GGV Central U	Guru Ghasidas Vishwavidyalaya Central University, India
IN	India		A03297	Pandit Ravi Shukla U	Pandit Ravishanka Shukla University, India
IN	India		A03298	Barkatullah U	Barkatullah University, India
IN	India		A03299	U Delhi	University of Delhi, India
IN	India	A03299	A03300	Dep Phy Astrop	University of Delhi, Department of Physics and Astrophysics
IN	India		A03301	Jawaharlal Nehru U	Jawaharlal Nehru University, New Delhi, India
IN	India		A03303	IIT Delhi	Indian Institute of Technology, Delhi, India
IN	India		A03304	Indira Gandhi Open U	Indira Gandhi Open University, India
IN	India		A03305	Jamia Millia Islamia	Jamia Millia Islamia Central University, India
IN	India		A03306	Goa U	Goa University, India
IN	India		A03307	Gujarat U	Gujarat University, India
IN	India		A03308	St Xaviers Coll Ahmed	Saint Xaviers College, Ahmedabad, India
IN	India		A03309	MS U Baroda	Maharaja Sayajirao University of Baroda, India
IN	India		A03310	Saurashtra U	Saurashtra University, India
IN	India		A03311	Sardar Patel U	Sardar Patel University, India
IN	India		A03312	GJUST	Guru Jambheshwar University of Science and Technology, India
IN	India		A03313	Kurukshetra U	Kurukshetra University, India
IN	India		A03314	NIT Kurukshetra	National Institute of Technology, Kurukshetra, India
IN	India		A03315	Himachal Pradesh U	Himachal Pradesh University, India
IN	India		A03316	Indian IAS	Indian Institute of Advanced Study
IN	India		A03317	U Jammu	University of Jammu, India
IN	India		A03318	U Kashmir	University of Kashmir, India
IN	India		A03319	Mangalore U	Mangalore University, India
IN	India		A03320	Geo Surv IN	Geological Survey of India
IN	India		A03321	Bangalore U	Bangalore University, India
IN	India		A03322	IISc	Indian Institute of Science, Bangalore
IN	India	A03322	A03323	Div Phy Sci	Indian Institute of Science, Division of Physical Sciences
IN	India		A03324	ISRO	Indian Space Research Organization
IN	India	A03324	A03325	Sat Ctr	ISRO, Satellite Centre
IN	India	A03324	A03326	Sp App Ctr	ISRO, Space Applications Centre
IN	India	A03324	A03327	VSSC	ISRO, Vikram Sarabhai Space Centre
IN	India		A03328	JNCASR	Nehru Centre for Advanced Scientific Research, Bangalore, India
IN	India		A03329	TIFR	Tata Institute of Fundamental Research, India
IN	India	A03329	A03330	Natl Ctr RadPhy	TIFR, National Centre for Radiophysics, Pune
IN	India	A03329	A11536	Ast Grp	TIFR, Astrophysics Group
IN	India		A03331	U Mysore	University of Mysore, India
IN	India		A03332	U Kerala	University of Kerala, India
IN	India		A03333	NCESS	National Centre for Earth Science Studies, India
IN	India		A03334	U Calicut	University of Calicut, Kerala, India
IN	India		A03335	CUSAT	Cochin University of Science and Technology, India
IN	India		A03336	Mahatma Gandhi U	Mahatma Gandhi University, India
IN	India		A03337	SCTIMST	Sree Chitra Thirunal Institute for Medical Sciences and Technology, India
IN	India		A03338	U Mumbai	University of Mumbai, India
IN	India		A03339	Amravati U	Amravati University, India
IN	India		A03340	SBS Coll Sci	Saraswati Bhuvan College of Science, Aurangabad, India
IN	India		A03341	Shivaji U	Shivaji University, Kolhapur, India
IN	India		A03342	SRTMU	Swami Ramanand Teerth Marathwada University, India
IN	India		A03345	IIT Mumbai	Indian Institute of Technology, Mumbai, India
IN	India		A03346	U Pune	University of Pune, India
IN	India		A03347	Manipur U	Manipur University, India
IN	India		A03348	North-Estrn Hill U	North-Eastern Hill University, India
IN	India		A03349	Devi Ahilya U	Devi Ahilya University, India
IN	India		A03350	U Jabalpur	University of Jabalpur, India
IN	India		A03351	APS U	Awadhesh Pratash Singh University, India
IN	India		A03352	HS Gour U Sagar	Hari Singh Gour University of Sagar, India
IN	India		A03353	Utkal U	Utkal University, India
IN	India		A03354	Sambalpur U	Sambalpur University, India
IN	India		A03355	Ravenshaw U	Ravenshaw University, India
IN	India		A03356	NIT Rourkela	National Institute of Technology Rourkela, India
IN	India		A03357	Guru Nanak Dev U	Guru Nanak Dev University, India
IN	India		A03358	Panjab U	Panjab University, India
IN	India		A03359	Punjabi U	Punjabi University, India
IN	India		A03360	U Rajasthan	University of Rajasthan, India
IN	India		A03361	BITS	Birla Institute of Technology and Science, Rajasthan, India
IN	India	A03361	A03362	BITS Goa	Birla Institute of Science and Technology, Goa
IN	India	A03361	A03363	BITS Hyderabad	Birla Institute of Science and Technology, Hyderabad
IN	India		A03364	U Udaipur	Mohanlal Sukhadia University, Udaipur, India
IN	India		A03365	Anna U	Anna University, India
IN	India		A03366	U Madras	University of Madras, India
IN	India		A03367	IMSc	Institute of Mathematical Sciences, Chennai, India
IN	India		A03368	Loyola Coll	Loyola College, India
IN	India		A03369	Annamalai U	Annamalai University, India
IN	India		A03370	Bharathiar U	Bharathiar University, India
IN	India		A03371	GRI India	Gandhigram Rural Institute, India
IN	India		A03373	Arul Anandar Coll	Arul Anandar College, India
IN	India		A03374	Madurai Kamaraj U	Madurai Kamaraj University, India
IN	India		A03375	GAC Tamil Nadu	Government Arts College, Tamil Nadu, India
IN	India		A03376	VIT	Vellore Institute of Technology, India
IN	India		A03377	Agra Coll	Agra College, India
IN	India		A03378	Aligarh Muslim U	Aligarh Muslim University, India
IN	India		A03379	Allahabad U	Allahabad University, India
IN	India		A03380	GBPNIHESD	Govind Ballabh Pant Institute of Himalayan Environment and Development, India
IN	India		A03381	WIHG	Wadia Institute of Himalayan Geology, India
IN	India		A03382	DDU Gorakhpur U	DDU Gorakhpur University, India
IN	India		A03383	Hindi Post Grad Coll	Hindi Post Graduate College, India
IN	India		A03384	Bundelkhand U	Bundelkhand University, India
IN	India		A03385	IIT Kanpur	Indian Institute of Technology, Kanpur
IN	India		A03386	U Lucknow	University of Lucknow, India
IN	India		A03387	Kumaun U	Kumaun University, India
IN	India		A03388	GBPUA&T	Govind Ballabh Pant University of Agriculture and Technology, Pantnagar
IN	India		A03389	IIT Roorkee	Indian Institute of Technology, Roorkee
IN	India		A03390	BHU	Banaras Hindu University, India
IN	India	A03390	A11541	Dep Phy	Banaras Hindu University, India, Department of Physics
IN	India		A03391	U Burdwan	University of Burdwan, India
IN	India		A03392	IIEST	Indian Institute of Engineering Science and Technology
IN	India		A03393	Vivekananda U	Ramakrishna Mission Vivekananda University, India
IN	India		A03394	U Kalyani	University of Kalyani, India
IN	India		A03395	IIT Kharagpur	Indian Institute of Technology, Kharagpur
IN	India		A03396	Bose Inst	Bose Institute, Calcutta, India
IN	India		A03397	ISI Calcutta	Indian Statistical Institute, Calcutta
IN	India		A03398	U Calcutta	University of Calcutta, India
IN	India	A03398	A11542	Inst Rad Phy	University of Calcutta, Institute of Radio Physics
IN	India	A03398	A11545	Ctr Sp Phy	University of Calcutta, Centre for Space Physics
IN	India		A03399	Jadavpur U	Jadavpur University, Calcutta, India
IN	India		A03400	Maulana Azad Coll	Maulana Azad College, Calcutta, India
IN	India		A03401	Presidency U	Presidency University, Calcutta, India
IN	India		A03402	SINP	Saha Institute of Nuclear Physics, India
IN	India	A03402	A11544	Ast Phy Cosmo	Saha Institute of Nuclear Physics, Astroparticle Physics and Cosmology
IN	India		A03403	St Xaviers Coll	Saint Xaviers College, Calcutta, India
IN	India		A03404	SNBNCBS	Bose National Centre for Basic Sciences, Calcutta, India
IN	India		A03405	U N Bengal	University of North Bengal, India
IN	India		A03406	Visva Bharati U	Visva Bharati University, India
CH	Switzerland		A03407	FOEN	Swiss Federal Office for the Environment
CH	Switzerland		A03408	Bern Mus Nat Hist	Bern Museum of Natural History, Switzerland
CH	Switzerland		A03409	FHNW	University of Applied Sciences Northwestern Switzerland
CH	Switzerland		A03410	SUPSI	University of Applied Sciences of Southern Switzerland
CH	Switzerland		A03411	CERN	European Organization for Nuclear Research, Switzerland
CH	Switzerland	A03411	A11265	Theo Div	CERN, Theory Division
CH	Switzerland		A03412	Geneva MNH	Geneva Museum of Natural History, Switzerland
CH	Switzerland		A03413	ZHAW	Zurich University of Applied Sciences, Switzerland
AT	Austria		A03414	AIT	Austrian Institute of Technology
AT	Austria		A03415	AGES	Austrian Agency for Health and Food Safety
AT	Austria		A03416	Austrian Ac Sci	Austrian Academy of Sciences
AT	Austria	A03416	A03417	SMI	Stefan Meyer Institute for Subatomic Physics, Vienna
AT	Austria	A03416	A03418	IQOQI	Institute for Quantum Optics and Quantum Information, Innsbruck
AT	Austria	A03416	A03419	Austrian IWF	Austrian Institute of Space Science Research
AT	Austria	A03416	A03420	HEPHY	Institute of High Energy Physics, Vienna
AT	Austria		A03421	Med U Graz	Medical University of Graz, Austria
AT	Austria		A03422	NHM Vienna	Natural History Museum, Vienna, Austria
US	United States		A03423	Morehouse Coll	Morehouse College, Georgia
US	United States		A03424	U N Georgia	University of North Georgia
US	United States		A03425	Wilbur Wright Coll	Wilbur Wright College, Illinois
US	United States		A03426	Wentworth Inst Tech	Wentworth Institute of Technology, Massachusetts
US	United States		A03427	Cen AZ U	Central Arizona University
VE	Venezuela		A03428	U Cen Venez	University of Central Venezuela
VE	Venezuela		A03429	UCLA Venez	University Centroccidental Lisandro Alvarado, Venezuela
VE	Venezuela		A03430	U Carabobo	University of Carabobo, Venezuela
VE	Venezuela		A03431	U Andes Venez	University of the Andes, Venezuela
VE	Venezuela	A03431	A11702	Ctr Theo Astrop	University of the Andes, Center for Theoretical Astrophysics
VE	Venezuela	A03431	A11703	Ctr Fund Phy	University of the Andes, Center for Fundamental Physics
VE	Venezuela		A03432	U Oriente	University of Oriente, Venezuela
VE	Venezuela		A03433	U Zulia	University of Zulia, Venezuela
VE	Venezuela		A03434	Metro U Venez	Metropolitan University, Venezuela
VE	Venezuela		A03435	UNET	National Experimental University of Tachira, Venezuela
VE	Venezuela		A03436	Simon Bolivar U	Simon Bolivar University, Venezuela
VE	Venezuela	A03436	A11704	Dep Phy	Simon Bolivar University, Department of Physics
PE	Peru		A03437	UNMSM	National University of San Marcos, Peru
PE	Peru	A03437	A11701	SPACE	Seminario Permanente de Astronomia y Ciencias
PE	Peru		A03438	UPCH	Cayetano Heredia University, Peru
US	United States		A03439	UCM	University of California, Merced
TW	Taiwan		A03440	NTU	National Taiwan University
TW	Taiwan	A03440	A03629	ASIAA	Institute of Astronomy and Astrophysics Academia Sinica
TW	Taiwan	A03440	A03630	Inst Phy	Institute of Physics, Taiwan
TW	Taiwan	A03440	A03631	Inst Ear Sci	Institute of Earth Sciences, Taiwan
TW	Taiwan	A03440	A11531	Inst Astrop	National Taiwan University, Institute of Astrophysics
TW	Taiwan	A03440	A11532	Dep Phy	National Taiwan University, Department of Physics
TW	Taiwan	A03440	A13039	Dep Geos	National Taiwan University, Department of Geosciences
US	United States		A03444	TX A&M Galveston	Texas A&M University, Galveston
US	United States		A03445	KLA Tencor	KLA Tencor Corporation
US	United States		A03446	SIT	Stevens Institute of Technology, New Jersey
US	United States		A03447	Warren Wilson Coll	Warren Wilson College, North Carolina
AT	Austria		A03448	BEV Vienna	Federal Office Metrology Surveying, Vienna, Austria
JO	Jordan		A03449	Hashemite U	Hashemite University, Jordan
CN	China		A03450	U Sth China	University of South China
CN	China		A03451	Shanghai U	Shanghai University, China
CN	China		A03452	China Agr U	China Agricultural University, Beijing
JP	Japan		A03453	Teikyo U Sci	Teikyo University of Science, Japan
JP	Japan		A03454	Toyama Pref U	Toyama Prefectural University, Japan
JP	Japan		A03455	Toyama U	Toyama University, Japan
JP	Japan		A03456	Okayama Shoka U	Okayama Shoka University, Japan
HN	Honduras		A03457	UNAH	National Autonomous University of Honduras
GT	Guatemala		A03458	USAC	University of San Carlos, Guatemala
GT	Guatemala		A03459	UVG	University of Guatemala Valley
GT	Guatemala		A03460	URL	Rafael Landivar University, Guatemala
TW	Taiwan		A03461	NSYSU	National Sun Yat-sen University, Taiwan
TW	Taiwan		A03462	NTUT	National Taipei Institute of Technology, Taiwan
TW	Taiwan		A03463	NTUST	National Taiwan University of Science and Technology
TW	Taiwan		A03464	NTNU	National Taiwan Normal University
TW	Taiwan		A03465	NTOU	National Taiwan Ocean University
TW	Taiwan		A03466	NTHU	National Tsing-Hua University, Taiwan
TW	Taiwan	A03466	A03468	Dep Phy	National Tsing-Hua University, Taiwan, Department of Physics
TW	Taiwan	A03466	A03629	ASIAA	Institute of Astronomy and Astrophysics Academia Sinica
TW	Taiwan	A03466	A03630	Inst Phy	Institute of Physics, Taiwan
TW	Taiwan	A03466	A03631	Inst Ear Sci	Institute of Earth Sciences, Taiwan
TW	Taiwan	A03466	A11530	Inst Ast	National Tsing-Hua University, Taiwan, Institute for Astronomy
TW	Taiwan		A03472	YunTech	National Yunlin University of Science and Technology, Taiwan
TW	Taiwan		A03473	Tamkang U	Tamkang University, Taiwan
TW	Taiwan		A03474	CYCU	Chung Yuan Christian University, Taiwan
TW	Taiwan		A03475	FCU	Feng Chia University, Taiwan
TW	Taiwan		A03476	FJCU	Fu Jen Catholic University, Taiwan
TW	Taiwan		A03477	NCUE	National Changhua University of Education, Taiwan
TW	Taiwan		A03478	NCU Taiwan	National Central University, Taiwan
TW	Taiwan	A03478	A11526	Inst Sp Sci	National Central University, Taiwan, Institute of Space Science
TW	Taiwan	A03478	A11527	Inst Ast	National Central University, Taiwan, Institute of Astronomy
TW	Taiwan	A03478	A11528	Dep Phy	National Central University, Taiwan, Department of Physics
TW	Taiwan	A03478	A11529	Inst Geop	National Central University, Taiwan, Institute of Geophysics
TW	Taiwan		A03479	NCKU	National Cheng Kung University, Taiwan
TW	Taiwan	A03479	A03480	Dep Ear Sci	National Cheng Kung University, Department of Earth Sciences
TW	Taiwan	A03479	A03481	Dep Phy	National Cheng Kung University, Department of Physics
TW	Taiwan	A03479	A11533	PSSC	National Cheng Kung University, Taiwan, Institute for Space Astrophysical and Plasma Sciences
TW	Taiwan		A03482	NCCU	National Chengchi University, Taiwan
TW	Taiwan		A03484	CCU Taiwan	National Chung Cheng University, Taiwan
TW	Taiwan		A03485	NCHU Taiwan	National Chung Hsing University, Taiwan
KR	South Korea		A03486	Ajou U	Ajou University, Korea
KR	South Korea		A03487	Changwon Natl U	Changwon National University, Korea
KR	South Korea		A03488	Jeju Natl U	Jeju National University, Korea
KR	South Korea		A03489	Cheongju U	Cheongju University, Korea
KR	South Korea		A03490	Chonnam Natl U	Chonnam National University, Korea
KR	South Korea		A03491	Chosun U	Chosun University, Korea
KR	South Korea		A03492	Chungbuk Natl U	Chungbuk National University, Korea
KR	South Korea	A03492	A11553	Dep Ast Sp Sci	Chungbuk National University, Department of Astronomy and Space Science
KR	South Korea	A03492	A11554	Dep Phy	Chungbuk National University, Department of Physics
KR	South Korea		A03493	Dankook U	Dankook University, Korea
KR	South Korea		A03494	Dongguk U	Dongguk University, Korea
KR	South Korea		A03495	Dongseo U	Dongseo University, Korea
KR	South Korea		A03496	Donshin U	Dongshin University, Korea
KR	South Korea		A03497	Korea Aero U	Korea Aerospace University
KR	South Korea		A03498	Hanseo U	Hanseo University, Korea
KR	South Korea		A03499	Hoseo U	Hoseo University, Korea
KR	South Korea		A03500	Incheon Natl U	Incheon National University, Korea
KR	South Korea		A03501	Jeonju U	Jeonju University, Korea
KR	South Korea		A03502	GWNU	Gangneung-Wonju National University, Korea
KR	South Korea		A03503	Kangwon Natl U	Kangwon National University, Korea
KR	South Korea		A03504	Konkuk U	Konkuk University, Korea
KR	South Korea		A03505	Kookmin U	Kookmin University, Korea
KR	South Korea		A03506	KAIST	Korea Advanced Institute of Science and Technology
KR	South Korea	A03506	A03507	KSA	Korea Science Academy of KAIST
KR	South Korea		A03508	Korea Mar Oc U	Korea Maritime and Ocean University
KR	South Korea		A03509	Korea Open U	Korea National Open University
KR	South Korea		A03510	Korea Natl U Educ	Korea National University of Education
KR	South Korea		A03511	Korea U Seoul	Korea University, Seoul
KR	South Korea	A03511	A03512	Sejeong	Korea University, Sejeong
IL	Israel		A03513	Weizmann Inst Sci	Weizmann Institute of Science, Israel
IL	Israel	A03513	A03514	Dep Phy	Weizmann Institute of Science, Department of Physics
IL	Israel	A03513	A11511	Ast Grp	Weizmann Institute of Science, Astrophysics Group
IL	Israel	A03513	A11512	Ear Plan Sci	Weizmann Institute of Science, Department of Earth and Planetary Sciences
KR	South Korea		A03515	Kwangju U	Kwangju University, Korea
KR	South Korea		A03516	Kwangwoon U	Kwangwoon University, Korea
KR	South Korea		A03517	Kyungnam Natl U	Kyungnam National University, Korea
KR	South Korea		A03518	Kyungpook Natl U	Kyungpook National University, Korea
KR	South Korea		A03519	Kyungsung U	Kyungsung University, Korea
KR	South Korea		A03520	Mokpo Natl U	Mokpo National University, Korea
KR	South Korea		A03521	POSTECH	Pohang University of Science and Technology, Korea
KR	South Korea		A03522	Pusan Natl U	Pusan National University, Korea
KR	South Korea		A03523	Pukyong Natl U	Pukyong National University, Korea
KR	South Korea		A03524	Sejong U Seoul	Sejong University, Seoul, Korea
KR	South Korea	A03524	A11552	Dep Ast	Sejong University, Department of Astronomy
KR	South Korea		A03525	Semyung U	Semyung University, Korea
KR	South Korea		A03526	U Seoul	University of Seoul, Korea
KR	South Korea		A03527	Sogang U	Sogang University, Korea
KR	South Korea		A03528	Soongsil U	Soongsil University, Korea
KR	South Korea		A03529	Sung Kyun Kwan U	Sung Kyun Kwan University, Korea
KR	South Korea		A03530	Sun Moon U	Sun Moon University, Korea
KR	South Korea		A03531	Suwon U	Suwon University, Korea
KR	South Korea		A03532	Daejeon U	Daejeon University, Korea
KR	South Korea		A03533	Ulsan U	Ulsan University, Korea
KR	South Korea		A03534	Yeungnam U	Yeungnam University, Korea
IN	India		A03535	Vikram U	Vikram University, India
DE	Germany		A03536	BASF	BASF AG, Germany
JP	Japan		A03537	Toshiba	Toshiba Co Japan
QA	Qatar		A03538	Qatar Found	Qatar Foundation
QA	Qatar	A03538	A03539	Env En Res Inst	Qatar Environment and Energy Research Institute
TR	Turkey		A03540	Ondokuz Mayis U	Ondokuz Mayis University, Turkey
IN	India		A03541	SDM	Sri Dharmasthala Manjunatheshwara College of Engineering, India
IN	India		A03542	IIT Madras	Indian Institute of Technology, Madras, India
HU	Hungary		A03543	U Szeged	University of Szeged, Hungary
HU	Hungary	A03543	A11346	Ast Obs	University of Szeged, Astronomical Observatory
HU	Hungary	A03543	A11347	Baja Ast Obs	Baja Astronomical Observatory, Hungary
MY	Malaysia		A03544	U Malaya	University of Malaya, Malaysia
MY	Malaysia		A03545	U Putra	University of Putra, Malaysia
TR	Turkey		A03546	Akdeniz U	Akdeniz University, Turkey
TR	Turkey	A03546	A11424	Turkish Natl Obs	Turkish National Observatory
TR	Turkey		A03547	Ataturk U	Ataturk University, Turkey
TR	Turkey		A03548	Ankara U	Ankara University, Turkey
TR	Turkey	A03548	A11423	Dep Ast	Ankara University, Department of Astronomy
TR	Turkey		A03549	Baskent U	Baskent University, Turkey
TR	Turkey		A03550	Cukurova U	Cukurova University, Turkey
TR	Turkey		A03551	Dicle U	Dicle University, Turkey
TR	Turkey		A03552	Dokuz Eylul U	Dokuz Eylul University, Turkey
TR	Turkey		A03553	Ege U	Ege University, Turkey
TR	Turkey	A03553	A03554	Dep Ast Sp Sci	Ege University, Department of Astronomy and Space Sciences
TR	Turkey		A03555	Firat U	Firat University, Turkey
TR	Turkey		A03556	Gazi U	Gazi University, Turkey
TR	Turkey		A03557	Gaziantep U	Gaziantep University, Turkey
TR	Turkey		A03558	Hacettepe U	Hacettepe University, Turkey
TR	Turkey		A03559	Istanbul U	Istanbul University, Turkey
TR	Turkey	A03559	A11422	Dep Ast Sp Sci	Istanbul University, Department of Astronomy and Space Science
TR	Turkey		A03560	Kahramanmaras U	Kahramanmaras University, Turkey
TR	Turkey		A03561	Inonu U	Inonu University, Turkey
TR	Turkey		A03562	Trayka U	Trakya University, Turkey
TR	Turkey		A03563	Uludag U	Uludag University, Turkey
EE	Estonia		A03564	Tartu U	Tartu University, Estonia
EE	Estonia	A03564	A11467	Tartu Obs	Tartu Observatory
IR	Iran		A03565	Shiraz U	Shiraz University, Iran
MT	Malta		A03566	U Malta	University of Malta
NG	Nigeria		A03567	Lagos St U	Lagos State University, Nigeria
VE	Venezuela		A03568	IVIC	Venezuelan Institute for Scientific Research
ZW	Zimbabwe		A03569	U Zimbabwe	University of Zimbabwe
BN	Brunei		A03570	U Brunei	University of Brunei
HU	Hungary		A03571	U Debrecen	University of Debrecen, Hungary
HU	Hungary	A03571	A11345	MTA Atomki	MTA Atomki, Hungary
ET	Ethiopia		A03572	Addis Ababa U	Addis Ababa University, Ethiopia
KW	Kuwait		A03573	Kuwait U	Kuwait University
LB	Lebanon		A03574	Lebanese Amer U	Lebanese American University
OM	Oman		A03575	SQU	Sultan Qaboos University, Oman
HR	Croatia		A03576	U Rijeka	University of Rijeka, Croatia
HR	Croatia		A03577	U Zagreb	University of Zagreb, Croatia
HR	Croatia	A03577	A03578	Dep Phy	University of Zagreb, Department of Physics
HR	Croatia	A03577	A11337	Hvar Obs	University of Zagreb, Hvar Observatory
HR	Croatia	A03577	A13083	Fac Elec Eng Comp	University of Zagreb, Faculty of Electrical Engineering and Computing
HU	Hungary		A03579	Semmelweis U	Semmelweis University, Hungary
HU	Hungary		A03580	U Pecs	University of Pecs, Hungary
SI	Slovenia		A03581	U Ljubljana	University of Ljubljana, Slovenia
SI	Slovenia	A03581	A03582	Fac Math Phy	University of Ljubljana, Faculty of Mathematics and Physics
SI	Slovenia	A03581	A04637	IJS	Jozef Stefan Institute, Ljubljana
SI	Slovenia	A03581	A11340	Ctr Excel SPACE SI	University of Ljubljana, Centre of Excellence SPACE SI
TH	Thailand		A03584	Thammasat U	Thammasat University, Bangkok, Thailand
ZA	South Africa		A03585	U Free St	University of the Free State, Bloemfontein, South Africa
ZA	South Africa		A03586	U Witwatersrand	University of the Witwatersrand, South Africa
ZA	South Africa	A03586	A03587	Sch Geos	University of the Witwatersrand, School of Geosciences
ZA	South Africa	A03586	A11691	Sch Phy	University of the Witwatersrand, School of Physics
ZA	South Africa		A03588	UCT	University of Cape Town, South Africa
ZA	South Africa	A03588	A03589	Dep Geo Sci	University of Cape Town, Department of Geological Sciences
ZA	South Africa	A03588	A04302	SAEON	South African Environmental Observation Network
ZA	South Africa	A03588	A11686	ACGC	University of Cape Town, Astronomy Cosmology and Gravitation Centre
ZA	South Africa	A03588	A11687	Dep Ast	University of Cape Town, Department of Astronomy
ZA	South Africa	A03588	A11688	Dep Phy	University of Cape Town, Department of Physics
CZ	Czechia		A03591	Charles U	Charles University, Prague, Czech Republic
CZ	Czechia	A03591	A03592	Dep Phy	Charles University, Department of Physics
CZ	Czechia	A03591	A11359	Ast Inst	Charles University, Astronomical Institute
CZ	Czechia	A03591	A13041	Inst Geop	Charles University, Institute of Geophysics
CZ	Czechia		A03593	Masaryk U	Masaryk University, Czech Republic
CZ	Czechia	A03593	A11364	Dep Phy Astrop	Masaryk University, Department of Physics and Astrophysics
GR	Greece		A03594	U Crete	University of Crete, Greece
GR	Greece	A03594	A11432	Dep Phy	University of Crete, Department of Physics
GR	Greece		A03595	Aristotle U	Aristotle University of Thessaloniki, Greece
GR	Greece	A03595	A03596	Dep Phy	Aristotle University of Thessaloniki, Department of Physics
GR	Greece	A03595	A11425	Dep Ast	Aristotle University of Thessaloniki, Department of Astronomy
GR	Greece		A03597	U Thessaly	University of Thessaly, Greece
GR	Greece		A03598	U Thrace	University of Thrace, Greece
GR	Greece		A03599	U Patras	University of Patras, Greece
GR	Greece	A03599	A11431	Dep Phy Ast	University of Patras, Department of Physics and Astronomy
GR	Greece		A03600	U Ioannina	University of Ioannina, Greece
GR	Greece	A03600	A03601	Dep Phy	University of Ioannina, Department of Physics
PL	Poland		A03602	Jagiellonian U	Jagiellonian University, Krakow, Poland
PL	Poland	A03602	A11370	Ast Obs	Jagiellonian University, Astronomical Observatory
PL	Poland	A03602	A05543	Copernicus CIS	Copernicus Center for Interdisciplinary Studies, Poland
PL	Poland		A03603	Med U Warsaw	Medical University of Warsaw, Poland
PT	Portugal		A03604	U Lisbon	University of Lisbon, Portugal
PT	Portugal	A03604	A03605	Ast Inst	University of Lisbon, Astrophysical Institute
PT	Portugal	A03604	A03606	IDL	University of Lisbon, Institute Dom Luiz
PT	Portugal	A03604	A03607	IPFN	Lisbon Institute of Plasma and Nuclear Fusion
PT	Portugal	A03604	A03608	IST	University of Lisbon, Instituto Superior Tecnico
PT	Portugal	A03604	A11278	Dep Phy	University of Lisbon, Department of Physics
PT	Portugal		A03609	U Coimbra	University of Coimbra, Portugal
PT	Portugal	A03609	A03610	Dep Phy	University of Coimbra, Department of Physics
PT	Portugal	A03609	A11282	Geop Ast Obs	University of Coimbra, Geophysical and Astronomical Observatory
SA	Saudi Arabia		A03611	KAU	King Abdulaziz University, Saudi Arabia
SA	Saudi Arabia	A03611	A11520	Dep Ast	King Abdulaziz University, Department of Astronomy
SA	Saudi Arabia		A03612	KSU	King Saud University, Saudi Arabia
SK	Slovakia		A03613	PJ Safarik U	Pavol Jozef Safarik University, Slovakia
SK	Slovakia		A03614	Comenius U	Comenius University, Bratislava, Slovakia
SK	Slovakia	A03614	A03615	Ast Inst	Comenius University, Bratislava, Astronomical Institute
SK	Slovakia	A03614	A06028	ILC	International Laser Center, Bratislava, Slovakia
BR	Brazil		A03616	UFMA	Federal University of Maranhao, Brazil
BR	Brazil		A03617	UEL	State University of Londrina, Brazil
DZ	Algeria		A03618	Mentouri U	Mentouri University of Constantine, Algeria
FR	France		A03619	U Antilles	University of the French West Indies
TN	Tunisia		A03620	U Sousse	University of Sousse, Tunisia
TN	Tunisia		A03621	U Tunis El Manar	University of Tunis El Manar, Tunisia
TN	Tunisia		A03622	U Monastir	University of Monastir, Tunisia
TN	Tunisia		A03623	U Sfax	University of Sfax, Tunisia
KR	South Korea		A03624	Soonchunhyang U	Soonchunhyang University, Korea
KR	South Korea		A03625	Daegu U	Daegu University, Korea
KR	South Korea		A03626	Keimyung U	Keimyung University, Korea
KR	South Korea		A03627	Cath U Daegu	Catholic University of Daegu, Korea
TW	Taiwan		A03628	Ac Sinica Taiwan	Academia Sinica, Taiwan
TW	Taiwan	A03628	A03629	ASIAA	Institute of Astronomy and Astrophysics Academia Sinica
TW	Taiwan	A03628	A03630	Inst Phy	Institute of Physics, Taiwan
TW	Taiwan	A03628	A03631	Inst Ear Sci	Institute of Earth Sciences, Taiwan
TW	Taiwan	A03628	A03632	Inst Atom Mol Sci	Institute of Atomic and Molecular Sciences, Taiwan
US	United States	A03628	A06468	EAO	East Asian Observatory, Hawaii
TW	Taiwan		A03633	China Med U Taiwan	China Medical University, Taiwan
CN	China		A03634	China Inst Atom En	China Institute of Atomic Energy
CN	China		A03635	Yangzhou U	Yangzhou University, China
JP	Japan		A03636	Kanagawa Pref Nurs Coll	Kanagawa Prefectural Nursing College, Japan
JP	Japan		A03637	Yamanashi U	Yamanashi University, Japan
JP	Japan		A03638	Kanagawa U Human Svc	Kanagawa University of Human Services, Japan
JP	Japan		A03639	Aichi Shukutoku U	Aichi Shukutoku University, Japan
ES	Spain		A03640	Aragon	Aragon Government, Department of Agriculture and Food
DE	Germany		A03641	TU Chemnitz	Technical University of Chemnitz, Germany
DE	Germany		A03642	Brandenburg U Tech	Brandenburg University of Technology, Germany
DE	Germany		A03643	Frankfurt U App Sci	Frankfurt University of Applied Sciences, Germany
DE	Germany		A03644	Giessen U App Sci	Giessen University of Applied Sciences, Germany
DE	Germany		A03645	U Koblenz-Landau	University of Koblenz-Landau, Germany
DE	Germany		A03646	UAS Neubrandenburg	University of Applied Sciences Neubrandenburg, Germany
DE	Germany		A03647	TU Wildau	Technical University of Wildau, Germany
DE	Germany		A03648	TU Beuth	Beuth Technical University of Applied Sciences, Berlin, Germany
DE	Germany		A03649	TU Hamburg	Technical University of Hamburg, Germany
DE	Germany		A03650	HSKA	University of Applied Sciences, Karlsruhe, Germany
DE	Germany		A03651	MUAS	Munich University of Applied Sciences, Germany
DE	Germany		A03652	BGR Hannover	Federal Institute for Geosciences and Natural Resources, Germany
DE	Germany		A03653	BMBF	Bundesministerium fur Bildung und Forschung Dienststelle, Germany
NL	Netherlands		A03654	Airbus EADS	Airbus Group, European Aeronautic Defence and Space Company Ltd, the Netherlands
FR	France	A03654	A06007	France	Airbus Group, France
DE	Germany	A03654	A06008	Germany	Airbus Group, Germany
GB	United Kingdom	A03654	A06009	UK	Airbus Group, UK
US	United States	A03654	A06010	US	Airbus Group, US
SE	Sweden		A03655	Ericsson	Ericsson AB, Stockholm
DE	Germany		A03656	PTB Natl Metr Inst	PTB, National Metrology Institute of Germany
DE	Germany		A03657	Berlin Ac Sci	Berlin Academy of Sciences, Germany
DE	Germany	A03657	A03658	HHI	Fraunhofer Heinrich Hertz Institute, Berlin
DE	Germany		A03659	Gottingen Ac Sci	Gottingen Academy of Sciences, Germany
DE	Germany		A03660	HITS	Heidelberg Institute for Theoretical Studies, Germany
DE	Germany		A03661	Bav Ac Sci	Bavarian Academy of Sciences, Germany
DE	Germany		A03662	TU Hannover	Technical University of Hannover, Germany
US	United States		A03663	Lowell Obs	Lowell Observatory, Arizona
US	United States		A03664	AURA	Association of Universities for Research in Astronomy, Washington DC
US	United States	A03664	A03665	Gemini Obs	Gemini Observatory
CL	Chile	A03664	A03666	Gemini South	Gemini Observatory Southern Operations Center
US	United States	A03664	A03667	NSO	National Solar Observatory, Sunspot New Mexico
US	United States	A03664	A11228	Las Cumbres Obs	Las Cumbres Observatory Global Telescope
US	United States		A03668	Dakota St U	Dakota State University, South Dakota
US	United States		A03669	Dixie St U	Dixie State University, Utah
US	United States		A03670	NRL	U.S. Department of the Navy, Naval Research Laboratory, Washington DC
US	United States	A03670	A11049	Hulburt Ctr Sp Res	E.O. Hulburt Center for Space Research, NRL
US	United States		A11048	USNO	U.S. Naval Observatory
US	United States	A11048	A11165	Flagstaff	U.S. Naval Observatory, Flagstaff
US	United States		A03671	STScI	Space Telescope Science Institute, Baltimore, Maryland
US	United States	A03671	A13114	ESA Office	Space Telescope Science Institute, ESA Office, Baltimore, Maryland
US	United States		A03672	NRAO	National Radio Astronomy Observatory, Virginia
US	United States	A03672	A03673	Mauna Kea	National Radio Astronomy Observatory, Mauna Kea
CL	Chile	A03672	A03674	ALMA Chile	ALMA Science Center, Chile
US	United States	A03672	A03675	Green Bank	National Radio Astronomy Observatory, Green Bank
US	United States	A03672	A03676	Tucson	National Radio Astronomy Observatory, Tucson
US	United States	A03672	A03677	Socorro	National Radio Astronomy Observatory, Socorro
US	United States		A03678	Kutztown U PA	Kutztown University of Pennsylvania
IR	Iran		A03679	Tarbiat Modares U	Tarbiat Modares University, Iran
EC	Ecuador		A03680	INOCAR	Instituto Oceanografico de la Armada, Ecuador
FR	France		A03681	Air Liq	Air Liquide SA
GB	United Kingdom		A03682	Brit Natl Sp Ctr	British National Space Centre, UK
GB	United Kingdom		A03683	Mar Biol Ass UK	Marine Biological Association, UK
US	United States		A03684	CSC Inc	Computer Sciences Corporation, Inc
DE	Germany		A03685	BAM Berlin	Bundesanstalt fur Materialforschung und -prufung, Berlin, Germany
BR	Brazil		A03686	MCTIC	Brazilian Ministry of Sciences, Technology and Innovation
BR	Brazil	A03686	A03687	LNLS	Brazilian Synchrotron Light Laboratory
BR	Brazil	A03686	A03688	LNCC	Brazilian National Laboratory of Scientific Computing
BR	Brazil	A03686	A03689	MAST	Museum of Astronomy and Related Sciences, Rio de Janeiro, Brazil
BR	Brazil	A03686	A03690	Natl Ast Obs Brazil	National Astronomy Observatory, Brazil
BR	Brazil	A03686	A03691	INPE	Brazilian National Institute for Space Research
BR	Brazil	A03686	A03692	CBPF	Brazilian Center for Physics Research
BR	Brazil	A03686	A11718	CRAAM	Center for Radio Astronomy and Astrophysics
BR	Brazil		A03693	Lutheran U Brazil	Lutheran University of Brazil
BR	Brazil		A03694	St U Maringa	State University of Maringa, Brazil
BR	Brazil		A03695	U Ribeirao Preto	Universidade de Ribeirao Preto, Brazil
BR	Brazil		A03696	IMPA	Instituto Nacional de Matematica Pura e Aplicada, Brazil
BR	Brazil		A03697	Braz Mnstry Educ	Brazilian Ministry of Education
BR	Brazil		A03698	Mackenzie Presb U	Mackenzie Presbyterian University, Brazil
BR	Brazil	A03698	A11718	CRAAM	Center for Radio Astronomy and Astrophysics, Brazil
VE	Venezuela		A03699	Ctr Ast Res Venez	Center of Astronomical Research, Venezuela
MX	Mexico		A03700	Mex Inst Water Tech	Mexican Institute of Water Technology
MX	Mexico		A03701	Mex Inst Petro	Mexican Institute of Petroleum
MX	Mexico		A03702	CENAM	Centro Nacional de Metrologia, Mexico
AR	Argentina		A03703	INTA	Instituto Nacional de Tecnologia Agropecuari, Argentina
AR	Argentina		A03704	CNEA Arg	National Atomic Energy Commission, Argentina
AR	Argentina	A03704	A03705	Tandar Lab	Tandar Laboratory
AR	Argentina	A03704	A13042	ITeDA	Institute of Detection and Astroparticle Technologies, Argentina
AR	Argentina		A03706	INTI	Instituto Nacional de Tecnologia Industria, Argentina
PE	Peru		A03707	INGEMMET	Institute of Geology, Minerals and Metallurgy, Peru
PE	Peru		A03708	Pont Cath U Peru	Pontifical Catholic University of Peru
IL	Israel		A03709	Open U Israel	Open University of Israel
IL	Israel		A03710	JCT	Jerusalem College of Technology, Israel
IL	Israel		A03711	Ariel U	Ariel University, Israel
SE	Sweden		A03712	U West	University West, Trollhatten, Sweden
SE	Sweden		A03713	Swedish MNH	Swedish Museum of Natural History
US	United States		A03714	Battelle Mem Inst	Battelle Memorial Institute
CN	China		A03715	GDUT	Guangdong University of Technology, China
CN	China		A03716	Guangzhou U	Guangzhou University, China
JP	Japan		A03717	Kochi U Tech	Kochi University of Technology, Japan
JP	Japan		A03718	Shibaura Inst Tech	Shibaura Institute of Technology, Japan
MA	Morocco		A03719	Al Akhawayn U Ifrane	Al Akhawayn University in Ifrane, Morocco
UAE	UAE		A03720	Amer U Sharjah	American University of Sharjah, UAE
HU	Hungary		A03721	Cen Euro U	Central European University, Hungary
HU	Hungary	A03721	A03722	Coll Budapest	Collegium Budapest, Hungary
CN	China		A03723	CUST	Changchun University of Science and Technology, China
CN	China		A03724	NE Norm U	Northeast Normal University, China
CN	China		A03725	HIT China	Harbin Institute of Technology, China
CN	China	A03725	A05802	HIT Weihai	Harbin Institute of Technology at Weihai, China
CN	China		A03726	Jilin Norm U	Jilin Normal University, China
CN	China		A03727	Beijing Jiaotong U	Beijing Jiaotong University, China
CN	China		A03728	Beijing U Chem Tech	Beijing University of Chemical Technology, China
CN	China		A03729	Beijing Inst Tech	Beijing Institute of Technology, China
CN	China		A03730	Beijing Norm U	Beijing Normal University, China
CN	China	A03730	A06246	JCGCS	Joint Center for Global Change Studies, Beijing
CN	China		A03731	N China Elec Pwr U	North China Electric Power University
CN	China		A03732	Shanxi Norm U	Shanxi Normal University, China
CN	China		A03733	TYUT	Taiyuan University of Technology, China
CN	China		A03734	Anhui U Tech	Anhui University of Technology, China
CN	China		A03735	NUAA	Nanjing University of Aeronautics and Astronautics, China
CN	China		A03736	Shandong Norm U	Shandong Normal University, China
CN	China		A03737	ECUST	East China University of Science and Technology, Shanghai
CN	China		A03738	Nanchang U	Nanchang University, China
CN	China		A03739	Ningbo U	Ningbo University, China
CN	China		A03740	USST	Shanghai University for Science and Technology, China
CN	China		A03741	Panyu Poly	Panyu Polytechnic, China
CN	China		A03742	GITC	Guangdong Industry Technical College, China
CN	China		A03743	Qiongzhou U	Qiongzhou University, China
CN	China		A03744	Shenzhen U	Shenzhen University, China
CN	China		A03745	Huazhong Agr U	Huazhong Agriculture University, China
CN	China		A03746	Hubei U Tech	Hubei University of Technology, China
CN	China		A03747	Yangtze U	Yangtze University, China
CN	China		A03748	WUST	Wuhan University of Science and Technology, China
CN	China		A03749	Xidian U	Xidian University, China
CN	China		A03750	Xinjiang U	Xinjiang University, China
CN	China		A03751	Chengdu U Tech	Chengdu University of Technology, China
CN	China		A03752	Chengdu U Info Tech	Chengdu University of Information Technology, China
CN	China		A03753	Kunming U Sci Tech	Kunming University of Science and Technology, China
CN	China		A03754	Chongqing Jiaotong U	Chongqing Jiaotong University, China
CN	China		A03755	Chongqing U	Chongqing University, China
SA	Saudi Arabia		A03756	IMSIU	Imam Muhammad Ibn Saud Islamic University, Saudi Arabia
SA	Saudi Arabia		A03757	Umm Al-Qura U	Umm Al-Qura University, Saudi Arabia
SA	Saudi Arabia		A03758	KFUPM	King Fahd University of Petroleum and Minerals, Saudi Arabia
SA	Saudi Arabia	A03758	A06238	SCTP	Saudi Center for Theoretical Physics, Saudi Arabia
SA	Saudi Arabia		A03759	SA Geo Surv	Saudi Geological Survey
SA	Saudi Arabia		A03760	U Hail	University of Hail, Saudi Arabia
SA	Saudi Arabia		A03761	KKU	King Khalid University, Saudi Arabia
CZ	Czechia		A03762	Palacky U	Palacky University, Czech Republic
CZ	Czechia		A03763	Silesian U Opava	Silesian University, Opava, Czech Republic
CZ	Czechia		A03764	CTU Prague	Czech Technical University, Prague, Czech Republic
CZ	Czechia	A03764	A03765	Fac Elec Eng	Czech Technical University Prague, Faculty of Electrical Engineering
CZ	Czechia	A03764	A03766	Fac Nuc Phy	Czech Technical University Prague, Faculty of Nuclear Sciences and Physical Engineering
CZ	Czechia		A03767	U West Bohemia	University of West Bohemia, Czech Republic
CZ	Czechia		A03768	CZ Geo Surv	Czech Geological Survey
CZ	Czechia		A03769	TU Liberec	Technical University of Liberec, Czech Republic
CZ	Czechia		A03770	Bohemian U	Bohemian University, Czech Republic
CZ	Czechia		A03771	Brno U Tech	Brno University of Technology, Czech Republic
CZ	Czechia		A03772	TU Ostrava	Technical University of Ostrava, Czech Republic
CZ	Czechia	A03772	A11366	Obs	Ostrava Observatory
CZ	Czechia		A03773	U Hradec	University of Hradec, Czech Republic
CZ	Czechia		A03774	JE Purkyne U	JE Purkyne University, Czech Republic
CZ	Czechia		A03775	ASCR	Academy of Sciences of the Czech Republic
CZ	Czechia	A03775	A03776	Hydromet Inst	Academy of Sciences of the Czech Republic, Hydrometeorological Institute
CZ	Czechia	A03775	A03777	Inst Phy Chem	Academy of Sciences of the Czech Republic, Institute of Physical Chemistry
CZ	Czechia	A03775	A06349	GRCI	Academy of Sciences of the Czech Republic, Global Change Research Institute
CZ	Czechia	A03775	A06350	NPI	Academy of Sciences of the Czech Republic, Nuclear Physics Institute
CZ	Czechia	A03775	A11360	Ast Inst	Academy of Sciences of the Czech Republic, Astronomical Institute
CZ	Czechia	A03775	A11361	Inst Phy	Academy of Sciences of the Czech Republic, Institute of Physics
CZ	Czechia	A03775	A11362	Inst Geop	Academy of Sciences of the Czech Republic, Institute of Geophysics
CZ	Czechia		A03778	Tomas Bata U	Tomas Bata University, Zlin, Czech Republic
CZ	Czechia		A03779	Cz U Lif Sci	Czech University of Life Sciences, Prague
IR	Iran		A03780	Alzahra U	Alzahra University, Iran
IR	Iran		A03781	AUT	Amir Kabir University of Technology, Iran
IR	Iran		A03782	Atom En Org Iran	Atomic Energy Organization of Iran
IR	Iran		A03783	U Tehran	University of Tehran, Iran
IR	Iran	A03783	A03784	Inst Geop	University of Tehran, Institute of Geophysics
IR	Iran	A03783	A11515	Dep Phy	University of Tehran, Department of Physics
IR	Iran		A03785	Damghan U	Damghan University, Iran
IR	Iran		A03786	U Isfahan	University of Isfahan, Iran
IR	Iran		A03787	Ferdowsi U	Ferdowsi University, Iran
IR	Iran		A03788	Ilam U	Ilam University, Iran
IR	Iran		A03789	IPM Tehran	Institute for Research in Fundamental Sciences, Tehran, Iran
IR	Iran		A03790	Isfahan U Tech	Isfahan University of Technology, Iran
IR	Iran		A03791	Razi U	Razi University of Kermanshah, Iran
IR	Iran		A03792	SBUK	Shahid Bahonar University, Iran
IR	Iran		A03793	SBU	Shahid Beheshti University, Iran
IR	Iran		A03794	SCU	Shahid Chamran University, Iran
IR	Iran		A03795	U Birjand	University of Birjand, Iran
IR	Iran		A03796	U Kashan	University of Kashan, Iran
IR	Iran		A03797	U Kurdistan	University of Kurdistan, Iran
IR	Iran		A03798	U Mazandaran	University of Mazandaran, Iran
IR	Iran		A03799	Yazd U	Yazd University, Iran
RU	Russia		A03800	St P St U	Saint Petersburg State University, Russia
RU	Russia	A03800	A03801	Inst Phy	Saint Petersburg State University, Institute of Physics
RU	Russia	A03800	A04604	Ast Inst	Saint Petersburg State University, Astronomical Institute
TW	Taiwan		A03803	CJCU	Chang Jung Christian University, Taiwan
PL	Poland		A03804	Wroclaw Med U	Wroclaw Medical University, Poland
PL	Poland		A03805	Card Wyszynski U	Cardinal Wyszynski University, Poland
PL	Poland		A03806	TU Gdansk	Technology University of Gdansk, Poland
PL	Poland		A03807	PAS	Polish Academy of Sciences
PL	Poland	A03807	A03808	IFMPAN	Polish Academy of Sciences, Institute of Molecular Physics
PL	Poland	A03807	A03809	IPC	Polish Academy of Sciences, Institute of Physical Chemistry
PL	Poland	A03807	A03810	Sp Res Ctr	Polish Academy of Sciences, Space Research Center
PL	Poland	A03807	A03811	IGF	Polish Academy of Sciences, Institute of Geophysics
PL	Poland	A03807	A03813	IFJ	Polish Academy of Sciences, Institute of Nuclear Physics
PL	Poland	A03807	A03814	HMLT	Polish Academy of Sciences, International Laboratory of High Magnetic Fields and Low Temperatures, Wroclaw
PL	Poland	A03807	A03815	IF	Polish Academy of Sciences, Institute of Physics
PL	Poland	A03807	A03829	Ast Inst	Nicolaus Copernicus University, Astronomical Institute
PL	Poland	A03807	A03836	N Copernicus Ast Ctr	Nicolaus Copernicus Astronomical Center, Warsaw
PL	Poland	A03807	A06579	IHPP	Institute of High Pressure Physics, Warsaw
PL	Poland	A03807	A06580	IPO	Institute of Industrial Organic Chemistry, Warsaw
PL	Poland		A03817	WULS	Warsaw University of Life Sciences, Poland
PL	Poland		A03818	Adam Mickiewicz U	Adam Mickiewicz University, Poznan, Poland
PL	Poland		A03819	Warsaw U Tech	Warsaw University of Technology, Poland
PL	Poland		A03820	Wroclaw U Sci Tech	Wroclaw University of Science and Technology, Poland
PL	Poland		A03821	U Silesia	University of Silesia, Katowice, Poland
PL	Poland	A03821	A03822	Sosnowiec	University of Silesia, Sosnowiec
PL	Poland		A03823	Silesian U Tech	Silesian University of Technology, Gliwice, Poland
PL	Poland		A03824	Krakow U Tech	Krakow University of Technology, Poland
PL	Poland		A03825	U Wroclaw	University of Wroclaw, Poland
PL	Poland	A03825	A03826	Fac Chem	University of Wroclaw, Faculty of Chemistry
PL	Poland	A03825	A11368	Inst Ast	University of Wroclaw, Institute of Astronomy
PL	Poland	A03825	A13044	Inst Phy	University of Wroclaw, Institute of Physics
PL	Poland		A03827	Opole U	Opole University, Poland
PL	Poland		A03828	N Copernicus U	Nicolaus Copernicus University, Torun, Poland
PL	Poland	A03828	A03829	Ast Inst	Nicolaus Copernicus University, Astronomical Institute
PL	Poland		A03830	TU Lodz	Technical University of Lodz, Poland
PL	Poland		A03831	U Lodz	University of Lodz, Poland
PL	Poland		A03832	U Warsaw	University of Warsaw, Poland
PL	Poland	A03832	A03833	Dep Chem	University of Warsaw, Department of Chemistry
PL	Poland	A03832	A03834	Dep Phy	University of Warsaw, Department of Physics
PL	Poland	A03832	A03835	Dep Ast	University of Warsaw, Department of Astronomy
PL	Poland	A03832	A11369	Inst Geop	University of Warsaw, Institute of Geophysics
PL	Poland		A03837	PCz	Czestochowa University of Technology, Poland
PL	Poland		A03838	Wroclaw U Econ	Wroclaw University of Economics, Poland
PL	Poland		A03839	PUT	Poznan University of Technology, Poland
PL	Poland		A03840	KUL	Catholic University of Lublin, Poland
PL	Poland		A03841	U Gdansk	University of Gdansk, Poland
PL	Poland		A03842	U Bialystok	University of Bialystok, Poland
PL	Poland		A03843	U Szczecin	University of Szczecin, Poland
PL	Poland		A03844	UWM	University Warmia and Mazury, Szczecin, Poland
PL	Poland		A03845	UMCS	Maria Curie-Sklodowska University, Poland
PL	Poland		A03846	PGI	Polish Geological Institute
PL	Poland		A03847	UJK	Jan Kochanowski University, Kielce, Poland
PL	Poland		A03848	U Rzeszow	University of Rzeszow, Poland
PL	Poland		A03849	U Zielona Gora	University of Zielona Gora, Poland
PL	Poland		A03850	ZUT	West Pomeranian University of Technology, Poland
PL	Poland		A03851	AGH U Sci Tech	AGH University of Science and Technology, Krakow, Poland
PL	Poland		A03852	Koszalin U Tech	Koszalin University of Technology, Poland
US	United States		A03853	AK Pac U	Alaska Pacific University
CZ	Czechia		A03854	UCT Prague	University of Chemistry and Technology, Prague, Czech Republic
JP	Japan		A03855	Hiroshima Inst Tech	Hiroshima Institute of Technology, Japan
JP	Japan		A03856	NIMS Japan	National Institute for Materials Science, Japan
JP	Japan		A03857	NAOJ	National Astronomical Observatory of Japan
JP	Japan	A03857	A03858	VERA Obs	NAOJ Mizusawa, VERA Observatory
JP	Japan	A03857	A03859	Nobeyama Obs	NAOJ, Nobeyama Observatory
JP	Japan	A03857	A03860	Nobeyama Rad Obs	NAOJ, Nobeyama Radio Observatory
JP	Japan	A03857	A03861	Subaru Tele	Subaru Telescope
CL	Chile	A03857	A03862	Chile Obs	National Observatory of Japan, Chile Observatory
JP	Japan	A03857	A03863	Mizusawa	NAOJ Mizusawa
JP	Japan	A03857	A03865	Okayama Ast Obs	NAOJ, Okayama Astrophysical Observatory
JP	Japan	A03857	A03871	Nobeyama Sol Rad Obs	NAOJ, Nobeyama Solar Radio Observatory
US	United States	A03857	A06468	EAO	East Asian Observatory, Hawaii
JP	Japan	A03857	A11575	ALMA Proj Off	NAOJ, ALMA Project Office
JP	Japan	A03857	A11576	Fujii Bisei Ast Obs	NAOJ, Fujii Bisei Astronomical Observatory
JP	Japan	A03857	A11628	Theo Div	NAOJ, Theory Division
JP	Japan	A03857	A11629	OIR Div	NAOJ, Optical and Infrared Division
JP	Japan		A03866	Nagaoka U Tech	Nagaoka University of Technology, Japan
DE	Germany		A03867	FH Aachen	FH Aachen University of Applied Sciences, Germany
DE	Germany		A03868	H-BRS	University of Applied Sciences, Bonn-Rhein-Sieg, Germany
FR	France		A03869	BRGM	Bureau de Recherches Geologique National, France
FR	France		A03870	ParisTech	ParisTech, France
FR	France	A03870	A03872	Inst Navier	Laboratoire Navier, Paris
FR	France	A03870	A03873	ENSMP	Ecole des Mines de Paris
FR	France	A03870	A03874	IMT	Institut Mines-Telecom, Paris
FR	France	A03870	A03875	ENST Bretagne	Ecole Nationale Superieure des Telecommunication de Bretagne
FR	France	A03870	A03876	ENPC	Ecole des Ponts ParisTech
FR	France	A03870	A03877	ENSCP	Ecole Nationale Superieure de Chimie Paris
FR	France	A03870	A03878	ENSTA	Ecole Nationale Superieure de Techniques Avancees
FR	France	A03870	A03879	Ecole Mines Nantes	Ecole des Mines de Nantes
FR	France	A03870	A03880	Mines St Etienne	Ecole Nationale Superieure des Mines de Saint-Etienne
FR	France	A03870	A03881	ENSAM	Arts et Metiers ParisTech
FR	France	A03870	A03882	ESPCI	Ecole Superieure de Physique et de Chimie Industrielles
FR	France	A03870	A03883	ENSPM	Ecole National Superieure du Petrole et des Moteurs
FR	France	A03870	A03884	AgroParisTech	Ecole Nationale Superieure des Industries Agricoles et Alimentaires
FR	France	A03870	A03901	LMS	Laboratoire de Mecanique des Solides, Palaiseau
FR	France	A03870	A04154	CERMICS	Centre d'Enseignement et de Recherche en Mathematiques et Calcul Scientifique
FR	France	A03870	A05722	SUBATECH	SUBATECH Research Laboratory, France
FR	France	A03870	A03870	ENIB	Ecole Nationale d'Ingenieurs de Brest, France
FR	France	A03870	A11291	ENSPS	Ecole Nationale Superieure de Physique, Strasbourg
FR	France		A03885	MNHN	Museum National d'Histoire Naturelle, France
FR	France	A03885	A03887	IMPMC	Institut de Mineralogie, de Physique des Materiaux et de Cosmochimie, Paris
FR	France	A03885	A04166	LOCEAN	Laboratoire d'Oceanographie et du Climat Experimentations et Approches Numeriques, Paris
FR	France		A03888	INRIA	Institut National de Recherche en Informatique et en Automatique, France
FR	France	A03888	A03889	Lille	Institut National de Recherche en Informatique et en Automatique, Lille
FR	France	A03888	A03890	Rocquencourt	Institut National de Recherche en Informatique et en Automatique, Rocquencourt
FR	France	A03888	A03891	Saclay	Institut National de Recherche en Informatique et en Automatique, Saclay
FR	France	A03888	A03892	Nancy	Institut National de Recherche en Informatique et en Automatique, Nancy
FR	France	A03888	A03893	Grenoble	Institut National de Recherche en Informatique et en Automatique, Grenoble
FR	France	A03888	A03894	Sophia Antipolis	Institut National de Recherche en Informatique et en Automatique, Sophia Antipolis
FR	France	A03888	A04154	CERMICS	Centre d'Enseignement et de Recherche en Mathematiques et Calcul Scientifique
FR	France		A03895	Ecole Poly	Ecole Polytechnique, France
FR	France	A03895	A03897	LULI	Laboratoire pour l'Utilisation des Lasers Intenses
FR	France	A03895	A03898	LLR	Ecole Polytechnique, LLR, Leprince-Ringuet Laboratory
FR	France	A03895	A03899	CPT	Centre de Physique Theorique, Palaiseau
FR	France	A03895	A03900	LPP	Ecole Polytechnique, LPP, Laboratoire de Physique des Plasmas
FR	France	A03895	A03901	LMS	Laboratoire de Mecanique des Solides, Palaiseau
FR	France	A03895	A03902	LPNHE	Laboratoire de Physique Nucleaire et de Hautes Energies
FR	France	A03895	A04164	LMD	Laboratoire de Meteorologie Dynamique, Paris
FR	France	A03895	A13068	LPMC	Laboratoire de Physique de la Matiere Condensee
FR	France		A03903	IRSN	French Institute of Radiation Protection and Nuclear Safety
FR	France		A03904	IFREMER	French Research Institute for Exploitation of the Sea
FR	France	A03904	A03905	Bretagne	IFREMER, Centre de Bretagne
FR	France	A03904	A03906	Mediterranee	IFREMER, Centre de Mediterranee
FR	France	A03904	A03907	Nantes	IFREMER, Centre de Nantes
FR	France	A03904	A03908	LDO	Laboratoire Domaines Oceaniques, Plouzane
FR	France		A03909	Coll France	College de France
FR	France	A03909	A03913	LKB	Laboratoire Kastler Brossel, Paris
FR	France	A03909	A05217	CEREGE	Centre Europeen de Recherche et d'Enseignement des Geosciences de l'Environnement
FR	France	A03909	A11263	LPCC	College de France, Laboratoire de Physique Corpusculaire
FR	France	A03909	A02913	APC	Astroparticle and Cosmology Laboratory, Paris
FR	France	A03909	A13068	LPMC	Laboratoire de Physique de la Matiere Condensee
FR	France		A03912	ENST Paris	Ecole National Superieure des Telecommunications de Paris, France
FR	France	A03912	A03913	LKB	Laboratoire Kastler Brossel, Paris
FR	France		A03914	Ecole Cen Lille	Ecole Centrale de Lille, France
FR	France		A03915	Ecole Cen Nantes	Ecole Centrale de Nantes, France
FR	France		A03916	Ecole Cen Lyon	Ecole Centrale de Lyon, France
FR	France		A03917	Ecole Cen Paris	Ecole Centrale de Paris, France
FR	France		A03918	ENSEA	Ecole Nationale Superieure de l'Electronique et de ses Applications, France
FR	France		A03919	INSA Rennes	Institut National des Sciences Appliquees de Rennes, France
FR	France	A03919	A03920	IETR	Institut d'Electronique et de Telecommunications de Rennes
FI	Finland		A03921	FGI	Finnish Geospatial Research Institute
FI	Finland		A03922	GTK Geo Surv	Geological Survey of Finland
FI	Finland		A03923	FMI	Finnish Meteorological Institute
TR	Turkey		A03924	Abant Izzet U	Abant Izzet University, Turkey
TR	Turkey		A03925	Anadolu U	Anadolu University, Turkey
TR	Turkey		A03926	Beykent U	Beykent University, Turkey
TR	Turkey		A03927	Bilkent U	Bilkent University, Turkey
TR	Turkey	A03927	A03928	Dep Phy	Bilkent University, Department of Physics
TR	Turkey		A03929	Bogazici U	Bogazici University, Turkey
TR	Turkey	A03929	A03930	Kandilli Obs	Bogazici University, Kandilli Observatory
TR	Turkey	A03929	A11421	Feza Gursey Inst	Feza Gursey Institute of Physics
TR	Turkey		A03931	COMU	Canakkale Onsekiz Mart University, Turkey
TR	Turkey		A03932	Cumhuriyet U	Cumhuriyet University, Turkey
TR	Turkey		A03933	Dogus U	Dogus University, Turkey
TR	Turkey		A03934	Dumlupinar U	Dumlupinar University, Turkey
TR	Turkey		A03935	EMU	Eastern Mediterranean University, Turkey
TR	Turkey		A03936	Erciyes U	Erciyes University, Turkey
TR	Turkey		A03937	Gaziosmanpa U	Gaziosmanpa University, Turkey
TR	Turkey		A03938	Istanbul Bilgi U	Istanbul Bilgi University, Turkey
TR	Turkey		A03939	Istanbul Cult U	Istanbul Culture University, Turkey
TR	Turkey		A03940	Istanbul Tech U	Istanbul Technical University, Turkey
TR	Turkey	A03940	A03941	Dep Phy	Istanbul Technical University, Department of Physics
TR	Turkey		A03942	Izmir Inst Tech	Izmir Institute of Technology, Turkey
TR	Turkey		A03943	Kafkas U	Kafkas University, Turkey
TR	Turkey		A03944	Karadeniz Tech U	Karadeniz Technical University, Turkey
TR	Turkey		A03945	Koc U	Koc University, Turkey
TR	Turkey		A03946	Kocaeli U	Kocaeli University, Turkey
TR	Turkey		A03947	Maltepe U	Maltepe University, Turkey
TR	Turkey		A03948	Marmara U	Marmara University, Turkey
TR	Turkey		A03949	Mersin U	Mersin University, Turkey
TR	Turkey		A03950	METU	Middle East Technical University, Turkey
TR	Turkey		A03951	Mimar Sinan U	Mimar Sinan University, Turkey
TR	Turkey		A03952	Mugla U	Mugla University, Turkey
TR	Turkey		A03953	Nigde U	Nigde University, Turkey
TR	Turkey		A03954	Sabanci U	Sabanci University, Turkey
TR	Turkey		A03955	Sakarya U	Sakarya University, Turkey
TR	Turkey		A03956	Selcuk U	Selcuk University, Turkey
TR	Turkey		A03957	SDU	Suleyman Demirel University, Turkey
TR	Turkey		A03958	TOBB ETU	TOBB Economics and Technology University, Turkey
TR	Turkey		A03959	Yeditepe U	Yeditepe University, Turkey
TR	Turkey		A03960	Yildiz Tech U	Yildiz Technical University, Turkey
TR	Turkey		A03961	Yuzuncu Yil U	Yuzuncu Yil University, Turkey
TR	Turkey		A03962	Zonguldak BEU	Zonguldak Bulent Ecevit University, Turkey
TR	Turkey		A03963	Afyon Kocatepe U	Afyon Kocatepe University, Turkey
TR	Turkey		A03964	Balikesir U	Balikesir University, Turkey
TR	Turkey	A03964	A03965	Dep Phy	Balikesir University, Department of Physics
TR	Turkey		A03966	ESOGU	Eskisehir Osmangazi University, Turkey
HK	Hong Kong		A03967	City U	City University of Hong Kong, China
IT	Italy		A03968	INAF	Italian National Institute of Astrophysics
IT	Italy	A03968	A01729	IFSI Rome	Institute of the Physics of Interplanetary Space, Rome
IT	Italy	A03968	A03969	Ast Obs Teramo	Astronomical Observatory of Teramo
IT	Italy	A03968	A03970	Ast Obs Bologna	Astronomical Observatory of Bologna
IT	Italy	A03968	A03971	Cagliari	Astronomical Observatory of Cagliari
IT	Italy	A03968	A03972	Ast Obs Padua	Astronomical Observatory of Padua
IT	Italy	A03968	A03973	IASF Rome	Institute of Space Astrophysics and Cosmic Physics
IT	Italy	A03968	A03974	IRA Bologna	Institute of Radioastronomy, Bologna
IT	Italy	A03968	A03975	Ast Obs Brera	Astronomical Observatory of Brera, Milan
IT	Italy	A03968	A03976	Ast Obs Rome	Astronomical Observatory of Rome
IT	Italy	A03968	A03977	Ast Obs Palermo	Astronomical Observatory of Palermo
IT	Italy	A03968	A03978	Ast Obs Trieste	Astronomical Observatory of Trieste
IT	Italy	A03968	A03979	Ast Obs Capodimonte	Astronomical Observatory of Capodimonte
IT	Italy	A03968	A03980	Ast Obs Catania	Astronomical Observatory of Catania
IT	Italy	A03968	A03981	Ast Obs Arcetri	Astronomical Observatory of Arcetri
IT	Italy	A03968	A03982	Ast Obs Turin	Astronomical Observatory of Turin
FR	France	A03968	A11379	CIFS	Interuniversity Consortium for Space Physics
IT	Italy	A03968	A11380	TeSRE Bologna	Institute for Technologies and Study of Extraterrestrial Radiation, Bologna
IT	Italy	A03968	A11383	IASF Milan	Institute for Cosmic Physics, Milan
IT	Italy	A03968	A11406	IAS Frascati	IAS, Laboratory for Space Plasmas, Frascati
IT	Italy	A03968	A13075	IASF Palermo	Institute for Cosmic Physics, Palermo
JP	Japan		A03983	Fukuoka Inst Tech	Fukuoka Institute of Technology, Japan
JP	Japan		A03984	Japan Soc Prom Sci	Japan Society for the Promotion of Science
US	United States		A03985	NOAO	National Optical Astronomy Observatory, Arizona
US	United States	A03985	A11162	KPNO	Kitt Peak Observatory, NOAO
CL	Chile	A03985	A11712	CTIO	Cerro Tololo Interamerican Observatory
US	United States		A03986	PSI AZ	Planetary Science Institute, Arizona
US	United States		A03987	NASA GSFC	NASA Goddard Space Flight Center, Maryland
US	United States	A03987	A00948	GISS	Goddard Institute for Space Studies
US	United States	A03987	A11045	CRESST	Center for Research and Exploration in Space Science & Technology
US	United States	A03987	A11046	JCET	Joint Center for Earth Systems Technology, UMD, Baltimore
US	United States	A03987	A13048	Plan Geo	Goddard Space Flight Center, Planetary and Geophysics Divisions
US	United States	A03987	A13049	Astro	Goddard Space Flight Center, Astrophysics Division
US	United States	A03987	A13050	GESTAR	Goddard Earth Sciences Technology and Research
US	United States	A03987	A13059	ESSIC	Earth System Science Interdisciplinary Center
US	United States		A03988	Ball Aero	Ball Aerospace and Technologies Corporation, Colorado
US	United States		A03989	Denver MNS	Denver Museum of Nature and Science, Colorado
US	United States		A03990	NCAR	National Center for Atmospheric Research, Colorado
US	United States	A03990	A11145	Hi Alt Obs	National Center for Atmospheric Research, High Altitude Observatory
US	United States		A03991	Xerox	Xerox Corporation
CH	Switzerland		A03992	STMicroelectronics	STMicroelectronics
US	United States		A03993	Fermilab	Fermi National Accelerator Laboratory, Illinois
US	United States		A03994	Aerodyne	Aerodyne Research Inc., Massachusetts
US	United States		A03995	Maria Mitchell Obs	Maria Mitchell Observatory, Massachusetts
US	United States		A03996	AIP	American Institute of Physics, New York
DE	Germany		A03997	ESO	European Southern Observatory, Germany
CL	Chile	A03997	A03998	Chile	European Southern Observatory, Chile
IT	Italy	A03997	A11480	STECF	ESO, Space Telescope European Coordinating Facility
DE	Germany		A03999	TLS	Thuringer Landessternwarte Tautenburg, Germany
DE	Germany	A03999	A11507	Sonneberg Obs	Sonneberg Observatory
ES	Spain		A04000	CIEMAT	Centro de Investigaciones Energeticas Medioambientales y Tecnologicas, Spain
ES	Spain	A04000	A04001	PSA	Plataforma Solar de Almeria, Tabernas
BE	Belgium		A04002	Hasselt U	Hasselt University, Belgium
BE	Belgium		A04003	Ryl Mus Cen Afr	Royal Museum for Central Africa, Belgium
BE	Belgium		A04004	U Namur	Universite de Namur, Belgium
BE	Belgium		A04005	EC JRC	European Commission Joint Research Centre, Belgium
DE	Germany	A04005	A04006	Inst TransU	Joint Research Centre Institut for Transuranium, Karlsruhe
NL	Netherlands	A04005	A04007	Inst En Trans	Joint Research Centre Institute for Energy and Transport, Netherlands
IT	Italy	A04005	A04008	Ispra	Ispra, European Commission Joint Research Centre, Italy
BE	Belgium		A04009	FWO	Research Foundation Flanders, Belgium
BE	Belgium		A04010	VITO	Flemish Institute for Technological Research, Belgium
BE	Belgium		A04011	U Mons	Universite de Mons, Belgium
BE	Belgium		A04012	VKI	Von Karman Institute For Fluid Dynamics, Belgium
BG	Bulgaria		A04013	BAS	Bulgarian Academy of Sciences
BG	Bulgaria	A04013	A04014	Inst Nuc Res	Bulgarian Academy of Sciences, Institute for Nuclear Research
BG	Bulgaria	A04013	A11434	Ast Inst	Bulgarian Academy of Sciences, Astronomical Institute
BG	Bulgaria	A04013	A11435	Natl Ast Obs	Bulgarian National Astronomical Observatory
BG	Bulgaria	A04013	A11438	Inst Sp Res	Bulgarian Academy of Sciences, Institute for Space Research
BG	Bulgaria		A04015	New Bulg U	New Bulgarian University, Bulgaria
BG	Bulgaria		A04016	U Sofia	University of Sofia, Bulgaria
BG	Bulgaria	A04016	A11435	Natl Ast Obs	Bulgarian National Astronomical Observatory
BG	Bulgaria	A04016	A11436	Dep Ast	University of Sofia, Department of Astronomy
BG	Bulgaria	A04016	A11437	Dep Phy	University of Sofia, Department of Physics
BR	Brazil		A04017	CNEN	National Commission for Nuclear Energy, Brazil
BR	Brazil		A04018	U Cruzeiro do Sul	University Cruzeiro do Sul, Brazil
BW	Botswana		A04019	U Botswana	University of Botswana
BY	Belarus		A04020	Belarus NAS	Belarus National Academy of Sciences
BY	Belarus	A04020	A04021	Inst Phy	Belarus National Academy of Sciences, Institute of Physics
CL	Chile		A04022	SERNAGEOMIN	National Service of Geology and Mining, Chile
CY	Cyprus		A04023	U Cyprus	University of Cyprus
EE	Estonia		A04024	Tallinn Tech U	Tallinn Technical University, Estonia
EG	Egypt		A04025	Alexandria U	Alexandria University, Egypt
GR	Greece		A04026	FORTH	Foundation for Research and Technology, Greece
GR	Greece		A04027	Natl Obs Athens	National Observatory of Athens, Greece
GR	Greece	A04027	A04028	IAADET	Institute for Astronomy, Astrophysics, Space Applications and Remote Sensing
GR	Greece		A04029	NCSR	National Center for Scientific Research, Greece
GR	Greece		A04030	NHRF	National Hellenic Research Foundation, Greece
HR	Croatia		A04031	IRB	Rudjer Boskovic Institute, Zagreb, Croatia
HU	Hungary		A04032	Hung Ac Sci	Hungarian Academy of Sciences
HU	Hungary	A04032	A04033	RMKI	Research Institute for Particle and Nuclear Physics, Budapest
HU	Hungary	A04032	A04034	Hung Met Svc	Hungarian Meteorological Service
HU	Hungary	A04032	A04035	Konkoly Obs	Konkoly Observatory
HU	Hungary	A04032	A04036	KFKI Budapest	Central Research Institute for Physics, Budapest
HU	Hungary	A04032	A04037	GGRI	Geodetic and Geophysical Research Institute, Hungary
HU	Hungary	A04032	A11345	MTA Atomki	MTA Atomki, Hungary
HU	Hungary	A04032	A11347	Baja Ast Obs	Baja Astronomical Observatory, Hungary
HU	Hungary	A04032	A11352	Debrecen Obs	Debrecen Heliophysical Observatory
HU	Hungary		A04038	U W Hungary	University of West Hungary
HU	Hungary		A04039	Eotvos Lorand U	Eotvos Lorand University, Hungary
HU	Hungary	A04039	A04040	Geop Inst	Eotvos Lorand University, Geophysical Institute
HU	Hungary	A04039	A11348	Dep Ast	Eotvos Lorand University, Department of Astronomy
HU	Hungary	A04039	A11349	Dep Phy	Eotvos Lorand University, Department of Physics
IL	Israel		A04041	IOLR	Israel Oceanographic and Limnological Research Institute
IN	India		A04042	Raman Res Inst	Raman Research Institute, Bangalore, India
IN	India		A04043	PRL	Physical Research Laboratory, India
IN	India	A04043	A11537	Ast Ast Div	Physical Research Laboratory, Astronomy and Astrophysics Division
IN	India	A04043	A11538	Sp Atm Sci Div	Physical Research Laboratory, Space and Atmospheric Sciences Division
IN	India	A04043	A11539	PLANEX	Physical Research Laboratory, Planetary Sciences and Exploration Programme
IN	India	A04043	A11540	Udaipur Sol Obs	Physical Research Laboratory, Udaipur Solar Observatory
IN	India		A04044	ARIES	Aryabhatta Research Institute of Observational Sciences, India
IN	India		A04045	IIG	Indian Institute of Geomagnetism, Allahabad, India
IS	Iceland		A04046	Agr U Iceland	Agricultural University of Iceland
IS	Iceland		A04047	NEA Iceland	National Energy Authority, Iceland
JO	Jordan		A04048	U Jordan	University of Jordan
KR	South Korea		A04049	Uiduk U	Uiduk University, Korea
KR	South Korea		A04050	KRIBB	Korea Research Institute of Bioscience and Biotechnology
LK	Sri Lanka		A04051	IFS	Institute of Fundamental Studies, Sri Lanka
LK	Sri Lanka		A04052	U Peradeniya	University of Peradeniya, Sri Lanka
LT	Lithuania		A04053	Vilnius U	Vilnius University, Lithuania
LT	Lithuania	A04053	A11450	Inst Theo Phy Ast	Vilnius University, Institute for Theoretical Physics and Astronomy
HU	Hungary		A04054	U Budapest	University of Budapest, Hungary
MY	Malaysia		A04055	UTM Malaysia	University of Technology Malaysia
MY	Malaysia		A04056	MARA U Tech	MARA University of Technology, Malaysia
MY	Malaysia		A04057	U Malaysia Sarawak	University of Malaysia, Sarawak
MY	Malaysia		A04058	U Tun Hussein	Universiti Tun Hussein, Malaysia
MZ	Mozambique		A04059	U Eduardo Mondlane	University Eduardo Mondlane, Mozambique
NG	Nigeria		A04060	Obafemi Awolowo U	Obafemi Awolowo University, Nigeria
NG	Nigeria		A04061	U Port Harcourt	University of Port Harcourt, Nigeria
PH	Philippines		A04062	U San Carlos	University of San Carlos, Philippines
PH	Philippines		A04063	Ateneo Manila U	Ateneo de Manila University, Philippines
PH	Philippines		A04064	U Philippines	University of the Philippines System
PH	Philippines	A04064	A04065	Diliman	University of the Philippines, Diliman
PH	Philippines	A04064	A04066	Los Banos	University of the Philippines, Los Banos
PK	Pakistan		A04067	U Peshawar	University of Peshawar, Pakistan
RO	Romania		A04068	Romanian Ac Sci	Romanian Academy of Sciences
RO	Romania	A04068	A04069	Ast Inst	Romanian Academy of Sciences, Astronomical Institute
RO	Romania	A04068	A05770	IFT Iasi	The National Institute of Technical Physics, Romania
RO	Romania	A04068	A06585	NIMP	National Institute of Materials Physics, Romania
RO	Romania	A04068	A11356	Inst Phy	Romanian Academy of Sciences, Institute of Physics
RO	Romania	A04068	A11358	Inst Sp Sci	Romanian Academy of Sciences, Institute for Space Sciences
RO	Romania		A04070	Babes Bolyai U	Babes Bolyai University, Romania
RU	Russia		A04071	Irkutsk St U	Irkutsk State University, Russia
RU	Russia		A04072	RAS	Russian Academy of Sciences, Moscow, Russia
RU	Russia	A04072	A04073	Kazan Sci Ctr	RAS, Kazan Scientific Center
RU	Russia	A04072	A04074	Inst Chem	RAS, Razuvaev Institute of Chemistry
RU	Russia	A04072	A04075	Semenov ICP	RAS, Semenov Institute of Chemical Physics
RU	Russia	A04072	A04076	Prokhorov GPI	RAS, Prokhorov Institute for General Physics
RU	Russia	A04072	A04077	IAP Novgorod	RAS, Institute of Applied Physics, Novgorod
RU	Russia	A04072	A04078	IVS	RAS, Institute of Volcanology and Seismology
RU	Russia	A04072	A04079	Rostov	RAS, Southern Scientific Center, Rostov
RU	Russia	A04072	A04080	IMT	RAS, Institute of Microelectronics Technology and High Purity Materials
RU	Russia	A04072	A04081	ISSP	RAS, Chernogolovka Institute of Solid State Physics
RU	Russia	A04072	A04082	IPMech	RAS, Blagonravov Mechanical Engineering Institute
RU	Russia	A04072	A04083	LPI	RAS, Lebedev Physics Institute, Moscow
RU	Russia	A04072	A04084	IEPT	RAS, Institute of Earthquake Prediction Theory and Mathematical Geophysics
RU	Russia	A04072	A04085	IKI	RAS, Space Research Institute, Moscow
RU	Russia	A04072	A04086	Inst Geop	RAS, Institute of Geophysics, Moscow
RU	Russia	A04072	A04087	JIHT	RAS, Joint Institute for High Temperatures, Moscow
RU	Russia	A04072	A04088	IMET	RAS, Baikov Institute of Metallurgy and Materials Science
RU	Russia	A04072	A04089	IDG	RAS, Institute of Dynamics of Geospheres, Moscow
RU	Russia	A04072	A04090	IPMech	RAS, Institute for Problems in Mechanics, Moscow
RU	Russia	A04072	A04091	Inst Ast	RAS, Institute of Astronomy, Moscow
RU	Russia	A04072	A04092	IZMIRAN	RAS, Pushkov Institute of Terrestrial Magnetism, Ionosphere and Radiowave Propagation, Troitsk
RU	Russia	A04072	A04093	INR	RAS, Institute for Nuclear Research, Troisk
RU	Russia	A04072	A04094	VNIIFTRI	RAS, Institute for Radioengineering and Electronics
RU	Russia	A04072	A04095	Shubnikov IC	RAS, Shubnikov Institute of Crystallography
RU	Russia	A04072	A04096	IPE	RAS, Institute of Physics of the Earth
RU	Russia	A04072	A04097	Shirshov IO	RAS, Shirshov Institute of Oceanography
RU	Russia	A04072	A04098	Pushchino Sci Ctr	RAS, Pushchino Scientific Center
RU	Russia	A04072	A04099	ISSC	RAS, Institute of Solid State Chemistry, Ekaterinburg
RU	Russia	A04072	A04100	ICMM	RAS, Institute of Continuous Media Mechanics, Perm
RU	Russia	A04072	A04101	ISAN	RAS, Institute of Spectroscopy, Troitsk
RU	Russia	A04072	A04102	Ussuriisk Ast Obs	RAS, Ussuriisk Astrophysical Observatory
RU	Russia	A04072	A04104	IBMP	RAS, Institute of Biomedical Problems, Moscow
RU	Russia	A04072	A04105	IGEM	RAS, Institute for Geology, Ore Deposits, Petrography, Mineralogy, and Geochemistry
RU	Russia	A04072	A04106	Vernadsky GEOKhI	RAS, Vernadsky Institute of Geochemistry, Moscow
RU	Russia	A04072	A04107	IEM	RAS, Institute of Experimental Mineralogy, Chernogolovka
RU	Russia	A04072	A04108	Keldysh IAM	RAS, Keldysh Institute of Applied Mathematics, Moscow
RU	Russia	A04072	A04109	Kurnakov IGIC	RAS, Kurnakov Institute of General and Inorganic Chemistry, Moscow
RU	Russia	A04072	A04110	Dorodnicyn CC	RAS, Dorodnicyn Computing Center, Moscow
RU	Russia	A04072	A04111	VNIIA	All-Russia Research Institute of Automatics, Moscow
RU	Russia	A04072	A04112	GIN	RAS, Geological Institute, Moscow
RU	Russia	A04072	A04113	Obukhov IAP	RAS, Obukhov Institute of Physics of the Atmosphere, Moscow
RU	Russia	A04072	A04114	Bach INBI	RAS, Bach Institute of Biochemistry, Moscow
RU	Russia	A04072	A04115	BGO	RAS, Borok Geophysical Observatory
RU	Russia	A04072	A04116	Tatarstan	RAS, Tatarstan
RU	Russia	A04072	A04118	LPI ASC	RAS, Lebedev Physics Institute, Astro Space Center, Moscow
RU	Russia	A04072	A04119	PRAO	RAS, Pushchino Radioastronomical Observatory
RU	Russia	A04072	A04120	Troitsk	RAS, Russian Academy of Sciences, Troitsk
RU	Russia	A04072	A04121	IPGG	RAS, Institute of Precambrian Geology and Geochronology
RU	Russia	A04072	A04122	Karelian Inst Geo	RAS, Karelian Institute of Geology
RU	Russia	A04072	A04123	All Russ Res Inst	RAS, All Russian Research Institute
RU	Russia	A04072	A04124	SAO Moscow	SAO, Special Astrophysical Observatory, Moscow
RU	Russia	A04072	A04125	Landau ITP	RAS, Landau Institute for Theoretical Physics, Moscow
RU	Russia	A04072	A04126	Steklov PDMI	RAS, Steklov Mathematical Institute, Saint Petersburg
RU	Russia	A04072	A04127	Steklov Math Inst	RAS, Steklov Mathematical Institute, Moscow
RU	Russia	A04072	A04128	PGI Murmansk	RAS, Polar Geophysical Institute, Murmansk
RU	Russia	A04072	A04129	UB	RAS, Russian Academy of Sciences, Ural Branch
RU	Russia	A04072	A04130	IMP	RAS, Institute of Metal Physics, Ekaterinburg
RU	Russia	A04072	A04131	Frumkin IPCE	RAS, Frumkin Institute of Physical Chemistry and Electrochemistry, Moscow
RU	Russia	A04072	A04132	FEB	RAS, Russian Academy of Sciences, Far East Branch
RU	Russia	A04072	A05141	Kapitza IPP	RAS, Kapitza Institute of Physics Problems
RU	Russia	A04072	A05490	Pulkovo Obs	RAS, Central Astronomical Observatory, Pulkovo
RU	Russia	A04072	A06026	Dokuchaev SSI	RAS, Dokuchaev Soil Science Institute
RU	Russia	A04072	A06217	IPSI	RAS, Image Processing Systems Institute
RU	Russia	A04072	A06801	IGCE	Institute of Global Climate and Ecology, Russia
RU	Russia	A04072	A11473	Ast Cncl	RAS, Astronomical Council
SG	Singapore		A04133	A*STAR	Agency for Science Technology and Research, Singapore
SG	Singapore		A04134	Nanyang Tech U	Nanyang Technological University, Singapore
SG	Singapore	A04134	A04706	SMART	Singapore-MIT Alliance for Research and Technology Center
SI	Slovenia		A04136	U Maribor	University of Maribor, Slovenia
TH	Thailand		A04137	Kasetsart U	Kasetsart University, Thailand
TH	Thailand		A04138	NECTEC Thailand	National Electronics and Computer Technology, Thailand
VN	Vietnam		A04139	Natl U Hanoi	Vietnam National University, Hanoi
VN	Vietnam		A04140	Natl U HCM	Vietnam National University, Ho Chi Minh City
VN	Vietnam	A04140	A04141	U Sci	Ho Chi Minh City University of Science
RS	Serbia		A04142	U Belgrade	University of Belgrade, Serbia
RS	Serbia	A04142	A04143	Dep Phy	University of Belgrade, Department of Physics
RS	Serbia	A04142	A04144	Vinca Inst Nuc Sci	University of Belgrade, Vinca Institute of Nuclear Sciences
RS	Serbia	A04142	A11342	Dep Ast	University of Belgrade, Department of Astronomy
FR	France		A04145	BIPM France	Bureau International des Poids et Mesures, France
FR	France		A04146	EDF	Electricite de France, Paris, France
FR	France		A04147	CNET	Centre National d'Etudes des Telecommunications, France
FR	France	A04147	A11261	CETP	Centre d'Etude des Environnements Terrestre et Planetaires, Velizy
FR	France		A04148	IHES	Institut des Hautes Etudes Scientifiques, France
FR	France		A04149	CNES Paris	Centre National d'Etudes Spatiales, Paris, France
FR	France	A04149	A04159	CERFACS	Centre Europeen de Recherche et de Formation Avancee en Calcul Scientifique
FR	France	A04149	A04663	GET Toulouse	Geosciences Environnement Toulouse
FR	France		A04152	CNES Toulouse	Centre National d'Etudes Spatiales, Toulouse
FR	France		A04153	Meteo France	Meteo France
FR	France	A04153	A04155	CNRM	Centre National de Recherches Meteorologiques
FR	France	A04153	A04157	SATMOS	Centre de Meteorologie Spatiale
FR	France	A04153	A04159	CERFACS	Centre Europeen de Recherche et de Formation Avancee en Calcul Scientifique
FR	France	A04153	A04661	LEGOS	Observatoire Mid Pyrenees, LEGOS, Laboratoire d'Etudes en Geophysique et Oceanographie Spatiales
FR	France		A04158	ONERA	Office National d'Etudes et de Recherche Aerospatiale, France
FR	France	A04158	A04159	CERFACS	Centre Europeen de Recherche et de Formation Avancee en Calcul Scientifique
FR	France	A04158	A04160	Toulouse	ONERA, Toulouse
FR	France	A04158	A04161	Palaiseau	ONERA, Palaiseau
FR	France		A04162	ESRF	European Synchrotron Radiation Facility, France
FR	France		A04163	IPSL	Institut Pierre Simon Laplace, France
FR	France	A04163	A04164	LMD	Laboratoire de Meteorologie Dynamique, Paris
FR	France	A04163	A04165	LSCE	Laboratoire des Sciences du Climat et de l'Environnement
FR	France	A04163	A04166	LOCEAN	Laboratoire d'Oceanographie et du Climat Experimentations et Approches Numeriques, Paris
FR	France	A04163	A04167	LESIA	Observatoire de Paris, Laboratoire d'Etudes Spatiales et d'Instrumentation en Astrophysique
FR	France	A04163	A04168	LERMA	Laboratoire d'Etudes du Rayonnement de la Matiere en Astrophysique
FR	France	A04163	A04169	LATMOS	Laboratoire Atmospheres Milieux Observations Spatiales
FR	France	A04163	A06364	LPENS	Laboratoire Pierre Aigrain, France
FR	France		A04170	PULV	Pole Universitaire Leonard de Vinci, France
NL	Netherlands		A04171	Deltares	Deltares, Netherlands
NL	Netherlands		A04172	Ryl Dutch Met Soc	Royal Dutch Meteor Society
NL	Netherlands		A04173	NLR	Dutch National Aerospace Laboratory
CA	Canada		A04174	Cape Breton U	Cape Breton University, Canada
CA	Canada		A04175	Dawson Coll	Dawson College, Canada
CA	Canada		A04176	Can Sp Agcy	Canadian Space Agency
FR	France		A04177	ILL	Institut Laue-Langevin, Paris, France
PT	Portugal		A04178	U Beira Int	University of Beira Interior, Portugal
PT	Portugal		A04179	U Madeira	University of Madeira, Portugal
PT	Portugal		A04180	U Minho	University of Minho, Portugal
PT	Portugal		A04181	U Aveiro	University of Aveiro, Portugal
PT	Portugal		A04182	UTA	University of Tras-os-Montes e Alto Douro, Portugal
PT	Portugal		A04183	New U Lisbon	New University of Lisbon, Portugal
TW	Taiwan		A04184	CGU	Chang Gung University, Taiwan
TW	Taiwan		A04185	MCUT	Ming Chi University of Technology, Taiwan
TW	Taiwan		A04186	NCSIST	Chung Shan Institute of Science and Technology, Taiwan
AU	Australia		A04187	Geos Austr	Geoscience Australia
AU	Australia		A04188	Austr Ast Obs	Australian Astronomical Observatory
ZA	South Africa		A04189	U West Cape	University of the Western Cape, South Africa
ZA	South Africa	A04189	A11694	Dep Phy Ast	University of the Western Cape, Department of Physics and Astronomy
ZA	South Africa		A04190	Durban U Tech	Durban University of Technology, South Africa
ZA	South Africa		A04191	U KwaZulu-Natal	University of KwaZulu-Natal, South Africa
ZA	South Africa	A04191	A11689	Ast Cosmo Res Unit	University of KwaZulu-Natal, Astrophysics and Cosmology Research Unit
ZA	South Africa	A04191	A11692	Dep Phy	University of KwaZulu-Natal, Department of Physics
ZA	South Africa		A04192	PU CHE	Potchefstroom University for Christian Higher Education, South Africa
ZA	South Africa	A04192	A11693	Sch Phy	Potchefstroom University for Christian Higher Education, School of Physics
ZA	South Africa		A04193	U Pretoria	University of Pretoria, South Africa
ZA	South Africa		A04194	Geo Surv ZA	Geological Survey of South Africa
ZA	South Africa		A04195	CSIR SA	Council for Scientific and Industrial Research, South Africa
FR	France		A04196	IFP	Institut Francais du Petrole, France
FR	France		A04197	ISL	French-German Research Institute, Saint-Louis, France
SE	Sweden		A04198	IRF Kiruna	Swedish Institute of Space Physics, Kiruna
SE	Sweden	A04198	A04199	IRF Uppsala	Swedish Institute of Space Physics, Uppsala
SE	Sweden	A04198	A13016	IRF Lund	Swedish Institute of Space Physics, Lund
SE	Sweden	A04198	A13017	IRF Umea	Swedish Institute of Space Physics, Umea
NO	Norway		A04200	NMBU	Norwegian University of Life Sciences
NO	Norway		A04201	FFI	Norwegian Defense Research Establishment
PL	Poland		A04202	Agr U Wroclaw	Agricultural University of Wroclaw, Poland
CN	China		A04203	Qufu Norm U	Qufu Normal University, China
CN	China		A04204	Hebei U	Hebei University, China
CN	China		A04205	Lanzhou U Tech	Lanzhou University of Technology, China
CN	China		A04206	Changchun Norm U	Changchun Normal University, China
CN	China		A04207	China ARTC	China Astronaut Research and Training Center
CN	China		A04208	SW Jiaotong U	Southwest Jiaotong University, China
CN	China		A04209	China W Norm U	China West Normal University
ZA	South Africa		A04210	NMMU	Nelson Mandela Metropolitan University, South Africa
UY	Uruguay		A04211	U Uruguay	University of the Republic of Uruguay
UY	Uruguay	A04211	A04212	ESIQIE	Escuela Superior Ingenieria Quimica Industrias Extractivas
PL	Poland		A04213	UKW	Kazimierz Wielki University, Poland
ZA	South Africa		A04214	NECSA	South African Nuclear Energy Corporation
ZA	South Africa		A04215	U S Afr	University of South Africa
ZA	South Africa		A04216	U Venda	University of Venda, South Africa
KR	South Korea		A04217	KIAS	Korea Institute for Advanced Study
IN	India		A04218	Vels U	Vels University, Chennai, India
IR	Iran		A04219	Semnan U	Semnan University, Iran
IR	Iran		A04220	IUST	Iran University of Science and Technology
IR	Iran		A04221	Tabriz U	Tabriz University, Iran
IN	India		A04222	HRI	Harish Chandra Research Institute, Allahabad, India
GB	United Kingdom		A04223	Oxford Inst	Oxford Instruments, PLC
FR	France		A04224	ENSAE	Ecole Nationale Superieure de l'Aeronautique et de l'Espace de Toulouse, France
FR	France		A04225	Obs Cote d'Azur	Observatoire de la Cote d'Azur, France
FR	France	A04225	A04226	Artemis Lab	Observatoire de la Cote d'Azur, Artemis Laboratory
FR	France	A04225	A04227	LUAN	Laboratoire Universitaire d'Astrophysique de Nice
FR	France	A04225	A04228	GeoAzur	GeoAzur Laboratory
FR	France	A04225	A04229	Calern	Observatoire de la Cote d'Azur, Calern
US	United States		A04230	Southwest U LA	Southwest University, Louisiana
TW	Taiwan		A04231	NSSRC	National Synchrotron Radiation Research Center, Taiwan
US	United States		A04232	Oak Ridge Assoc U	Oak Ridge Associated Universities, Tennessee
JP	Japan		A04233	FFPRI	Forestry and Forest Products Research Institute, Tsukuba, Japan
JP	Japan		A04234	Nippon Steel	Nippon Steel Corporation, Japan
JP	Japan		A04235	Nippon	Nippon Printing Corporation, Japan
JP	Japan		A04236	Daido U	Daido University, Japan
JP	Japan		A04237	Kitami Inst Tech	Kitami Institute of Technology, Japan
JP	Japan		A04238	Kogakuin U	Kogakuin University, Japan
JP	Japan		A04239	OIT	Osaka Institute of Technology, Japan
JP	Japan		A04240	TIRI	Tokyo Metropolitan Industrial Technology Research Institute, Japan
HK	Hong Kong		A04241	HKUST	Hong Kong University of Science and Technology, China
TH	Thailand		A04242	KMUTT	King Mongkuts Institute of Technology, Thonburi
CN	China		A04243	E China Jiaotong U	East China Jiaotong University, China
CN	China		A04244	Huaibei Norm U	Huaibei Normal University, China
CN	China		A04245	Luoyang Norm U	Luoyang Normal University, China
CN	China		A04246	NUDT	National University of Defense Technology, China
JP	Japan		A04247	Sharp	Sharp Corporation
UG	Uganda		A04248	Makerere U	Makerere University, Uganda
BR	Brazil		A04249	URI Braz	Universidade Regional Integrada, Brazil
BR	Brazil		A04250	UCS	University of Caxias do Sul, Brazil
CN	China		A04251	Macau U Sci Tech	Macau University of Science and Technology, China
LK	Sri Lanka		A04252	U Colombo	University of Colombo, Sri Lanka
GH	Ghana		A04253	U Ghana	University of Ghana
KR	South Korea		A04254	Korea ADD	Agency for Defense Development, Korea
NG	Nigeria		A04255	U Ibadan	University of Ibadan, Nigeria
NG	Nigeria		A04256	Ahmadu Bello U	Ahmadu Bello University, Nigeria
ZA	South Africa		A04257	Rhodes U	Rhodes University, South Africa
UAE	UAE		A04258	U Sharjah UAE	University of Sharjah, UAE
BH	Bahrain		A04259	U Bahrain	University of Bahrain
ID	Indonesia		A04260	Gadjah Mada U	Gadjah Mada University, Indonesia
JO	Jordan		A04261	AHU	Al-Hussein Bin Talal University, Jordan
JO	Jordan		A04262	Mutah U	Mutah University, Jordan
JO	Jordan		A04263	Yarmouk U	Yarmouk University, Jordan
NG	Nigeria		A04264	Covenant U	Covenant University, Nigeria
PT	Portugal		A04265	Poly Inst Lisbon	Polytechnic Institute of Lisbon, Portugal
PT	Portugal		A04266	UCP Portugal	Catholic University of Portugal, Lisbon, Portugal
TH	Thailand		A04267	Naresuan U	Naresuan University, Thailand
TW	Taiwan		A04268	NUU	National United University, Taiwan
JO	Jordan		A04269	BAU	Al-Balqa Applied University, Jordan
CA	Canada		A04270	Camosun Coll	Camosun College, Canada
NO	Norway		A04271	Oslo Coll Eng	Oslo College of Engineering, Norway
CL	Chile		A04272	CECS Chile	Center for Scientific Studies, Chile
NL	Netherlands		A04273	Philips Res Lab	Philips Research Laboratory, Netherlands
IL	Israel		A04274	Al Quds U	Al Quds University, Jerusalem
IL	Israel		A04275	Israel AEC	Israel Atomic Energy Commission
IL	Israel		A04276	Geo Surv IL	Geological Survey of Israel
DE	Germany		A04277	Heidelberg Ac Sci	Heidelberg Academy of Sciences, Germany
IN	India		A04278	BUET	Bangladesh University of Engineering and Technology, India
DZ	Algeria		A04279	USTHB	University of Sciences and Technology Houari Boumediene, Algeria
HU	Hungary		A04280	U Miskolc	University of Miskolc, Hungary
JO	Jordan		A04281	Al al-Bayt U	Al al-Bayt University, Jordan
LT	Lithuania		A04282	Lithuanian Ac Sci	Lithuanian Academy of Sciences
LT	Lithuania	A04282	A11450	Inst Theo Phy Ast	Institute for Theoretical Physics and Astronomy
LV	Latvia		A04283	U Latvia	University of Latvia
LV	Latvia	A04283	A11448	Ast Obs	University of Latvia, Astronomical Observatory
LY	Libya		A04284	U Benghazi	University of Benghazi, Libya
MU	Mauritius		A04285	U Mauritius	University of Mauritius
MY	Malaysia		A04286	UTP	University of Technology Petronas, Malaysia
MY	Malaysia		A04287	IIUM	International Islamic University of Malaysia
MY	Malaysia		A04288	U Kebangsaan	University Kebangsaan, Malaysia
PK	Pakistan		A04289	PAEC	Pakistan Atomic Energy Commission
PK	Pakistan		A04290	PINSTECH	Pakistan Institute of Nuclear Science and Technology
QA	Qatar		A04291	Qatar U	Qatar University
RO	Romania		A04292	U Bucharest	University of Bucharest, Romania
RO	Romania	A04292	A11355	Inst Phy	University of Bucharest, Institute of Physics
RO	Romania		A04293	ICSI Rm	National Research and Development Institute for Cryogenics and Isotopic Technologies, Romania
RO	Romania		A04294	IFIN-HH	Horia Hulubei National Institute of Physics and Nuclear Engineering, Bucharest, Romania
SK	Slovakia		A04295	TU Bratislava	Technical University of Bratislava, Slovakia
SK	Slovakia	A04295	A06028	ILC	International Laser Center, Bratislava, Slovakia
TH	Thailand		A04296	KMITL	King Mongkuts Institute of Technology, Ladkrabang, Thailand
VN	Vietnam		A04298	VAST	Vietnam Academy of Science and Technology
ZA	South Africa		A04299	U Zululand	University of Zululand, South Africa
ZA	South Africa		A04300	U Johannesburg	University of Johannesburg, South Africa
ZA	South Africa		A04301	NRF SA	National Research Foundation, South Africa
ZA	South Africa	A04301	A04302	SAEON	South African Environmental Observation Network
ZA	South Africa	A04301	A04303	SANSA	South African National Space Agency
ZA	South Africa	A04301	A04304	SARAO	South African Radio Astronomy Observatory
ZA	South Africa	A04301	A04305	SAAO	South African Astronomical Observatory
ZA	South Africa	A04301	A06032	iThemba	iThemba Laboratory for Accelerator Based Sciences
LS	Lesotho		A04306	Natl U Lesotho	National University of Lesotho
HU	Hungary		A04307	BME	Budapest University of Technology and Economics, Hungary
HU	Hungary		A04308	U Veszprem	University of Veszprem, Hungary
US	United States		A04309	Gen Atom	General Atomics, California
US	United States		A04310	Draper	Draper Laboratory, Inc., Massachusetts
IN	India		A04311	MNNIT	MN National Institute of Technology, Allahabad, India
US	United States		A04312	RCA	Radio Corporation of America Laboratories
US	United States		A04313	TI	Texas Instruments, Inc.
US	United States	A04313	A06820	Natl Semicond	National Semiconductor Corporation
AZ	Azerbaijan		A04314	Baku St U	Baku State University, Azerbaijan
IN	India		A04315	IIA Bangalore	Indian Institute of Astrophysics, Bangalore
IN	India		A04316	SSPL Delhi	Solid State Physics Laboratory, Delhi, India
IN	India		A04317	IPR	Institute for Plasma Research, Gandhinagar, India
IN	India		A04318	RRCAT	Raja Ramanna Centre for Advanced Technology, India
IN	India		A04319	IUAC	Inter-University Accelerator Centre, Delhi, India
IN	India		A04320	IUCAA	Inter-University Centre for Astronomy and Astrophysics, India
IN	India		A04321	CECRI	Central Electrochemical Research Institute, India
IN	India		A04322	IACS	Indian Association for the Cultivation of Science
JM	Jamaica		A04323	UWI	University of the West Indies System
JM	Jamaica	A04323	A06326	UWI Jamaica	University of the West Indies, Jamaica
BB	Barbados	A04323	A06327	UWI Barbados	University of the West Indies at Cave Hill, Barbados
TT	Trinidad & Tobago	A04323	A06328	UWI St Augustine	University of the West Indies at Saint Augustine, Trinidad &amp; Tobago
AG	Antigua & Barbuda	A04323	A06329	UWI Antigua	University of the West Indies, Antigua &amp; Barbuda
BS	The Bahamas	A04323	A06330	UWI Bahamas	University of the West Indies Open Campus, Bahamas
KW	Kuwait		A04324	KISR	Kuwait Institute for Scientific Research
AR	Argentina		A04325	CONICET Arg	National Scientific and Technical Research Council, Argentina
AR	Argentina	A04325	A04327	CASLEO	El Leoncito Astronomical Complex
AR	Argentina	A04325	A04328	IFIR	Institute of Physics, Rosario
AR	Argentina	A04325	A04329	CIMA Arg	Research Center for Atmospheric and Sea Sciences, Argentina
AR	Argentina	A04325	A04330	INIFTA	Instituto de Investigaciones Fisicoquimicas Teoricas y Aplicadas, Argentina
AR	Argentina	A04325	A04331	Inst Phy La Plata	Institute for Physics, La Plata
AR	Argentina	A04325	A04332	IATE Cordoba	Theoretical and Experimental Astronomy Institute, Cordoba
AR	Argentina	A04325	A04333	Inst Ast La Plata	Institute for Astrophysics, La Plata
AR	Argentina	A04325	A04334	INCITAP	Astronomical Institute of Earth and Space Sciences, La Pampa
AR	Argentina	A04325	A04335	Balseiro Inst	Balseiro Institute, Argentina
AR	Argentina	A04325	A04336	IAFE BA	Institute of Astronomy and Space Physics, Buenos Aires
AR	Argentina	A04325	A04337	Arg IAR	Argentine Institute of Radio Astronomy
AR	Argentina	A04325	A04338	INFIP BA	Institute for Plasma Physics, Buenos Aires
AR	Argentina	A04325	A04339	CRICYT	Center for Scientific and Technological Research, Argentina
AR	Argentina	A04325	A04340	CADIC	Southern Center for Scientific Research, Argentina
AR	Argentina	A04325	A05143	CIOp	Center of Optical Research, Argentina
AR	Argentina	A04325	A06778	Inst Arg Oc	Instituto Argentino de Oceanografia, Argentina
AR	Argentina	A04325	A13036	IFIMAR	Instituto de Investigaciones Fisicas de Mar del Plata, Argentina
AR	Argentina	A04325	A13042	ITeDA	Institute of Detection and Astroparticle Technologies, Argentina
AR	Argentina		A04341	Arg Mnstry Def	Argentina Ministry of Defence
SG	Singapore		A04342	DSO Singapore	DSO National Laboratories, Singapore
TW	Taiwan		A04344	NCYU	National Chiayi University, Taiwan
TW	Taiwan		A04345	ITRI Taiwan	Industrial Technology Research Institute, Taiwan
TW	Taiwan		A04346	INER Taiwan	Institute of Nuclear Energy Research, Taiwan
TW	Taiwan		A04347	UCH	Chien Hsin University, Taiwan
TW	Taiwan		A04348	NTUE	National Taipei University of Education, Taiwan
TW	Taiwan		A04349	NTTU	National Taitung University, Taiwan
TW	Taiwan		A04350	Tatung U	Tatung University, Taiwan
TW	Taiwan		A04351	CTU Taiwan	Chien Kuo Technical University, Taiwan
TW	Taiwan		A04352	Far East U	Far East University, Taiwan
TW	Taiwan		A04353	NARL Taiwan	National Applied Research Laboratories, Taiwan
TW	Taiwan	A04353	A04343	NCHC	National Applied Research Laboratory Center for High-Performance Computing, Taiwan
TW	Taiwan		A04354	LTU	Ling Tung University, Taiwan
TW	Taiwan		A04355	LHU	Lunghwa University of Science and Technology, Taiwan
TW	Taiwan		A04356	MUST Taiwan	Minghsin University of Science and Technology, Taiwan
TW	Taiwan		A04357	NJU	Nan Jeon University of Science Technology, Taiwan
TW	Taiwan		A04358	NKUT	Nan Kai University of Technology, Taiwan
TW	Taiwan		A04359	NFU	National Formosa University, Taiwan
TW	Taiwan		A04360	NDHU	National Dong Hwa University, Taiwan
TW	Taiwan		A04361	NHCUE	National Hsinchu University of Education, Taiwan
TW	Taiwan		A04362	Taiwan SemiCon	Taiwan Semiconductor Manufacturing Company
TW	Taiwan		A04363	MOEA Taiwan	Ministry of Economic Affairs, Taiwan
TW	Taiwan	A04363	A04364	Cen Geo Surv TW	Central Geological Survey, Taiwan
TW	Taiwan		A04365	Tainan U	Tainan University, Taiwan
TW	Taiwan		A04366	Vanung U	Vanung University, Taiwan
EG	Egypt		A04367	Cairo U	Cairo University, Egypt
EG	Egypt	A04367	A11695	Dep Ast	Cairo University, Department of Astronomy
IS	Iceland		A04368	U Iceland	University of Iceland
LB	Lebanon		A04369	Lebanese U	Lebanese University, Lebanon
MK	Macedonia		A04370	Ss Cyril Methodius U	Ss Cyril and Methodius University, Skopje, Macedonia
PK	Pakistan		A04371	U Karachi	University of Karachi, Pakistan
TR	Turkey		A04372	Isik U	Isik University, Turkey
TR	Turkey		A04373	TUBITAK	Scientific and Technological Research Council of Turkey
TR	Turkey	A04373	A05992	YEFAM	High Energy Physics Research Centre, Turkey
TR	Turkey	A04373	A11421	Feza Gursey Inst	Feza Gursey Institute of Physics
TR	Turkey	A04373	A11424	Turkish Natl Obs	Turkish National Observatory
TR	Turkey		A04374	Cag U	Cag University, Turkey
DE	Germany		A04375	BfG	German Federal Institute of Hydrology
DE	Germany		A04376	Carl Zeiss	Carl Zeiss, GmbH
DE	Germany		A04377	DWD	German National Meteorological Service
DE	Germany	A04377	A11486	Potsdam Met Obs	Potsdam Meteorological Observatory
IS	Iceland		A04378	U Akureyri	University of Akureyri, Iceland
IS	Iceland		A04379	IINH	Iceland Institute of Natural History
IS	Iceland		A04380	Reykjavik U	Reykjavik University, Iceland
ID	Indonesia		A04381	U Indonesia	University of Indonesia
ID	Indonesia		A04382	LIPI	Indonesian Institute of Sciences
ID	Indonesia	A04382	A04383	LAPAN	National Institute of Aeronautics and Space, Indonesia
ID	Indonesia	A04382	A04384	BPPT	BPPT, Agency for the Assessment and Application of Technology, Indonesia
ID	Indonesia	A04382	A04385	BRKP	BRKP, Agency for Marine and Fisheries Research, Indonesia
ID	Indonesia	A04382	A11523	BMKG	BMKG, Institute of Meteorology and Geophysics, Indonesia
ID	Indonesia		A04386	Bogor Agr U	Bogor Agricultural University, Indonesia
AU	Australia		A04387	CDSCC	Canberra Deep Space Communications Complex, Australia
AT	Austria		A04388	Joanneum Res Soc	Joanneum Research Society, Austria
RU	Russia		A04389	Samara St U	Samara State University, Russia
RU	Russia		A04390	Saratov St Med U	Saratov State Medical University, Russia
RU	Russia		A04391	BSPU	Blagoveshchensk State Pedagogical University, Russia
RU	Russia		A04392	VSPU	Volgograd State Pedagogical University, Russia
RU	Russia		A04393	Altai St U	Altai State University, Russia
RU	Russia		A04394	Bashkir St U	Bashkir State University, Russia
RU	Russia	A04394	A04395	SSPA	Sterlitamak State Pedagogical Academy
RU	Russia		A04396	Belgorod St U	Belgorod State University, Russia
RU	Russia		A04397	Chelyabinsk St U	Chelyabinsk State University, Russia
RU	Russia		A04398	Far Estrn St U	Far Eastern State University, Russia
RU	Russia		A04399	Kant Baltic St U	Kant Baltic State University, Kaliningrad, Russia
RU	Russia		A04400	Kazan St U	Kazan State University, Russia
RU	Russia	A04400	A11464	Dep Ast	Kazan State University, Department of Astronomy
RU	Russia		A04401	MSU USSR	Moscow State University, Russia
RU	Russia	A04401	A04402	Sternberg Ast Inst	MSU, Sternberg Astronomical Institute
RU	Russia	A04401	A04403	Inst Nuc Phy	MSU, Institute of Nuclear Physics
RU	Russia	A04401	A04404	Dep Phy Ast	MSU, Department of Physics and Astronomy
RU	Russia	A04401	A04405	Dep Chem	MSU, Department of Chemistry
RU	Russia	A04401	A04406	Bogoliubov Inst	MSU, Bogoliubov Institute for Theoretical Problems of Mechanics
RU	Russia	A04401	A11447	Crimea	Moscow State University, Crimea
RU	Russia		A04407	Nizhny Novgorod St U	Nizhny Novgorod State University, Russia
RU	Russia		A04408	Novosibirsk St U	Novosibirsk State University, Russia
RU	Russia		A04409	Omsk St U	Omsk State University, Russia
RU	Russia		A04410	RUDN	Peoples Friendship University of Russia
RU	Russia		A04411	Perm St U	Perm State University, Russia
RU	Russia		A04412	PetrSU	Petrozavodsk State University, Russia
RU	Russia		A04413	Saratov St U	Saratov State University, Russia
RU	Russia		A04414	Syktyvkar St U	Syktyvkar State University, Russia
RU	Russia		A04415	Tomsk St U	Tomsk State University, Russia
RU	Russia		A04416	Tver St U	Tver State University, Russia
RU	Russia		A04417	Udmurt St U	Udmurt State University, Russia
RU	Russia		A04418	Ulyanovsk St U	Ulyanovsk State University, Russia
RU	Russia		A04419	Ural Fed U	Ural Federal University, Russia
RU	Russia	A04419	A11465	Dep Ast Geo	Ural Federal University, Department of Astronomy and Geodesy
RU	Russia		A04420	Vladimir St U	Vladimir State University, Russia
RU	Russia		A04421	Volgograd St U	Volgograd State University, Russia
RU	Russia		A04422	Voronezh St U	Voronezh State University, Russia
RU	Russia		A04423	NE Fed U Yakutsk	North-Eastern Federal University, Yakutsk
RU	Russia		A04424	Yaroslavl St U	Yaroslavl State University, Russia
RU	Russia		A04425	E St Tech Fish U	Far Eastern State Technical Fisheries University, Russia
RU	Russia		A04426	Irkutsk St Tech U	Irkutsk State Technical University, Russia
RU	Russia		A04427	ISUCT	Ivanovo State University of Chemical Technology, Russia
RU	Russia		A04428	KSTU	Kaliningrad State Technical University, Russia
RU	Russia		A04429	IzhSTU	Izhevsk State Technical University, Russia
RU	Russia		A04430	KNRTU-KAI	Tupolev Kazan Technical University, Russia
RU	Russia		A04431	KNRTU	Kazan State Technical University, Russia
RU	Russia		A04432	KSUAE	Kazan State University of Architecture and Civil Engineering, Russia
RU	Russia		A04433	MAI	Moscow Aviation Institute, Russia
RU	Russia		A04434	MEPhI	Moscow Engineering Physics Institute, Russia
RU	Russia		A04435	MIET	Moscow Institute of Electronic Technology, Russia
RU	Russia		A04436	MIPT	Moscow Institute of Physics and Technology, Russia
RU	Russia		A04437	MPEI	Moscow Power Engineering Institute, Russia
RU	Russia		A04438	MADI	Moscow State Automobile and Road Technical University, Russia
RU	Russia		A04439	MIEM	Moscow State Institute of Electronics and Mathematics, Russia
RU	Russia		A04440	MIREA	Moscow State Institute of Radio Technology Electronics and Automation, Russia
RU	Russia		A04441	MSTU Bauman	Moscow State Technical University, Bauman, Russia
RU	Russia		A04442	MSTU Civ Av	Moscow State Technical University of Civil Aviation, Russia
RU	Russia		A04443	MSTU Stankin	Moscow State University of Technology, Stankin, Russia
RU	Russia		A04444	MIIGAIK	Moscow State University of Geodesy and Cartography, Russia
RU	Russia		A04445	Murmansk St Tech U	Murmansk State Technical University, Russia
RU	Russia		A04446	NSTU	Novgorod State Technical University, Russia
RU	Russia		A04447	RSHU	Russian State Hydrometeorological University, Russia
RU	Russia		A04448	MATI	Moscow State Aviation Technological University, Russia
RU	Russia		A04449	MUCTR	Mendeleev University of Chemical Technology of Russia, Moscow, Russia
RU	Russia		A04450	Samara St Aero U	Samara State Aerospace University, Russia
RU	Russia		A04451	Samara St Tech U	Samara State Technical University, Russia
RU	Russia		A04452	Saratov St Tech U	Saratov State Technical University, Russia
RU	Russia		A04453	Siberian St Aero U	Siberian State Aerospace University, Russia
RU	Russia		A04454	Siberian St Tech U	Siberian State Technological University, Russia
RU	Russia		A04455	Siberian Trans U	Siberian Transport University, Russia
RU	Russia		A04456	LETI St P	Saint Petersburg Electrotechnical University, Russia
RU	Russia		A04457	SUAI	Saint Petersburg University of Aerospace Instrumentation, Russia
RU	Russia		A04458	SMTU	Saint Petersburg State Marine Technical University, Russia
RU	Russia		A04459	SPMI	Saint Petersburg State Mining Institute, Russia
RU	Russia		A04460	SPbSTU	Saint Petersburg State Technical University, Russia
RU	Russia		A04461	ITMO St P	National Research University, Saint Petersburg, Russia
RU	Russia		A04462	TPU	Tomsk State Technical University, Russia
RU	Russia		A04463	TUSUR	Tomsk State University of Control Systems and Radioelectronics, Russia
RU	Russia		A04464	VolSU	Volgograd State Technical University, Russia
MY	Malaysia		A04465	UTEM	Technical University of Malaysia, Melaka, Malaysia
MY	Malaysia		A04466	UMP	University Malaysia Pahang
MY	Malaysia		A04467	UTAR	University Tunku Abdul Rahman, Malaysia
MY	Malaysia		A04468	Malaysia UST	Malaysia University of Science and Technology
MY	Malaysia		A04469	UNITEN	University Tenaga Nasional, Malaysia
KR	South Korea		A04470	Howon U	Howon University, Korea
KR	South Korea		A04471	Kongju Natl U	Kongju National University, Korea
KR	South Korea		A04472	KETI	Korea Electronics Technology Institute
KR	South Korea		A04473	KoreaTech	Korea University of Technology and Education
KR	South Korea		A04474	GIST	Gwangju Institute of Science and Technology, Korea
KR	South Korea		A04475	Kunsan Natl U	Kunsan National University, Korea
KR	South Korea		A04476	Daejin U	Daejin University, Korea
KR	South Korea		A04477	Cath U Pusan	Catholic University of Pusan, Korea
KR	South Korea		A04478	Silla U	Silla University, Korea
KR	South Korea		A04479	DST	Daejeon Institute of Science and Technology, Korea
KR	South Korea		A04480	KAFA	Korea Air Force Academy
KR	South Korea		A04481	DNUE	Daegu National University of Education, Korea
KR	South Korea		A04482	KEI	Korea Environment Institute
KR	South Korea		A04483	SeoulTech	Seoul National University of Science and Technology, Korea
KR	South Korea		A04484	SNUE	Seoul National University of Education, Korea
KR	South Korea		A04485	ETRI	Electronics and Telecommunications Research Institute, Korea
KR	South Korea		A04486	KIGAM	Korea Institute of Geoscience and Mineral Resources
KR	South Korea		A04487	KRICT	Korea Research Institute of Chemical Technology
KR	South Korea		A04488	Induk U	Induk University, Seoul, Korea
KR	South Korea		A04489	NIER	National Institute of Environmental Research, Korea
KR	South Korea		A04490	KIMM	Korea Institute of Machinery and Materials
KR	South Korea	A04490	A04491	KIMS	Korea Institute of Materials Science
IT	Italy		A04492	Ac Sci Florence	Academy of Sciences, Florence, Italy
CN	China		A04493	TUTE	Tianjin University of Technology and Education, China
CN	China		A04494	QUST	Qingdao University of Science and Technology, China
CN	China		A04495	SAU	Shenyang Aerospace University, China
CN	China		A04496	NUC	North University of China
CN	China		A04497	Sichuan Norm U	Sichuan Normal University, China
CN	China		A04498	Suzhou U Sci Tech	Suzhou University of Science and Technology, China
CN	China		A04499	Yunnan Norm U	Yunnan Normal University, China
CN	China		A04500	Zhejiang Norm U	Zhejiang Normal University, China
CN	China		A04501	TUST	Tianjin University of Science and Technology, China
CN	China		A04502	Chang An U	Chang An University, China
CN	China		A04503	Dali U	Dali University, China
CN	China		A04504	Yuxi Norm U	Yuxi Normal University, China
CN	China		A04505	Jiangnan U	Jiangnan University, China
CN	China		A04506	Hebei Norm U	Hebei Normal University, China
CN	China		A04507	Harbin U	Harbin University, China
CN	China		A04508	Nantong U	Nantong University, China
CN	China		A04509	HHIT	Huaihai Institute of Technology, China
CN	China		A04510	GLUT	Guilin University of Technology, China
CN	China		A04511	Henan Norm U	Henan Normal University, China
CN	China		A04512	Liaoning Norm U	Liaoning Normal University, China
CN	China		A04513	Jiaxing U	Jiaxing University, China
CN	China		A04514	CQUST	Chongqing University of Science and Technology, China
PK	Pakistan		A04515	U Azad Jammu	University of Azad Jammu, Pakistan
PK	Pakistan		A04516	U Malakand	University of Malakand, Pakistan
PK	Pakistan		A04517	CIIT Islamabad	COMSATS Institute of Information Technology, Islamabad, Pakistan
PK	Pakistan		A04518	FUUAST	Federal Urdu University of Arts Sciences and Technology, Pakistan
PK	Pakistan		A04519	IST Islamabad	Institute of Space Technology, Islamabad, Pakistan
PK	Pakistan		A04520	Quaid-i-Azam U	Quaid-i-Azam University, Pakistan
PK	Pakistan		A04521	PIEAS	Pakistan Institute of Engineering and Applied Sciences
PK	Pakistan		A04522	NED U Eng Tech	NED University of Engineering and Technology, Karachi, Pakistan
PK	Pakistan		A04523	SUPARCO	Space and Upper Atmosphere Research Commission, Pakistan
PK	Pakistan		A04524	SSUET	Sir Syed University of Engineering and Technology, Karachi, Pakistan
PK	Pakistan		A04525	KUST	Kohat University of Science and Technology, Pakistan
PK	Pakistan		A04526	Forman Christ Coll	Forman Christian College, Pakistan
PK	Pakistan		A04527	GC Lahore	Government College University Lahore, Pakistan
PK	Pakistan		A04528	U Cen Punjab	University of Central Punjab, Pakistan
PK	Pakistan		A04529	U Punjab	University of the Punjab, Pakistan
PK	Pakistan		A04530	UET Lahore	University of Engineering and Technology, Lahore, Pakistan
PK	Pakistan		A04531	UET Peshawar	University of Engineering and Technology, Peshawar, Pakistan
PK	Pakistan		A04532	NUST Islamabad	National University of Sciences and Technology, Islamabad, Pakistan
PK	Pakistan		A04533	UET Taxila	University of Engineering and Technology, Taxila, Pakistan
PK	Pakistan		A04534	GIK	Ghulam Ishaq Khan Institute of Engineering Sciences and Technology, Pakistan
LB	Lebanon		A04535	NDUL	Notre Dame University Louaize, Lebanon
CA	Canada		A04536	Bedford Inst Ocgy	Bedford Institute of Oceanography, Canada
CA	Canada		A04537	Can INO	Canadian National Institute of Optics
JP	Japan		A04538	Sojo U	Sojo University, Japan
CO	Colombia		A04539	IAvH	Instituto de Investigacion de Recursos Biologicos Alexander von Humboldt, Bogota, Colombia
BR	Brazil		A04540	UNIVAP	Paraiba Valley University, Brazil
BR	Brazil	A04540	A11718	CRAAM	Center for Radio Astronomy and Astrophysics
BR	Brazil		A04541	UFPel	Federal University of Pelotas, Brazil
BR	Brazil		A04542	UFRPE	Federal Rural University of Pernambuco, Brazil
BR	Brazil		A04543	UEPB	State University of Paraiba, Brazil
BR	Brazil		A04544	FURG	Federal University of the Rio Grande, Brazil
BR	Brazil		A04545	UFG	Federal University of Goias, Brazil
BR	Brazil		A04546	UFRRJ	Federal Rural University of Rio de Janeiro, Brazil
BR	Brazil		A04547	UFMT	Federal University of Mato Grosso, Brazil
BR	Brazil		A04548	UFSCar	Federal University of Sao Carlos, Brazil
BR	Brazil		A04549	UEFS	State University of Feira de Santana, Brazil
BR	Brazil		A04550	UECE	State University of Ceara, Brazil
BR	Brazil		A04551	PUC-MG	Pontificia Universidade Catolica de Minas Gerais, Brazil
BR	Brazil		A04552	UEPG	State University of Ponta Grossa, Brazil
BR	Brazil		A04553	UNITAU	University of Taubate, Brazil
BR	Brazil		A04554	UFAM	Federal University of Amazonas, Brazil
BR	Brazil		A04555	UNIBAN	Bandeirante University of Sao Paulo, Brazil
TH	Thailand		A04556	KMITNB	King Mongkuts University of Technology, Bangkok, Thailand
TH	Thailand		A04557	MFU	Mae Fah Luang University, Thailand
TH	Thailand		A04558	UBU	Ubon Ratchathani University, Thailand
IR	Iran		A04559	IAU	Islamic Azad University, Iran
IR	Iran	A04559	A04560	Arak	Islamic Azad University, Arak Branch
IR	Iran	A04559	A04561	Qazvin	Islamic Azad University, Qazvin Branch
IR	Iran	A04559	A04562	Babol	Islamic Azad University, Babol Branch
IR	Iran	A04559	A04563	Qom	Islamic Azad University, Qom Branch
IR	Iran	A04559	A04564	Bandar	Islamic Azad University, Bandar Branch
IR	Iran	A04559	A04565	Borujerd	Islamic Azad University, Borujerd Branch
IR	Iran	A04559	A04566	Foroozkooh	Islamic Azad University, Foroozkooh Branch
IR	Iran	A04559	A04567	Garmsar	Islamic Azad University, Garmsar Branch
IR	Iran	A04559	A04568	Hamadan	Islamic Azad University, Hamadan Branch
IR	Iran	A04559	A04569	Kashan	Islamic Azad University, Kashan Branch
IR	Iran	A04559	A04570	Kermanshah	Islamic Azad University, Kermanshah Branch
IR	Iran	A04559	A04571	Lahijan	Islamic Azad University, Lahijan Branch
IR	Iran	A04559	A04572	Larestan	Islamic Azad University, Larestan Branch
IR	Iran	A04559	A04573	Mahshahr	Islamic Azad University, Mahshahr Branch
IR	Iran	A04559	A04574	Marvdasht	Islamic Azad University, Marvdasht Branch
IR	Iran	A04559	A04575	Najafabad	Islamic Azad University, Najafabad Branch
IR	Iran	A04559	A04576	Neyshabur	Islamic Azad University, Neyshabur Branch
IR	Iran	A04559	A04577	Chalous	Islamic Azad University, Chalous Branch
IR	Iran	A04559	A04578	Sanandaj	Islamic Azad University, Sanandaj Branch
IR	Iran	A04559	A04579	Sari	Islamic Azad University, Sari Branch
IR	Iran	A04559	A04580	Shahre Rey	Islamic Azad University, Shahre Rey Branch
IR	Iran	A04559	A04581	Shahrood	Islamic Azad University, Shahrood Branch
IR	Iran	A04559	A04582	Shiraz	Islamic Azad University, Shiraz Branch
IR	Iran	A04559	A04583	Sirjan	Islamic Azad University, Sirjan Branch
IR	Iran	A04559	A04584	Tabriz	Islamic Azad University, Tabriz Branch
IR	Iran	A04559	A04585	Tonekabon	Islamic Azad University, Tonekabon Branch
IR	Iran	A04559	A04586	Varamin	Islamic Azad University, Varamin Branch
IR	Iran	A04559	A04587	Zanjan	Islamic Azad University, Zanjan Branch
IR	Iran	A04559	A06734	Ahvaz	Islamic Azad University, Ahvaz Branch
IR	Iran	A04559	A06735	Bushehr	Islamic Azad University, Bushehr Branch
IR	Iran	A04559	A06736	Omidieh	Islamic Azad University, Omidieh Branch
IR	Iran	A04559	A06737	Roudehen	Islamic Azad University, Roudehen Branch
IR	Iran	A04559	A06738	Isfahan	Islamic Azad University, Isfahan Branch
IR	Iran	A04559	A06739	Islamshahr	Islamic Azad University, Islamshahr Branch
IR	Iran	A04559	A06740	Jouybar	Islamic Azad University, Jouybar Branch
IR	Iran	A04559	A06741	Behbahan	Islamic Azad University, Behbahan Branch
IR	Iran	A04559	A06742	Yazd	Islamic Azad University, Yazd Branch
IR	Iran	A04559	A06743	Zahedan	Islamic Azad University, Zahedan Branch
IR	Iran	A04559	A11516	Dep Phy	Islamic Azad University, Department of Physics
IR	Iran	A04559	A11547	Amoli	Islamic Azad University, Ayatollah Amoli Branch
IR	Iran	A04559	A13065	Mashhad	Islamic Azad University, Mashhad Branch
IR	Iran	A04559	A13066	Ilam	Islamic Azad University, Ilam Branch
IR	Iran		A04588	Bu Ali Sina U	Bu Ali Sina University, Iran
IR	Iran		A04589	Shahrood U Tech	Shahrood University of Technology, Iran
IR	Iran		A04590	Sharif U Tech	Sharif University of Technology, Iran
JP	Japan		A04591	Tezukayama U	Tezukayama University, Japan
RU	Russia		A04592	RAS SB	Russian Academy of Sciences, Siberian Branch
RU	Russia	A04592	A04117	Tomsk	RAS, Russian Academy of Sciences, Tomsk
RU	Russia	A04592	A04593	BI	RAS, Institute of Biophysics, Krasnoyarsk
RU	Russia	A04592	A04594	Boreskov Inst	Boreskov Institute of Catalysis, Novosibirsk
RU	Russia	A04592	A04595	Khristianovich ITAM	Khristianovich Institute of Theoretical and Applied Mechanics, Novosibirsk
RU	Russia	A04592	A04596	IT	RAS, Institute of Thermophysics, Novosibirsk
RU	Russia	A04592	A04597	BINP	RAS, Budker Institute of Nuclear Physics, Novosibirsk
RU	Russia	A04592	A04598	IMET	RAS, Institute of Metallurgy, Ekaterinburg
RU	Russia	A04592	A04599	ISP	RAS, Institute of Semiconductor Physics, Novosibirsk
RU	Russia	A04592	A04600	Vinogradov IGC	RAS, Vinogradov Institute of Geochemistry
RU	Russia	A04592	A04601	Kirensky IP	RAS, Kirensky Institute of Physics, Novokuznetsk
RU	Russia	A04592	A04602	ISTP	RAS, Institute of Solar-Terrestrial Physics, Irkutsk
RU	Russia	A04592	A04603	IEC	RAS, Institute of the Earths Crust, Irkutsk
RU	Russia	A04592	A04604	Ast Inst	Saint Petersburg State University, Astronomical Institute
RU	Russia	A04592	A04605	IGM	RAS, United Institute of Geology, Geophysics and Mineralogy
RU	Russia	A04592	A04606	ICT	RAS, Institute of Computational Technologies, Novosibirsk
RU	Russia	A04592	A04607	Geop Svc Obninsk	RAS, Geophysical Service, Obninsk
RU	Russia	A04592	A04608	ICKC	RAS, Voevodsky Institute of Chemical Kinetics and Combustion, Novosibirsk
RU	Russia	A04592	A04609	SHICRA	RAS, Shafer Institute of Cosmophysical Research and Aeronomy, Yakutsk
RU	Russia		A04610	Karpinsky Geo Inst	Karpinsky Geological Institute, Russia
RU	Russia		A04611	CRIRR	Central Institute of Roentgenology and Radiology, Russia
RU	Russia		A04612	JINR Dubna	Joint Institute for Nuclear Research, Dubna, Russia
RU	Russia		A04613	Kurchatov Inst	Kurchatov Institute, Moscow, Russia
RU	Russia	A04613	A04614	PNPI	Petersburg Nuclear Physics Institute
RU	Russia	A04613	A04615	IHEP	Institute for High Energy Physics, Moscow
RU	Russia	A04613	A05275	VIAM	All-Russia Scientific Research Institute of Aviation Materials, Moscow, Russia
RU	Russia		A04616	RFNC	Russian Federal Nuclear Center
EG	Egypt		A04617	Mansoura U	Mansoura University, Egypt
EG	Egypt		A04618	Tanta U	Tanta University, Egypt
EG	Egypt		A04619	MHESR	Ministry for Higher Education and the State for Scientific Research, Egypt
EG	Egypt	A04619	A04620	NIOF	National Institute of Oceanography and Fisheries, Egypt
EG	Egypt	A04619	A04621	NRIAG	National Research Institute of Astronomy and Geophysics
EG	Egypt	A04619	A04622	NRC Egypt	National Research Centre, Egypt
EG	Egypt		A04623	Ain Shams U	Ain Shams University, Egypt
EG	Egypt		A04624	Assiut U	Assiut University, Egypt
EG	Egypt		A04625	Zagazig U	Zagazig University, Egypt
EG	Egypt		A04626	Benha U	Benha University, Egypt
EG	Egypt		A04627	Al Azhar U	Al Azhar University, Egypt
EG	Egypt		A04628	Suez Canal U	Suez Canal University, Egypt
EG	Egypt		A04629	Minia U	Minia University, Egypt
EG	Egypt		A04630	Menoufia U	Menoufia University, Egypt
EG	Egypt		A04631	Sohag U	Sohag University, Egypt
EG	Egypt		A04632	EGSMA	Egyptian Geological Survey and Mining Authority
EG	Egypt		A04633	EAEA	Egyptian Atomic Energy Authority
EG	Egypt		A04634	S Vall U	South Valley University, Egypt
EG	Egypt		A04635	Helwan U	Helwan University, Egypt
SI	Slovenia		A04636	SASA	Slovenian Academy of Sciences and Arts
SI	Slovenia	A04636	A04637	IJS	Jozef Stefan Institute, Ljubljana
FR	France		A04638	ESA	European Space Agency, Paris, France
ES	Spain	A04638	A04639	CAB Madrid	Center for Astrobiology, Madrid
DE	Germany	A04638	A04640	ESOC	European Space Operations Centre, Darmstadt
NL	Netherlands	A04638	A04641	ESTEC	European Space Research and Technology Centre, Noordwijk
ES	Spain	A04638	A04642	ESAC	European Space Astronomy Centre, Villanueva de la Canada
DE	Germany	A04638	A04643	EAC Cologne	European Astronaut Centre, Cologne
NO	Norway	A04638	A11300	NSC	Norwegian Space Center
ES	Spain	A04638	A11321	MDSCC	Madrid Deep Space Communication
ES	Spain	A04638	A11324	LAEFF	Laboratory for Space Astrophysics and Theoretical Physics
IT	Italy	A04638	A11376	ESRIN	European Space Research Institute, Frascati
IT	Italy	A04638	A11397	ASDC	ASI Science Data Center
US	United States	A04638	A13114	ESA Office	Space Telescope Science Institute, ESA Office, Baltimore, Maryland
GR	Greece		A04644	Hellenic Open U	Hellenic Open University, Greece
GR	Greece		A04645	U Athens	National and Kapodistrian University of Athens, Greece
GR	Greece	A04645	A04646	Dep Phy	University of Athens, Department of Physics
GR	Greece	A04645	A11429	Dep Ast	University of Athens, Department of Astronomy
GR	Greece		A04647	TU Athens	Technical University of Athens, Greece
GR	Greece		A04648	Harokopio U	Harokopio University, Greece
GR	Greece		A04649	Ionian U	Ionian University, Greece
GR	Greece		A04650	U Aegean	University of the Aegean, Greece
GR	Greece		A04651	U Piraeus	University of Piraeus, Greece
GR	Greece		A04652	TU Crete	Technical University of Crete, Greece
GR	Greece		A04653	Hellenic Mnstry Cult	Hellenic Ministry of Culture, Greece
GR	Greece		A04654	Ac Athens	Academy of Athens, Greece
GR	Greece	A04654	A11426	RCAAM	Academy of Athens, Research Center for Astronomy and Applied Mathematics
GR	Greece	A04654	A11427	OSR	Academy of Athens, Office of Space Research
GR	Greece		A04655	TEI Athens	Technical Educational Institute of Athens, Greece
GR	Greece		A04656	U Peloponnese	University of Peloponnese, Greece
FR	France		A04657	ENSICAEN	Ecole Nationale Superieure d'Ingenieurs de Caen, France
FR	France	A04657	A04662	CIRIL	Centre Interdisciplinaire de Recherche Ions-Lasers
FR	France		A04659	OMP	Observatoire Mid Pyrenees, France
FR	France	A04659	A04660	IRAP	L'Institut de Recherche en Astrophysique et Planetologie
FR	France	A04659	A04661	LEGOS	Observatoire Mid Pyrenees, LEGOS, Laboratoire d'Etudes en Geophysique et Oceanographie Spatiales
FR	France	A04659	A04662	CIRIL	Centre Interdisciplinaire de Recherche Ions-Lasers
FR	France	A04659	A04663	GET Toulouse	Geosciences Environnement Toulouse
FR	France	A04659	A06179	Lab d'Aero	Laboratoire d'Aerologie
FR	France	A04659	A11284	DTP	Observatoire Mid Pyrenees, DTP, Laboratoire de Dynamique Terrestre et Planetaire
PL	Poland		A04664	Jan Dlugosz U	Jan Dlugosz University, Poland
PL	Poland		A04665	U Podlasie	University of Podlasie, Poland
PL	Poland		A04666	Mil U Tech Warsaw	Military University of Technology, Warsaw, Poland
PL	Poland		A04668	ITE Warsaw	Institute of Electron Technology, Warsaw, Poland
MY	Malaysia		A04669	Malaysian Nuc Agcy	Malaysian Nuclear Agency
AU	Australia		A04670	Austr Bur Metr	Australian Bureau of Meteorology
AU	Australia	A04670	A04671	IPS Rad Sp Svc	IPS Radio and Space Services
AU	Australia	A04670	A11675	CASWR	Centre for Australian Weather and Climate Research
LT	Lithuania		A04672	Kaunas Tech U	Kaunas Technical University, Lithuania
BE	Belgium		A04673	VU Brussels	Vrije Universiteit, Brussels, Belgium
BE	Belgium	A04673	A04674	Ast Ast Res Grp	Vrije Universiteit, Brussels, Astronomy and Astrophysics Research Group
BE	Belgium	A04673	A04675	Dep Phy	Vrije Universiteit, Brussels, Department of Physics
BE	Belgium	A04673	A11241	Ear Sys Sci Dep	Vrije Universiteit, Brussels, Earth System Science Department
GB	United Kingdom		A04676	Harwell Campus	Harwell Science and Innovation Campus, UK
NG	Nigeria		A04677	U Lagos	University of Lagos, Nigeria
ZA	South Africa		A04678	U Fort Hare	University of Fort Hare, South Africa
ZA	South Africa		A04679	CPUT	Cape Peninsula University of Technology, South Africa
PT	Portugal		A04680	IPIMAR	Portuguese Institute for the Sea and Atmosphere, Lisbon, Portugal
PT	Portugal		A04681	Poly Inst Leiria	Polytechnic Institute of Leiria, Portugal
PT	Portugal		A04682	Lusofona U	Lusofona University, Lisbon, Portugal
PT	Portugal		A04683	LNEG	National Laboratory of Energy and Geology, Portugal
PT	Portugal		A04684	Poly Inst Porto	Polytechnic Institute of Porto, Portugal
PT	Portugal		A04685	Poly Inst Tomar	Polytechnic Institute of Tomar, Portugal
PT	Portugal		A04686	U Azores	University of Azores, Portugal
PT	Portugal		A04687	U Algarve	University of Algarve, Portugal
PT	Portugal		A04688	U Evora	University of Evora, Portugal
PT	Portugal		A04689	UFP	Fernando Pessoa University, Portugal
CN	China		A04690	Dezhou U	Dezhou University, China
CN	China		A04691	Nanyang Norm U	Nanyang Normal University, China
HK	Hong Kong		A04692	Hong Kong Obs	Hong Kong Observatory, China
CN	China		A04693	NUIST	Nanjing University of Information Science and Technology, China
CN	China		A04694	CUP Dongying	China University of Petroleum, Dongying
CN	China		A04695	SW Inst Phy China	Southwestern Institute of Physics, China
CN	China		A04696	Shijiazhuang U	Shijiazhuang University, China
CN	China		A04697	Huaiyin Norm U	Huaiyin Normal University, China
CN	China		A04698	Guizhou U	Guizhou University, China
CN	China		A04699	GUET	Guilin University of Electronic Technology, China
CN	China		A04700	Zhejiang Oc U	Zhejiang Ocean University, China
BE	Belgium		A04701	IMEC	Interuniversity Micro-Electronic Center, Belgium
CN	China		A04702	Chin Nav Ac	Chinese Naval Academy
DE	Germany		A04703	BGR Erlangen	Central Seismological Observatory, Erlangen, Germany
HU	Hungary		A04704	PPCU	Peter Pazmany Catholic University, Budapest, Hungary
SG	Singapore		A04705	NUS	National University of Singapore
SG	Singapore	A04705	A04706	SMART	Singapore-MIT Alliance for Research and Technology Center
SG	Singapore	A04705	A04707	Dep Phy	National University of Singapore, Department of Physics
PK	Pakistan		A04708	GC U Faisalabad	Government College University Faisalabad, Pakistan
IN	India		A04709	Tripura U	Tripura University, India
NO	Norway		A04710	NGI	Norwegian Geotechnical Institute
NO	Norway		A04711	NORSAR	NORSAR, Norwegian Technical Science Research Council
ES	Spain		A04712	Span Natl Obs Madrid	Spanish National Observatory, Madrid
JP	Japan		A04713	Komazawa U	Komazawa University, Japan
JP	Japan		A04714	JMA	Japan Meteorological Agency
JP	Japan	A04714	A04715	Kakioka Magn Obs	JMA, Kakioka Magnetic Observatory
JP	Japan	A04714	A04716	Sapporo Met Obs	JMA, Sapporo District Meteorological Observatory
JP	Japan	A04714	A04717	Fukuoka Met Obs	JMA, Fukuoka District Meteorological Observatory
JP	Japan	A04714	A04718	Osaka Met Obs	JMA, Osaka District Meteorological Observatory
JP	Japan	A04714	A04719	Sendai Met Obs	JMA, Sendai District Meteorological Observatory
JP	Japan	A04714	A04720	Matsushiro Seis Obs	JMA, Matsushiro Seismological Observatory
JP	Japan	A04714	A04721	MRI Tsukuba	JMA, Meteorological Research Institute, Tsukuba
JP	Japan		A04722	Future U Hakodate	Future University Hakodate, Japan
JP	Japan		A04723	RTRI	Railway Technical Research Institute, Japan
JP	Japan		A04724	Hot Springs Res Inst	Hot Springs Research Institute, Japan
JP	Japan		A04725	NRIFS	National Research Institute of Fisheries Science, Japan
JP	Japan		A04726	NIED	National Research Center for Disaster Prevention, Japan
JP	Japan		A04727	Sumitomo Elec	Sumitomo Electric Industries Ltd, Japan
JP	Japan		A04728	Nagoya Wmns U	Nagoya Womens University, Japan
JP	Japan		A04729	Met Coll Japan	Meteorological College, Japan
JP	Japan		A04730	RITE	Research Institute of Innovative Technology for the Earth, Japan
JP	Japan		A04731	GSI	Geospatial Information Authority of Japan
BR	Brazil		A04732	UNIOESTE	State University of West Para, Brazil
BR	Brazil		A04733	CEFET RJ	Federal Center of Technological Education, Rio de Janeiro, Brazil
BR	Brazil		A04734	CEFET BA	Federal Center of Technological Education, Bahia, Brazil
BR	Brazil		A04735	CEFET SL	Federal University of Technology, Sao Luis Maranhao, Brazil
BR	Brazil		A04736	CEFET PR	Federal University of Technology, Parana, Brazil
BR	Brazil		A04737	CEFET MG	Federal Center of Technological Education, Minas Gerais, Brazil
BR	Brazil		A04739	UESC	Santa Cruz State University, Brazil
BR	Brazil		A04740	UFABC	Federal University of ABC, Brazil
BR	Brazil		A04741	UDESC	University of Santa Catarina State, Brazil
BR	Brazil		A04742	UFSJ	Federal University of Sao Joao, Brazil
BR	Brazil		A04743	UFERSA	Federal Rural University of the Semi-Arid, Brazil
BR	Brazil		A04744	UFT	Federal University of Tocantins, Brazil
BR	Brazil		A04745	UFS	Federal University of Sergipe, Brazil
HR	Croatia		A04746	U Split	University of Split, Croatia
MD	Moldova		A04747	Ac Sci Moldova	Academy of Sciences of Moldova
MD	Moldova	A04747	A06617	IAP Moldova	Institute of Applied Physics, Moldova
SK	Slovakia		A04748	U Zilina	University of Zilina, Slovakia
AM	Armenia		A04749	Armenian NAS	Armenian National Academy of Sciences
AM	Armenia	A04749	A04750	Byurakan Ast Obs	Byurakan Astrophysical Observatory
AM	Armenia	A04749	A11452	Garny Sp Ast Inst	Garny Space Astronomy Institute
SK	Slovakia		A04751	Phil U Nitra	Philosopher University of Nitra, Slovakia
CN	China		A04752	PLA	People's Liberation Army, China
CN	China	A04752	A01899	Nanjing UST	People's Liberation Army, Nanjing University of Science and Technology, China
CN	China	A04752	A04753	Air Force Eng U	Air Force Engineering University, China
CN	China	A04752	A05813	S Med U	People's Liberation Army, Southern Medical University, China
CN	China	A04752	A05814	SMMU	People's Liberation Army, Second Military Medical University, China
CN	China	A04752	A05815	TMMU	People's Liberation Army, Third Military Medical University, China
CN	China	A04752	A05816	FMMU	People's Liberation Army, Fourth Military Medical University, China
CN	China	A04752	A05817	NUE	Naval University of Engineering, Wuhan
CN	China	A04752	A05818	SEU	People's Liberation Army, Space Engineering University, Beijing
CN	China	A04752	A05819	IEU	People's Liberation Army, Information Engineering University, Zhengzhou
CN	China		A04754	CAGS	Chinese Academy of Geological Sciences
CN	China	A04754	A04755	Inst Geo	CAGS, Institute of Geology
CN	China		A04756	China U Petro	China University of Petroleum, Beijing
CN	China		A04757	Dalian U	Dalian University, China
CN	China		A04758	Nanjing For U	Nanjing Forestry University, China
CN	China		A04759	Shanghai Oc U	Shanghai Ocean University, China
CN	China		A04760	SW Petro U	Southwest Petroleum University, China
CN	China		A04761	Chin Ac For	Chinese Academy of Forestry
CN	China		A04762	Beijing U Agr	Beijing University of Agriculture, China
CN	China		A04763	CMA	China Meteorological Administration
CN	China	A04763	A04764	China Ac Met Sci	CMA, China Academy of Meteorological Sciences
CN	China	A04763	A04816	Natl Sp Sci Ctr	CAS, National Space Science Center, Beijing
CN	China		A04766	Chengdu U	Chengdu University, China
CN	China		A04767	Changchun U	Changchun University, China
CN	China		A04768	SDUST	Shandong University of Science and Technology, China
BE	Belgium		A04769	Ryl Obs Belgium	Royal Observatory of Belgium
BE	Belgium	A04769	A11243	Dep Sol Phy	Royal Observatory of Belgium, Department of Solar Physics
BE	Belgium		A04770	Ryl Mil Ac Belgium	Royal Military Academy of Belgium
BE	Belgium		A04771	Belgian Nuc Res Ctr	Belgian Nuclear Research Centre
IN	India		A04772	Berhampur U	Berhampur University, India
IN	India		A04773	W Bengal U Tech	West Bengal University of Technology, India
IN	India		A04774	Vidyasagar U	Vidyasagar University, India
IN	India		A04775	TMBU	Tilka Manjhi Bhagalpur University, India
IN	India		A04776	Jiwaji U	Jiwaji University, India
IN	India		A04777	JNTU-H	Jawaharlal Nehru Technological University, Hyderabad, India
IN	India		A04778	Punjab Tech U	Punjab Technical University, India
IN	India		A04779	BRA Bihar U	BRA Bihar University, India
IN	India		A04780	MMU	Maharishi Markandeshwar University, India
IN	India		A04781	Gov Auton Coll	Government Autonomous College, India
IN	India		A04782	Nagpur U	Nagpur University, India
IN	India		A04783	Manipal U	Manipal University, India
IN	India		A04784	VKSU	Veer Kunwar Singh University, India
IN	India		A04785	Sharda Grp Inst	Sharda Group of Institutions, India
IN	India		A04786	MAEER	Maharashtra Academy of Engineering Education and Research, India
IN	India		A04787	MUICT	Institute of Chemical Technology, Mumbai, India
LU	Luxembourg		A04788	U Luxembourg	University of Luxembourg
RU	Russia		A04789	Siberian St U	Siberian State University, Russia
RU	Russia		A04790	VNIITF	VNIITF, Russian Federal Nuclear Institute
ES	Spain		A04791	UCV	Catholic University of Valencia, Spain
IT	Italy		A04792	ASI	Italian Space Agency
IT	Italy	A04792	A11376	ESRIN	European Space Research Institute
IT	Italy	A04792	A11397	ASDC	ASI Science Data Center
BE	Belgium		A04793	U Louvain	Universite Catholique de Louvain-la-Neuve, Belgium
BE	Belgium	A04793	A04794	Dep Phy	Universite Catholique de Louvain-la-Neuve, Department of Physics
BE	Belgium	A04793	A04795	Dep Ast Geop	Universite Catholique de Louvain-la-Neuve, Department of Astronomy and Geophysics
BE	Belgium	A04793	A04796	Ear Life Inst	Universite Catholique de Louvain-la-Neuve, Earth and Life Institute
BE	Belgium	A04793	A06707	IRMP	Universite Catholique de Louvain-la-Neuve, Institut de Recherche en Mathematique et Physique
SA	Saudi Arabia		A04797	KACST	King Abdulaziz City for Science And Technology, Riyadh, Saudi Arabia
MK	Macedonia		A04798	TEI Serres	Technological Education Institute of Serres, Macedonia
JP	Japan		A04799	Chuo U	Chuo University, Japan
US	United States		A04800	NAS	National Academy of Sciences, Washington DC
JP	Japan		A04801	IHI Co	IHI Corporation, Japan
JP	Japan		A04802	RIST Japan	Research Organization for Information Science and Technology, Japan
JP	Japan		A04803	Shonan Inst Tech	Shonan Institute of Technology, Japan
JP	Japan		A04804	Aichi Toho U	Aichi Toho University, Japan
JP	Japan		A04805	Nikon	Nikon Corporation, Japan
FR	France		A04806	IGN	Institut National de l'Information Geographique et Forestiere, France
FR	France	A04806	A13077	LAREG	Research Laboratory in Geodesy, Paris
FR	France		A04807	C2RMF	Centre de Recherche et de Restauration des Musees de France
DE	Germany		A04809	EUMETSAT	European Organization for the Exploration of Meteorological Satellites, Germany
RS	Serbia		A04810	U Novi Sad	University of Novi Sad, Serbia
SY	Syria		A04811	AEC Syria	Atomic Energy Commission of Syria
VE	Venezuela		A04812	IAS Venez	Institute for Advanced Studies, Venezuela
EE	Estonia		A04813	Estonian Agr U	Estonian Agricultural University
CN	China		A04814	CAS Beijing	Chinese Academy of Sciences, Beijing
CN	China	A04814	A04815	IOP	CAS, Institute of Physics, Beijing
CN	China	A04814	A04816	NSSC	CAS, National Space Science Center, Beijing
CN	China	A04814	A04817	IMECH	CAS, Institute of Mechanics
CN	China	A04814	A04818	ICCAS	CAS, Institute of Chemistry, Beijing
CN	China	A04814	A04819	NAOC	CAS, National Astronomical Observatories
CN	China	A04814	A04820	ICT	CAS, Institute of Computing Technology
CN	China	A04814	A04821	DICP	CAS, Institute of Chemical Physics, Dalian
CN	China	A04814	A04822	IGSNRR	CAS, Institute of Geographic Sciences and Natural Resources Research
CN	China	A04814	A04823	IGG	CAS, Institute of Geology and Geophysics
CN	China	A04814	A04824	IHEP	CAS, Institute of High Energy Physics, Beijing
CN	China	A04814	A04825	ITP	CAS, Institute of Theoretical Physics, Beijing
CN	China	A04814	A04826	Yunnan Obs	CAS, Yunnan Observatory
CN	China	A04814	A04827	Pur Mt Obs	CAS, Purple Mountain Observatory
CN	China	A04814	A04828	Shanghai Obs	CAS, Shanghai Observatory
CN	China	A04814	A04829	IOS	CAS, Institute of Semiconductors, Beijing
CN	China	A04814	A04830	RADI	CAS, Institute of Remote Sensing and Digital Earth, Beijing
CN	China	A04814	A04831	UCAS	University of the Chinese Academy of Sciences, Beijing
CN	China	A04814	A04832	IAP	CAS, Institute of Atmospheric Physics, Beijing
CN	China	A04814	A04833	IEE	CAS, Institute of Electrical Engineering, Beijing
CN	China	A04814	A04834	ITPR	CAS, Institute of Tibetan Plateau Research
CN	China	A04814	A04835	TIPC	CAS, Technical Institute of Physics and Chemistry
CN	China	A04814	A04836	AMSS	CAS, Academy of Mathematics and Systems Science
CN	China	A04814	A04837	Xinjiang Obs	CAS, Xinjiang Observatory
CN	China	A04814	A04838	NCNST	CAS, National Center for Nanoscience and Technology
CN	China	A04814	A04839	AOE	CAS, Academy of Opto-Electronics
CN	China	A04814	A04840	Changchun Obs	CAS, Changchun Observatory
CN	China	A04814	A06246	JCGCS	Joint Center for Global Change Studies, Beijing
US	United States	A04814	A06468	EAO	East Asian Observatory, Hawaii
CN	China	A04814	A11562	BAC	CAS, Beijing Astrophysical Center
CN	China	A04814	A11565	KIAA	Kavli Institute for Astronomy and Astrophysics
CA	Canada		A04841	UOIT	University of Ontario Institute of Technology, Canada
BE	Belgium		A04842	RMI Belgium	Royal Meteorological Institute of Belgium
PL	Poland		A04843	ICHTJ Warsaw	Institute of Nuclear Chemistry and Technology, Warsaw, Poland
PL	Poland		A04844	IGiK Warsaw	Institute of Geodesy and Cartography, Warsaw, Poland
PL	Poland		A04845	Kielce U Tech	Kielce University of Technology, Poland
DK	Denmark		A04846	DMI	Danish Meteorological Institute
DK	Denmark		A04847	U Faroe Islands	University of the Faroe Islands
SK	Slovakia		A04848	Slovak Ac Sci	Slovak Academy of Sciences
SK	Slovakia	A04848	A06028	ILC	International Laser Center, Bratislava, Slovakia
BG	Bulgaria		A04849	U Plovdiv	University of Plovdiv, Bulgaria
LT	Lithuania		A04850	Klaipeda U	Klaipeda University, Lithuania
LT	Lithuania		A04851	Vilnius Ped U	Vilnius Pedagogical University, Lithuania
LV	Latvia		A04852	Riga Tech U	Riga Technical University, Latvia
RO	Romania		A04853	U Suceava	Stefan cel Mare University of Suceava, Romania
RO	Romania		A04854	TU Iasi	Technical University of Iasi, Romania
SK	Slovakia		A04855	TU Kosice	Technical University of Kosice, Slovakia
NO	Norway		A04856	NILU	Norwegian Institute for Air Research
CH	Switzerland		A04857	MeteoSwiss	MeteoSwiss, Swiss Federal Office for Meteorology and Climatology
KR	South Korea		A04858	KOPTI	Korea Photonics Technology Institute
KR	South Korea		A04859	Samsung	Samsung Co, South Korea
KR	South Korea		A04860	RIST Korea	Research Institute of Industrial Science and Technology, Korea
BE	Belgium		A04861	BIRA	Belgian Institute for Space Aeronomy
IT	Italy		A04862	CIRA	Italian Aerospace Research Center
JP	Japan		A04863	Hokkaido Inst Tech	Hokkaido Institute of Technology, Japan
JP	Japan		A04864	ITC Okayama	Industrial Technology Center, Okayama Prefecture, Japan
JP	Japan		A04865	ITC Wakayama	Industrial Technology Center, Wakayama Prefecture, Japan
JP	Japan		A04866	NIRE	National Institute for Resources and Environment, Japan
JP	Japan		A04867	RIHN	Research Institute for Humanity and Nature, Kyoto, Japan
JP	Japan		A04868	Toyota	Toyota Industries Corporation, Japan
JP	Japan		A04869	U Kindai Himeji	University of Kindai Himeji, Japan
FR	France		A04870	ENSMM	Ecole Nationale Superieure de Mecanique et Microtechniques de Besancon, France
FR	France	A04870	A04871	FEMTO-ST	Franche-Comte Electronics Mechanics Thermal Science and Optics - Sciences and Technologies, France
DZ	Algeria		A04872	U Algiers	University of Algiers, Algeria
FR	France		A04873	ENSHMG	Ecole Nationale Superieure de Hydraulique et Mecanique de Grenoble, France
DE	Germany		A04874	Jacobs U	Jacobs University, Bremen, Germany
BR	Brazil		A04875	UFRR	Federal University of Roraima, Brazil
BR	Brazil		A04876	UERN	State University of Rio Grande of the North, Brazil
FR	France		A04877	Inst U France	Institut Universitaire de France
ID	Indonesia		A04878	ITB Bandung	Institute of Technology Bandung, Indonesia
ID	Indonesia	A04878	A04879	Bosscha Obs	Bosscha Observatory, Indonesia
ID	Indonesia	A04878	A11522	Dep Ast	Institute of Technology Bandung, Department of Astronomy, Indonesia
SN	Senegal		A04880	U Dakar	Cheikh Anta Diop University, Dakar, Senegal
TN	Tunisia		A04881	U Tunis	University of Tunis, Tunisia
JP	Japan		A04882	Kobe	Kobe Steel Ltd, Japan
SA	Saudi Arabia		A04883	Qassim U	Qassim University, Saudi Arabia
US	United States		A04884	Art Inst Chicago	Art Institute of Chicago, Illinois
US	United States		A04885	OR St U Newport	Oregon State University, Newport, Oregon
IN	India		A04886	NSIT	Netaji Subhas Institute of Technology, India
IN	India		A04887	KIIT	Kalinga Institute of Industrial Technology, Bhubaneswar, India
CN	China		A04888	Liaoning Tech U	Liaoning Technical University, China
CN	China		A04889	Anhui U Sci Tech	Anhui University of Science and Technology, China
CN	China		A04890	Tibet U	Tibet University, China
CN	China		A04891	Nanjing U Tech	Nanjing University of Technology, China
CN	China		A04892	SW U Sci Tech	Southwest University of Science and Technology, China
JP	Japan		A04893	JHOD	Japan Hydrographic and Oceanographic Department
RO	Romania		A04894	U Craiova	University of Craiova, Romania
JP	Japan		A04895	Toppan	Toppan Printing Corporation, Japan
JP	Japan		A04896	RESTEC	Remote Sensing Technology Center of Japan
JP	Japan		A04897	Tohoku FRA	Tohoku National Fisheries Research Institute, Japan
JP	Japan		A04898	Okayama IQP	Okayama Institute for Quantum Physics, Japan
CN	China		A04900	Yuncheng U	Yuncheng University, China
CN	China		A04901	Jiliang U	China Jiliang University
TW	Taiwan		A04902	MOTC Taiwan	Ministry of Transport and Communications, Taiwan
CU	Cuba		A04903	Ac Sci Cuba	Academy of Sciences, Cuba
LK	Sri Lanka		A04904	U Kelaniya	University of Kelaniya, Sri Lanka
MA	Morocco		A04905	U Hassan II	University Hassan II Casablanca, Morocco
IN	India		A04906	DIAT	Defence Institute of Advanced Technology, Pune, India
IN	India		A04907	NRSC	National Remote Sensing Agency, India
IN	India		A04909	NIT Trichy	National Institute of Technology Tiruchirappalli, India
TW	Taiwan		A04910	CWB Taiwan	Central Weather Bureau, Taiwan
US	United States		A04911	AGU	American Geophysical Union, Washington DC
BD	Bangladesh		A04912	Dhaka U	Dhaka University, Bangladesh
ID	Indonesia		A04913	Diponegoro U	Diponegoro University, Indonesia
LK	Sri Lanka		A04914	Open U Sri Lanka	Open University of Sri Lanka
US	United States		A04915	AZ St Dep	Arizona State Department
US	United States	A04915	A04916	AZ Geo Surv	Arizona Geological Survey
BE	Belgium		A04917	FNRS	Fonds de la Recherche Scientifique, Belgium
GB	United Kingdom		A04918	Brit Lib	British Library Boston Spa, UK
IT	Italy		A04919	Cath U Brescia	Catholic University of Brescia, Italy
US	United States		A04920	Jt Ast Ctr	Joint Astronomy Center, Hawaii
US	United States		A04921	GTI	Gas Technology Institute
JP	Japan		A04922	Tokyo Metro Gov	Tokyo Metropolitan Government, Japan
CA	Canada		A04923	IRSST	Robert-Sauve Research Institute for Health and Safety at Work, Montreal, Canada
AR	Argentina		A04924	Favaloro U	Favaloro University, Argentina
NP	Nepal		A04925	Tribhuvan U Nepal	Tribhuvan University, Nepal
CN	China		A04926	Hubei Norm U	Hubei Normal University, China
AU	Australia		A04927	Austr Res Cncl	Australian Research Council
AU	Australia	A04927	A06463	CLEX	Centre of Excellence for Climate Extremes
AU	Australia	A04927	A11659	CODES	Centre of Excellence in Ore Deposits
AU	Australia	A04927	A11660	ACECRC	Antarctic Climate and Ecosystems Cooperative Research Centre
AU	Australia	A04927	A11661	CAASTRO	Centre of Excellence for All Sky Astrophysics
AU	Australia	A04927	A11662	CCFS	Centre of Excellence for Core to Crust Fluid Systems
AU	Australia	A04927	A11705	CoECSS	Centre of Excellence for Climate System Science
AU	Australia	A04927	A11720	CQC2T	Centre for Quantum Computation and Communication Technology
GH	Ghana		A04928	KNUST	Kwame Nkrumah University of Science and Technology, Ghana
KZ	Kazakhstan		A04929	KazNU	Al-Farabi Kazakh National University, Kazakhstan
LB	Lebanon		A04930	Amer U Beirut	American University of Beirut, Lebanon
IN	India		A04931	IISER	Indian Institute of Science Education and Research, Calcutta, India
IL	Israel		A04932	Holon Inst Tech	Holon Institute of Technology, Israel
NA	Namibia		A04933	U Namibia	University of Namibia
OM	Oman		A04934	U Nizwa	University of Nizwa, Oman
RU	Russia		A04935	Dubna Intl U	Dubna International University, Russia
RU	Russia		A04936	NITU	National University of Science and Technology, Moscow, Russia
RU	Russia		A04937	NIRFI	Radiophysical Research Institute, Moscow, Russia
RU	Russia		A04938	NovSTU	Novosibirsk State Technical University, Russia
RU	Russia		A04939	OSTU	Omsk State Technical University, Russia
RU	Russia		A04940	PSTU	Perm State Technical University, Russia
RU	Russia		A04941	Rostov Sthrn Fed U	Rostov Southern Federal University, Russia
RU	Russia	A04941	A04942	Inst Phy	Rostov Southern Federal University, Institute of Physics
RU	Russia		A04943	Vavilov St Opt Inst	Vavilov State Optics Institute, Russia
RU	Russia		A04944	Syktyvkar For Inst	Syktyvkar Forest Institute, Russia
DE	Germany		A04945	BFAFi	Federal Research Center for Fisheries, Hamburg, Germany
FR	France		A04946	Ecole Cen Marseille	Ecole Centrale de Marseille, France
FR	France	A04946	A05214	Inst Fresnel	Fresnel Institute, Marseille
FR	France		A04948	ENSCPB	Ecole Nationale Superieure de Chimie et de Physique, Bordeaux, France
FR	France		A04949	ISEN Lille	Institut Superieur d'Electronique Numeri, Lille, France
AM	Armenia		A04950	Yerevan St U	Yerevan State University, Armenia
AM	Armenia	A04950	A11452	Garny Sp Ast Inst	Garny Space Astronomy Institute
AM	Armenia	A04950	A06552	CANDLE SRI	CANDLE Synchrotron Research Institute, Armenia
MD	Moldova		A04951	BNRM	National Library of the Republic of Moldova
LT	Lithuania		A04952	VMU	Vytautas Magnus University, Lithuania
CN	China		A04953	Guiyang U	Guiyang University, China
CN	China		A04954	Jing Gangshan U	Jing Gangshan University, China
CN	China		A04955	Jiangsu U Tech	Jiangsu University of Technology, China
KR	South Korea		A04956	Hankyong Natl U	Hankyong National University, Korea
UAE	UAE		A04957	Khalifa U	Khalifa University of Science Technology and Research, UAE
US	United States		A04958	Wesleyan U	Wesleyan University, Connecticut
US	United States	A04958	A11029	Dep Ast	Wesleyan University, Department of Astronomy
ID	Indonesia		A04959	U Sumatera Utara	Universitas Sumatera Utara, Indonesia
ID	Indonesia		A04960	Haluoleo U	Haluoleo University, Indonesia
MN	Mongolia		A04961	NUM	National University of Mongolia
ID	Indonesia		A04962	Sepuluh ITS	Sepuluh Nopember Institute of Technology, Indonesia
ID	Indonesia		A04963	U Negeri Malang	Universitas Negeri Malang, Indonesia
CN	China		A04964	FAAS	Fujian Academy of Agricultural Sciences, China
TZ	Tanzania		A04965	UDSM	University of Dar es Salaam, Tanzania
MA	Morocco		A04966	U Mhd V Agdal	University Mohammed V Agdal, Morocco
NG	Nigeria		A04967	FUTA	Federal University of Technology Akure, Nigeria
NG	Nigeria		A04968	U Benin	University of Benin, Nigeria
CF	Central African Republic		A04969	U Bangui	University of Bangui, Central African Republic
BF	Burkina Faso		A04970	U Ouagadougou	University of Ouagadougou, Burkina Faso
CM	Cameroon		A04971	U Yaounde I	University of Yaounde I, Cameroon
NG	Nigeria		A04972	U Nigeria	University of Nigeria
BI	Burundi		A04973	U Burundi	University of Burundi
BJ	Benin		A04974	UAC Benin	University of Abomey-Calavi, Benin
MA	Morocco		A04975	U Cadi Ayyad	University Cadi Ayyad, Morocco
DZ	Algeria		A04976	U Oran	University of Oran, Algeria
ER	Eritrea		A04977	U Asmara	University of Asmara, Eritrea
KE	Kenya		A04978	Moi U	Moi University, Kenya
KE	Kenya		A04979	U Nairobi	University of Nairobi, Kenya
KE	Kenya		A04980	Kenyatta U	Kenyatta University, Kenya
MA	Morocco		A04981	U Sidi Ben Abdellah	University Sidi Mhd Ben Abdellah, Morocco
NG	Nigeria		A04982	RSUST	Rivers State University of Science and Technology, Nigeria
NG	Nigeria		A04983	U Uyo	University of Uyo, Nigeria
SY	Syria		A04984	Damascus U	Damascus University, Syria
UG	Uganda		A04985	Mbarara UST	Mbarara University of Science and Technology, Uganda
ZM	Zambia		A04986	U Zambia	University of Zambia
ZW	Zimbabwe		A04987	NUST Zimbabwe	National University of Science and Technology, Zimbabwe
NG	Nigeria		A04988	U Ilorin	University of Ilorin, Nigeria
MA	Morocco		A04989	Ibn Tofail U	Ibn Tofail University, Morocco
IQ	Iraq		A04990	U Baghdad	University of Baghdad, Iraq
YE	Yemen		A04991	Sanaa U	Sanaa University, Yemen
IR	Iran		A04992	IIEES	International Institute of Earthquake Engineering and Seismology, Iran
IR	Iran		A04993	KN Toosi U	KN Toosi University, Iran
IR	Iran		A04994	Malek Ashtar U Tech	Malek Ashtar University of Technology, Iran
EG	Egypt		A04995	MTI	Modern University for Technology and Information, Egypt
UA	Ukraine		A04996	KNU	Kiev Shevchenko National University, Ukraine
UA	Ukraine	A04996	A05012	Main Ast Obs	Main Astronomical Observatory, Kiev
UA	Ukraine	A04996	A11445	Dep Phy Ast	Shevchenko National University, Department of Physics and Astronomy
UA	Ukraine		A04998	NASU	National Academy of Sciences of Ukraine
UA	Ukraine	A04998	A04999	IPE	NASU, Institute for Physics and Engineering, Donetsk
UA	Ukraine	A04998	A05000	ICMP	NASU, Institute for Condensed Matter Physics, Lviv
UA	Ukraine	A04998	A05001	IRPE	NASU, Institute of Radiophysics and Electronics, Kharkiv
UA	Ukraine	A04998	A05002	ILTPE	NASU, Institute of Low Temperature Physics and Engineering, Kharkiv
UA	Ukraine	A04998	A05003	KIPT	NASU, Institute of Physics and Technology, Kharkiv
UA	Ukraine	A04998	A05004	IEP	NASU, Institute of Electron Physics, Uzhgorod
UA	Ukraine	A04998	A05005	IRA	NASU, Institute of Radio Astronomy, Kharkiv
UA	Ukraine	A04998	A05006	INR	NASU, Institute for Nuclear Research, Kiev
UA	Ukraine	A04998	A05007	SRI	NASU, Dnepropetrovsk Scientific Research Institute
UA	Ukraine	A04998	A05008	Crimean Ast Obs	Crimean Astrophysical Observatory
UA	Ukraine	A04998	A05009	Inst Bot	NASU, Institute of Botany, Kiev
UA	Ukraine	A04998	A05010	IGP	NASU, Institute of Geophysics, Kiev
UA	Ukraine	A04998	A05011	Inst Mag	NASU, Institute of Magnetism, Kiev
UA	Ukraine	A04998	A05012	Main Ast Obs	Main Astronomical Observatory, Kiev
UA	Ukraine	A04998	A05013	ITP	NASU, Institute for Theoretical Physics, Kiev
UA	Ukraine	A04998	A05014	IAPMMN	NASU, Institute for Applied Problems in Mechanics and Mathematics, Lviv
UA	Ukraine	A04998	A05015	NMNH Kiev	Ukrainian National Museum of Natural History, Kiev
UA	Ukraine	A04998	A11442	Ast Obs Odessa	Astronomical Observatory of Odessa
UA	Ukraine	A04998	A11443	SRI Lviv	NASU, Space Research Institute, Lviv
RU	Russia		A05016	Karpov Inst Phy Chem	Karpov Institute of Physical Chemistry, Russia
RU	Russia		A05017	Roshydromet	Russian Center for Hydrometeorology and Environmental Monitoring
RU	Russia	A05017	A06801	IGCE	Institute of Global Climate and Ecology, Russia
RU	Russia		A05018	AAI	Arctic and Antarctic Research Center, Russia
EE	Estonia		A05019	Estonian Ac Sci	Estonian Academy of Sciences
EE	Estonia	A05019	A11467	Tartu Obs	Tartu Observatory
MD	Moldova		A05020	Moldova St U	Moldova State University, Chisinau, Moldova
MD	Moldova	A05020	A11459	Ast Obs	Moldova State University, Astronomical Observatory
PL	Poland		A05021	TU Lublin	Technical University of Lublin, Poland
PL	Poland		A05022	Ped U Krakow	Pedagogical University of Krakow, Poland
AT	Austria		A05023	Austrian Arch Inst	Austrian Archaeological Institute
AU	Australia		A05024	DSTO Melbourne	Defence Science and Technology Organisation, Melbourne
PT	Portugal		A05025	LIP	Laboratorio de Instrumentacao e Fisica Experimental de Particulas, Lisbon, Portugal
PT	Portugal		A05026	Poly Inst Coimbra	Polytechnic Institute of Coimbra, Portugal
PT	Portugal		A05027	INESC	Institute for Systems Engineering and Computers, Portugal
GR	Greece		A05028	TEI Piraeus	Technical Educational Institute of Piraeus, Greece
GR	Greece		A05029	TEI Ionian Islands	Technical Educational Institute of the Ionian Islands, Greece
GR	Greece		A05030	NCMR	Hellenic Center for Marine Research, Greece
GR	Greece		A05031	TEI Cnt Greece	Technical Educational Institute of Central Greece
GR	Greece		A05032	TEI Crete	Technical Educational Institute of Crete, Greece
GR	Greece		A05034	U W Macedonia	University of Western Macedonia
AL	Albania		A05035	Albanian Ac Sci	Albanian Academy of Sciences
AL	Albania		A05036	TU Tirana	Technical University of Tirana, Albania
BA	Bosnia & Herzegovina		A05037	U Sarajevo	University of Sarajevo, Bosnia Herzegovina
BG	Bulgaria		A05038	UACEG	University of Architecture Civil Engineering and Geodesy, Sofia, Bulgaria
RS	Serbia		A05039	U Nis	University of Nis, Serbia
GE	Georgia		A05040	Georgian NAS	Georgian National Academy of Sciences
GE	Georgia	A05040	A05041	Inst Phy	Georgian National Academy of Sciences, Institute of Physics
GE	Georgia	A05040	A05043	Inst Geop	Georgian National Academy of Sciences, Institute of Geophysics
GE	Georgia	A05040	A05229	Abast Ast Obs	Abastumani Astrophysical Observatory
GE	Georgia		A05044	Tbilisi St U	Tbilisi State University, Georgia
GE	Georgia	A05044	A05045	Inst Phy	Tbilisi State University, Institute of Physics
IS	Iceland		A05046	IMO Iceland	Iceland Meteorological Office
KZ	Kazakhstan		A05047	ENU	Eurasian State National University, Kazakhstan
LT	Lithuania		A05048	VGTU	Vilnius Gediminas Technical University, Lithuania
LV	Latvia		A05049	VUC	Ventspils University College, Latvia
LV	Latvia	A05049	A05050	IRAC	Ventspils International Radio Astronomy Center
MD	Moldova		A05051	Moldova Ped U	Moldova Pedagogical University
RU	Russia		A05052	TSPU	Tomsk State Pedagogical University, Russia
UA	Ukraine		A05053	Lviv Franko Natl U	Lviv Franko National University, Ukraine
UA	Ukraine	A05053	A11446	Dep Phy Ast	Lviv Franko National University, Department of Physics and Astronomy
UA	Ukraine		A05054	Odessa Natl U	Odessa Mechnikov National University, Ukraine
UA	Ukraine	A05054	A11442	Ast Obs Odessa	Astronomical Observatory of Odessa
BY	Belarus		A05055	BelSTU	Belarus State Technical University
RO	Romania		A05056	UAIC	Alexander Ioan Cuza University of Iasi, Romania
RO	Romania		A05057	UTC-N	Technical University of Cluj Napoca, Romania
RO	Romania		A05058	UOC	University of Constanta, Romania
RO	Romania		A05059	U Galati	Dunarea de Jos University of Galati, Romania
CU	Cuba		A05060	UCLV	University Marta Abreu of Las Villas, Cuba
CU	Cuba		A05061	U Camaguey	University of Camaguey, Cuba
CU	Cuba		A05062	UCF	Carlos Rafael Rodriguez University of Cienfuegos, Cuba
CU	Cuba		A05063	U Granma	University of Granma, Cuba
CU	Cuba		A05064	U Havana	University of Havana, Cuba
PE	Peru		A05065	U Piura	University of Piura, Peru
CN	China		A05066	China U Geos	China University of Geosciences, Beijing
PE	Peru		A05067	Natl U Eng	National University of Engineering, Peru
CA	Canada		A05068	Alberta Res Cncl	Alberta Research Council, Canada
RU	Russia		A05069	Astrakhan St U	Astrakhan State University, Russia
CA	Canada		A05070	Fanshawe Coll	Fanshawe College, Canada
CA	Canada		A05071	NSERC	National Sciences and Engineering Research Council, Canada
CA	Canada	A05071	A05072	CITA	Canadian Institute for Theoretical Astrophysics
EE	Estonia		A05073	NICPB	National Institute of Chemical Physics and Biophysics, Estonia
FR	France		A05074	Intl Space U	International Space University, France
DK	Denmark		A05075	Geo Surv DK	Geological Survey of Denmark and Greenland
NO	Norway		A05076	MET Norway	Norwegian Meteorological Institute
IR	Iran		A05077	VRU	Vali Asr University of Rafsanjan, Iran
IR	Iran		A05078	Sahand U Tech	Sahand University of Technology, Iran
MX	Mexico		A05079	CONACYT Mex	National Council for Science and Technology, Mexico
MX	Mexico	A05079	A05080	CIO	Center for Research in Optics, Mexico
MX	Mexico	A05079	A05081	INAOE	National Institute of Astrophysics, Optics and Electronics, Mexico
MX	Mexico	A05079	A05082	CICY	Center of Scientific Research of Yucatan, Mexico
MX	Mexico	A05079	A05083	CICESE	Ensenada Center for Research and Higher Education
US	United States		A05084	Houston Adv Res Ctr	Houston Advanced Research Center, Texas
IN	India		A05085	Jahangirnagar U	Jahangirnagar University, Bangladesh, India
BR	Brazil		A05086	UEA	State University of Amazonas, Brazil
JP	Japan		A05087	NIT Toyama Coll	National Institute of Technology, Toyama College, Japan
JP	Japan		A05088	NIT Numazu Coll	National Institute of Technology, Numazu College, Japan
JP	Japan		A05089	NIT Yonago Coll	National Institute of Technology, Yonago College, Japan
IR	Iran		A05090	Urmia U	Urmia University, Iran
NI	Nicaragua		A05091	UNAN	National Autonomous University of Nicaragua
US	United States		A05092	NYAS	New York Academy of Sciences
MA	Morocco		A05093	AM Essaadi U	Abdelmalek Essaadi University, Morocco
IL	Israel		A05094	Golan Res Inst	Golan Research Institute, Israel
AU	Australia		A05095	RAAF	Royal Australian Air Force
CN	China		A05096	Shaanxi U Tech	Shaanxi University of Technology, China
CN	China		A05097	Shangqiu Norm U	Shangqiu Normal University, China
CN	China		A05098	TYUST	Taiyuan University of Science and Technology, China
CN	China		A05099	CAAA	China Academy of Aerospace Aerodynamics
CN	China		A05100	Henan Inst Eng	Henan Institute of Engineering, China
CN	China		A05101	ZZULI	Zhengzhou University of Light Industry, China
CN	China		A05102	Chuzhou U	Chuzhou University, China
CN	China		A05103	Shanxi Datong U	Shanxi Datong University, China
CN	China		A05104	Hubei U Educ	Hubei University of Education, China
CN	China		A05105	Hunan Inst Tech	Hunan Institute of Technology, China
CN	China		A05106	Nanjing Inst Tech	Nanjing Institute of Technology, China
CN	China		A05108	QNU	Quanzhou Normal University, China
VN	Vietnam		A05109	HUST	Hanoi University of Science and Technology, Vietnam
CN	China		A05110	Guangdong Dep Educ	Guangdong Province Department of Education, China
CN	China		A05111	XAUST	Xian University of Science and Technology, China
CN	China		A05113	XYNU	Xinyang Normal University, China
CN	China		A05114	SUCT	Shenyang University of Chemical Technology, China
CN	China		A05115	HUHST	Hunan University of Humanities Science and Technology, China
CN	China		A05116	NIN China	Northwest Institute for Non-Ferrous Metal Research, China
AT	Austria		A05117	ZAMG	Central Institute for Meteorology and Geodynamics, Austria
CH	Switzerland		A05118	WRC Davos	World Radiation Center, Davos, Switzerland
BD	Bangladesh		A05119	East West U	East West University, Bangladesh
IS	Iceland		A05120	NLSI	Iceland National Land Survey
KE	Kenya		A05121	JKUAT	Jomo Kenyatta University of Agriculture and Technology, Kenya
KZ	Kazakhstan		A05122	Kazakh NAS	Kazakhstan National Academy of Sciences
KZ	Kazakhstan	A05122	A11454	Ast Inst	Kazakhstan National Academy of Sciences, Astrophysical Institute
MN	Mongolia		A05123	Mongolian Ac Sci	Mongolian Academy of Sciences
MY	Malaysia		A05124	U Malaysia Perlis	University Malaysia Perlis
PG	Papua New Guinea		A05125	UPNG	University of Papua New Guinea
SI	Slovenia		A05126	U Nova Gorica	University of Nova Gorica, Slovenia
BR	Brazil		A05127	IFPB	Federal Institute of Education Science and Technology, Paraiba, Brazil
BR	Brazil		A05128	IPEN Brazil	Energy and Nuclear Research Institute, Brazil
BR	Brazil		A05129	CEFET MT	Federal Center of Technological Education, Mato Grosso, Brazil
BR	Brazil		A05130	CEFET PE	Federal Center of Technological Education, Pernambuco, Brazil
BR	Brazil		A05131	CEFET SP	Federal Center of Technological Education, Sao Paulo, Brazil
BR	Brazil		A05132	CEFET GO	Federal Center of Technological Education, Goias, Brazil
BR	Brazil		A05133	CEFET CE	Federal Center of Technological Education, Ceara, Brazil
BR	Brazil		A05134	UFPA	Federal University of Para, Brazil
IN	India		A05135	Christ U Bangalore	Christ University, Bangalore
IN	India		A05136	ARCI	Advanced Research Center for Powder Metallurgy and New Materials, Hydrabad, India
IN	India		A05137	NITK	National Institute of Technology Karnataka, India
KR	South Korea		A05138	METRI KMA	Korea Meteorological Administration
JP	Japan		A05139	Tokyo City U	Tokyo City University, Japan
JP	Japan	A05139	A05140	Musashi Inst Tech	Musashi Institute of Technology, Tokyo
AR	Argentina		A05142	CIC Arg	Commission of Scientific Research, Argentina
AR	Argentina	A05142	A05143	CIOp	Center of Optical Research, Argentina
ES	Spain		A05144	AEMET	Spanish State Meteorological Agency
CO	Colombia		A05145	INVEMAR	Instituto de Investigaciones Marinas y Costeras, Colombia
DE	Germany		A05146	Hoch Mannheim	Hochschule Mannheim, Germany
DE	Germany		A05147	LZH	Laser Center, Hannover, Germany
EG	Egypt		A05148	Brit U Egypt	British University in Egypt
MX	Mexico		A05149	INE	Instituto Nacional de Ecologia, Mexico
CY	Cyprus		A05150	U Nicosia	University of Nicosia, Cyprus
IT	Italy		A05151	IIT Genoa	Italian Institute of Technology, Genoa
CD	Democratic Republic of Congo		A05152	U Lubumbashi	University of Lubumbashi, Democratic Republic of Congo
PE	Peru		A05153	UNSA	National University of Saint Augustine, Peru
IN	India		A05154	SGSITS	Shri Govindram Seksaria Institute of Technology and Science, India
IN	India		A05155	Bhilai Inst Tech	Bhilai Institute of Technology, India
DE	Germany		A05156	SAW Leipzig	German Academy of Sciences, Leipzig
TR	Turkey		A05157	Bilecik U	Bilecik University, Turkey
CY	Cyprus		A05158	Cyprus U Tech	Cyprus University of Technology
PL	Poland		A05159	Maritime U Szczecin	Maritime University of Szczecin, Poland
CH	Switzerland		A05160	CSEM	Centre Suisse d'Electronique et de Microtechnique
IN	India		A05161	Gurukula Kangri U	Gurukula Kangri University, India
IR	Iran		A05162	Gorgan U	Gorgan University, Iran
SA	Saudi Arabia		A05163	Taibah U	Taibah University, Saudi Arabia
KR	South Korea		A05164	Korea NST	Korea Research Council of Fundamental Science and Technology
KR	South Korea	A05164	A05165	KOPRI	Korea Polar Research Institute
KR	South Korea	A05164	A05166	NFRI	National Fusion Research Institute, Korea
KR	South Korea	A05164	A05167	KARI	Korea Aerospace Research Institute
KR	South Korea	A05164	A05168	KASSI	Korea Astronomy and Space Science Institute
KR	South Korea	A05164	A05169	KIST	Korea Institute of Science and Technology Information
KR	South Korea	A05164	A05170	KIOST	Korea Institute of Ocean Science and Technology
KR	South Korea	A05164	A05171	KBSI	Korea Basic Science Institute
KR	South Korea	A05164	A05172	KAERI	Korea Atomic Energy Research Institute
KR	South Korea	A05164	A05173	KRISS	Korea Research Institute of Standards and Science
US	United States	A05164	A06468	EAO	East Asian Observatory, Hawaii
UA	Ukraine		A05174	DNTU	Donetsk National Technical University, Ukraine
TN	Tunisia		A05175	INSTM	National Institute of Marine Sciences and Technologies, Tunisia
CN	China		A05176	China Seis Bur	China Seismological Bureau
TW	Taiwan		A05177	NSPO Taiwan	National Space Program Office, Taiwan
CN	China		A05178	S China Norm U	South China Normal University
DZ	Algeria		A05179	Mouloud Mammeri U	Mouloud Mammeri University of Tizi Ouzou, Algeria
RO	Romania		A05180	NIEP	National Institute of Earth Physics, Bucharest, Romania
PK	Pakistan		A05181	Islamia Coll	Islamia College, Peshawar, Pakistan
NA	Namibia		A05182	Geo Surv NA	Geological Survey of Namibia
IN	India		A05183	IISER Punjab	Indian Institute of Science Education, Punjab
AZ	Azerbaijan		A05184	Azerb NAS	Azerbaijan National Academy of Sciences
AZ	Azerbaijan	A05184	A05185	Inst Phy	Azerbaijan National Academy of Sciences, Institute of Physics
AZ	Azerbaijan	A05184	A11455	Shemakhy Obs	Azerbaijan National Academy of Sciences, Shemakhy Observatory
IN	India		A05186	NARL India	National Atmospheric Research Laboratory, India
IN	India		A05187	NCAOR	National Centre for Antarctic and Ocean Research, India
RO	Romania		A05188	TU Timisoara	Technical University of Timisoara, Romania
DZ	Algeria		A05190	UBMA	University Badji Mokhtar Annaba, Algeria
DZ	Algeria		A05191	U Djillali Liabes	Universite Djillali Liabes, Algeria
CA	Canada		A05192	Quest U	Quest University, Canada
CA	Canada		A05193	Alberta Geo Surv	Alberta Geological Survey, Canada
IR	Iran		A05194	U Guilan	University of Guilan, Iran
IR	Iran		A05195	Azerbaijan U	Azerbaijan Shahid Madani University, Tabriz, Iran
IR	Iran		A05196	Noor U	Noor University, Iran
IR	Iran		A05197	Arak U	Arak University, Iran
MY	Malaysia		A05198	UCSI	University College Sedaya International, Malaysia
MY	Malaysia	A05198	A05199	Terengganu	USCI Terengganu Kuala, Malaysia
NG	Nigeria		A05200	ESUT	Enugu State University of Science and Technology, Nigeria
PE	Peru		A05201	Natl U Callao	National University of Callao, Peru
IN	India		A05202	Lovely Prof U	Lovely Professional University, India
MX	Mexico		A05203	Poly U Pachuca	Polytechnical University of Pachuca, Mexico
SA	Saudi Arabia		A05204	KAUST	King Abdullah University of Science and Technology, Saudi Arabia
RS	Serbia		A05205	U Kragujevcu	University of Kragujevcu, Serbia
ET	Ethiopia		A05206	Bahir Dar U	Bahir Dar University, Ethiopia
ET	Ethiopia		A05207	Mekelle U	Mekelle University, Ethiopia
ET	Ethiopia		A05208	Hawassa U	Hawassa University, Ethiopia
GH	Ghana		A05209	Kumasi UST	Kumasi University of Science and Technology, Ghana
AL	Albania		A05210	U Tirana	University of Tirana, Albania
FR	France		A05211	Aix-Marseille U	Aix-Marseille Universite, France
FR	France	A05211	A05212	CPPM	Center for Particle Physics, Marseille
FR	France	A05211	A05213	IUSTI	Institut Universitaire des Systemes Thermiques Industriels
FR	France	A05211	A05214	Inst Fresnel	Fresnel Institute, Marseille
FR	France	A05211	A05215	LPCE	Laboratoire de Physique et de Chimie de l'Environnement
FR	France	A05211	A05216	Dep Phy	Aix-Marseille Universite, Departement de Physique
FR	France	A05211	A05217	CEREGE	Centre Europeen de Recherche et d'Enseignement des Geosciences de l'Environnement
FR	France	A05211	A05218	Ctr Ocgy Marseille	Centre d'Oceanologie de Marseille
FR	France	A05211	A05219	Inst Math Marseille	Institut de Mathematiques de Marseille
FR	France	A05211	A05220	OHP	Observatoire de Haute Provence
FR	France	A05211	A05221	OAMP	Observatoire Astronomique de Marseille Provence
FR	France	A05211	A05222	Lab d'Astrop	Aix-Marseille Universite, Laboratoire d'Astrophysique
FR	France	A05211	A05223	CPT	Center for Theoretical Physics, Marseille
FR	France	A05211	A11259	II	Aix-Marseille Universite II
FR	France	A05211	A11260	III Paul Cezanne	Aix-Marseille Universite III, Paul Cezanne
CL	Chile		A05224	Ac Poli Mil	Academia Politecnica Militar, Santiago, Chile
FR	France		A05225	IEMN Lille	Institut d'Electronique de Microelectronique et de Nanotechnologie, Lille, France
KR	South Korea		A05226	KITECH	Korea Institute of Industrial Technology
KR	South Korea		A05227	UNIST	Ulsan National Institute of Science and Technology, Korea
GE	Georgia		A05228	Ilia St U	Ilia State University, Georgia
GE	Georgia	A05228	A05229	Abast Ast Obs	Abastumani Astrophysical Observatory
FR	France		A05230	U Lyon	Universite de Lyon, France
FR	France	A05230	A05231	CRAL Obs Lyon	Observatoire de Lyon, Centre Recherche Astrophysique de Lyon
FR	France	A05230	A05232	LGLTPE	Laboratoire de Geologie de Lyon, Terre, Planetes et Environnement
FR	France	A05230	A05233	LPMCN	Laboratoire de Physique de la Matiere Condensee et Nanostructures, Lyon
FR	France	A05230	A05234	U Lumiere Lyon II	Universite Lumiere Lyon II
FR	France	A05230	A05235	Jean Moulin U	Jean Moulin University, Lyon III
FR	France	A05230	A05236	I Claude Bernard	Universite Lyon I Claude Bernard
FR	France	A05230	A05237	IPNL	Institut de Physique Nucleaire de Lyon
FR	France	A05230	A06370	ILM	Institut Lumiere Matiere de Lyon
FR	France	A05230	A06371	INL	Institut des Nanotechnologies de Lyon
FR	France	A05230	A06372	LASIM	Laboratoire de Spectrometrie Ionique et Moleculaire, Lyon
FR	France		A05238	U Grenoble Alpes	Universite de Grenoble Alpes
FR	France	A05238	A05239	LTHE	Laboratory for the Study of Transfers in Hydrology and Environment, Grenoble
FR	France	A05238	A05240	IPAG	Institute de Planetologie et d'Astrophysique de Grenoble
FR	France	A05238	A05242	U Stendhal III	Universite Stendhal Grenoble III
FR	France	A05238	A05243	U Grenoble II	Universite Pierre Mendes-France Grenoble II
FR	France	A05238	A05244	ISTerre	Institute of Earth Sciences, Grenoble
FR	France	A05238	A05245	LEGI	Laboratoire des Ecoulements Geophysiques et Industriels, Grenoble
FR	France	A05238	A06132	LNCMI-G	National Laboratory of Intense Magnetic Fields, Grenoble
FR	France	A05238	A06793	LETI	CEA Laboratoire d'Electronique des Technologies de l'Information
FR	France		A05246	IPL	Institut Polytechnique de Lyon, France
BR	Brazil		A05247	CTA Braz	Brazilian General Command for Aerospace Technology
BR	Brazil	A05247	A05248	IEA	Institute of Advanced Studies, Brazil
BR	Brazil	A05247	A05249	ITA	Instituto Tecnologico de Aeronautica, Centro Tecnico Aeroespacial
JP	Japan		A05250	NMIRI	Nagoya Municipal Industrial Research Institute, Japan
JP	Japan		A05251	Tokyo Elec	Tokyo Electron Corporation, Japan
RU	Russia		A05252	ITEP	Alikhanov Institute for Theoretical and Experimental Physics, Russia
RU	Russia		A05253	KSPU	Kazan State Pedagogical University, Russia
RU	Russia		A05254	VNIIM	Mendeleev Scientific and Research Institute for Metrology, Russia
RU	Russia		A05255	TsAGI	Central Aerohydrodynamic Institute, Moscow, Russia
FR	France		A05256	U Lorraine	Universite de Lorraine, France
FR	France	A05256	A05257	ENS Geo	Universite de Lorraine, Ecole Nationale Superieure de Geology
FR	France	A05256	A05258	LMOPS	Laboratoire Materiaux Optiques Photonique et Systemes, Metz
FR	France	A05256	A05259	CNRS Nancy	Institut Jean Lamour, Nancy
FR	France	A05256	A05260	U Paul Verlaine	Universite Paul Verlaine, Metz
FR	France	A05256	A05261	GeoResources	GeoResources, Centre de Recherches Petrographiques et Geochimiques
FR	France	A05256	A05262	ENSIC	Ecole Nationale Superieure des Industries Chimiques, Nancy
FR	France	A05256	A05263	ENSM Nancy	Ecole Nationale Superieure des Mines de Nancy
UA	Ukraine		A05264	NAU KhAI	National Aerospace University, Kharkiv, Ukraine
IT	Italy		A05265	CMCC	Euro-Mediterranean Center for Climate Change
CN	China		A05266	NCHU China	Nanchang Hangkong University, China
KR	South Korea		A05267	KIER	Korea Institute of Energy and Resources
KR	South Korea		A05268	Chinju Natl U Ed	Chinju National University of Education, Korea
US	United States		A05269	Westinghouse	Westinghouse Electric Company LLC
CN	China		A05270	St Bur Surv Map	State Bureau of Surveying and Mapping, China
IR	Iran		A05271	Kharazmi U	Kharazmi University, Tehran, Iran
TJ	Tajikistan		A05272	Tajik NAS	Tajik National Academy of Sciences
TJ	Tajikistan	A05272	A11456	Inst Astrop	Tajik NAS, Institute of Astrophysics
RU	Russia		A05273	VNIINM	Bochvar Scientific Research Institute of Non-Organic Materials, Moscow, Russia
RU	Russia		A05274	VNIIOFI	All-Russia Scientific Institute for Optics and Physical Measurements, Moscow, Russia
RU	Russia		A05276	Roscosmos	Russian Aviation and Space Agency
RU	Russia	A05276	A05277	RISDE	Russian Institute of Space Device Engineering
RU	Russia	A05276	A05278	KBSM	Central Design Bureau of Machine Building
CA	Canada		A05279	CIFAR	Canadian Institute for Advanced Research
QA	Qatar		A05280	TX A&M Qatar	Texas A&M University, Qatar
ID	Indonesia		A05281	Airlangga U	Airlangga University, Indonesia
ID	Indonesia		A05282	Sebelas Maret U	Sebelas Maret University, Indonesia
AR	Argentina		A05283	UNRN	National University of Rio Negro, Argentina
MX	Mexico		A05284	Tech Inst Ensenada	Technical Institute of Ensenada, Mexico
MX	Mexico		A05285	Tech Inst Saltillo	Technical Institute of Saltillo, Mexico
DE	Germany		A05286	KIT	Karlsruhe Institute of Technology, Germany
DE	Germany	A05286	A05287	Dep Phy	Karlsruhe Institute of Technology, Department of Physics
DE	Germany	A05286	A05288	Inst Geod	Karlsruhe Institute of Technology, Institute for Geodesy
DE	Germany	A05286	A05289	Inst Nano	Karlsruhe Institute of Technology, Institute for Nanotechnology
DE	Germany	A05286	A05290	Inst Geop	Karlsruhe Institute of Technology, Institute for Geophysics
DE	Germany	A05286	A11501	Black Forest Obs	Black Forest Observatory
DE	Germany	A05286	A11502	Inst Met Cli	Karlsruhe Institute of Technology, Institute for Meteorology and Climatology
DE	Germany	A05286	A11503	Inst Exp Nuc Phy	Karlsruhe Institute of Technology, Institute for Experimental Nuclear Physics
NO	Norway		A05291	IMR Bergen	Institute of Marine Research, Bergen, Norway
NO	Norway	A05291	A06720	BCCR	Bjerknes Centre for Climate Research
GB	United Kingdom		A05292	SUERC	Scottish Universities Environmental Research Centre
GB	United Kingdom		A05293	WIMCS	Wales Institute of Mathematical and Computational Sciences
CN	China		A05294	Kunming U	Kunming University, China
CL	Chile		A05295	TU Chile	Technical University of Chile
CN	China		A05296	Sichuan U Arts Sci	Sichuan University of Arts and Science, China
BR	Brazil		A05297	UFCG	Federal University of Campina Grande, Brazil
GR	Greece		A05298	Hellenic Air Force	Hellenic Air Force, Greece
KR	South Korea		A05299	Kyungwon U	Kyungwon University, Korea
TR	Turkey		A05300	Sinop U	Sinop University, Turkey
SA	Saudi Arabia		A05301	Najran U	Najran University, Saudi Arabia
SA	Saudi Arabia		A05302	Nrthn Border U	Northern Border University, Saudi Arabia
EG	Egypt		A05303	Fayoum U	Fayoum University, Egypt
EG	Egypt		A05304	Beni Suef U	Beni Suef University, Egypt
HR	Croatia		A05305	IZOR	Institute for Oceanography and Fisheries, Split, Croatia
HR	Croatia		A05306	HR Geo Surv	Croatian Geological Survey
KR	South Korea		A05307	Youngdong U	Youngdong University, Korea
TR	Turkey		A05308	Adiyaman U	Adiyaman University, Turkey
TR	Turkey		A05309	Bingol U	Bingol University, Turkey
TR	Turkey		A05310	Erzincan U	Erzincan University, Turkey
FI	Finland		A05311	U Estrn Finland	University of Eastern Finland
FI	Finland	A05311	A06224	Kuopio	University of Eastern Finland, Kuopio
FI	Finland	A05311	A06225	Joensuu	University of Eastern Finland, Joensuu
US	United States		A05312	SETI Inst	SETI Institute, California
AT	Austria		A05313	EASA	European Academy of Sciences and Arts
DE	Germany	A05313	A05314	IASS	Institute for Advanced Sustainability Studies, Potsdam
BR	Brazil		A05315	CEFET ES	Federal Center of Technological Education, Espirito Santo, Brazil
RU	Russia		A05316	Herzen Ped U	Herzen Pedagogical University, Russia
US	United States		A05317	NM MNHS	New Mexico Museum of Natural History and Science
AU	Australia		A05318	Natl ICT Austr	National ICT Australia
CV	Cabo Verde		A05319	U Cape Verde	University of Cape Verde
AT	Austria		A05320	Fed Res Ctr For	Federal Research Centre for Forests, Innsbruck, Austria
CA	Canada		A05321	PITP	Perimeter Institute for Theoretical Physics, Canada
US	United States		A05322	KMS Fusion	KMS Fusion Inc., Michigan
BG	Bulgaria		A05323	TU Sofia	Technical University of Sofia, Bulgaria
DZ	Algeria		A05324	U Tlemcen	Abou Bekr Belkaid University Tlemcen, Algeria
FR	France		A05325	ESIEE Paris	Ecole Superieure d'Ingenieurs en Electrotechnique et Electronique Management, Paris, France
FI	Finland		A05326	Aalto U	Aalto University, Finland
FI	Finland	A05326	A05327	Dep Elec Eng	Aalto University, Department of Electrical Engineering
FI	Finland	A05326	A05328	Dep Rad Sci Eng	Aalto University, Department of Radio Science and Engineering
FI	Finland	A05326	A05329	Metsahovi Rad Obs	Aalto University, Metsahovi Radio Observatory
FI	Finland	A05326	A05497	HIIT	Helsinki Institute for Information Technology, Finland
TR	Turkey		A05331	Cankiri Karatekin U	Cankiri Karatekin University, Turkey
ID	Indonesia		A05332	Syiah Kuala U	Syiah Kuala University, Indonesia
ID	Indonesia		A05333	Indonesia U Educ	Indonesia University of Education
TR	Turkey		A05334	Rize U	Recep Tayyip Erdogan University, Turkey
BR	Brazil		A05335	Cen City U RJ	Central City University of Rio de Janeiro, Brazil
CN	China		A05336	JXSTNU	Jiangxi Science and Technology Normal University, China
CN	China		A05337	Nanchang Inst Tech	Nanchang Institute of Technology, China
CN	China		A05338	Suzhou Tchr Coll	Suzhou Teachers College, China
CN	China		A05339	Henan Inst Sci Tech	Henan Institute of Science and Technology, China
CO	Colombia		A05340	Eng Sch Antioquia	Engineering School of Antioquia, Colombia
MX	Mexico		A05341	CIDESI	Center for Research and Developing Technology, Mexico
MX	Mexico		A05342	ITTG	Instituto Tecnologico de Tuxtla Gutierrez, Mexico
MX	Mexico		A05343	Poly U Baja Cal	Polytechnic University of Baja California, Mexico
IR	Iran		A05344	Zanjan U	Zanjan University, Iran
IR	Iran		A05345	Tafresh U	Tafresh University, Iran
IR	Iran		A05346	Yasouj U	Yasouj University, Iran
IR	Iran		A05347	Mohaghegh Ardabili U	Mohaghegh Ardabili University, Iran
IR	Iran		A05348	Hakim Sabzevari U	Hakim Sabzevari University, Iran
IR	Iran		A05349	U Qom	University of Qom, Iran
KG	Kyrgyzstan		A05350	Kyrgyzstan NAS	Kyrgyzstan National Academy of Sciences
KG	Kyrgyzstan		A05351	Kyrgyz-Russ Slav U	Kyrgyz-Russian Slavic University
KG	Kyrgyzstan		A05352	Kyrgyz St Tech U	Kyrgyz State Technical University
ID	Indonesia		A05353	U Islam Jakarta	Universitas Islam Jakarta, Indonesia
KE	Kenya		A05354	TU Kenya	Technical University of Kenya
BG	Bulgaria		A05355	U Shumen	University of Shumen, Bulgaria
BG	Bulgaria		A05356	SW U Neofit Rilski	South West University Neofit Rilski, Bulgaria
KZ	Kazakhstan		A05357	SKSU	South Kazakhstan State University
KZ	Kazakhstan		A05358	KBTU	Kazakhstan British Technical University, Almaty
BR	Brazil		A05359	UFRB	Federal University of Reconcavo, Brazil
BA	Bosnia & Herzegovina		A05360	U Banja Luka	University of Banja Luka, Bosnia
BY	Belarus		A05361	BSUIR	Belarusian State University of Informatics and Radioelectronics
GE	Georgia		A05362	FU Georgia	Free University of Georgia, Georgia
GE	Georgia		A05363	TU Georgia	Technical University of Georgia, Georgia
GE	Georgia		A05364	UGA Tbilisi	University of Georgia, Tbilisi, Georgia
LV	Latvia		A05365	Latvian Ac Sci	Latvian Academy of Sciences
LV	Latvia	A05365	A11449	Ventspils IRAC	Ventspils International Radio Astronomy Center
NG	Nigeria		A05366	Chukwuemeka Odumegwu Ojukwu U	Chukwuemeka Odumegwu Ojukwu University, Nigeria
PE	Peru		A05367	Geop Inst Peru	Geophysical Institute of Peru
PE	Peru		A05368	IIAP	Instituto de Investigacion de la Amazonia, Peru
PE	Peru		A05369	CONIDA Peru	National Commission for the Investigation and Development of Space, Peru
DZ	Algeria		A05370	UIK Tiaret	Universite Ibn Khaldoun Tiaret, Algeria
ME	Montenegro		A05371	U Montenegro	University of Montenegro
PY	Paraguay		A05372	Natl U Asuncion	National University of Asuncion, Paraguay
TR	Turkey		A05373	Bitlis Eren U	Bitlis Eren University, Turkey
TR	Turkey		A05374	Kirklareli U	Kirklareli University, Turkey
TR	Turkey		A05375	Ahi Evran U	Ahi Evran University, Turkey
TR	Turkey		A05376	Siirt U	Siirt University, Turkey
UA	Ukraine		A05377	DIIT	Dnipropetrovsk National University of Railway Transport, Ukraine
UA	Ukraine		A05378	Kharkiv Tech U	Kharkiv Technical University, Ukraine
UA	Ukraine		A05379	Kiev Tech U	Kiev Technical University, Ukraine
UA	Ukraine		A05380	Lesya Ukr EENU	Lesya Ukrainka Eastern European National University, Ukraine
UA	Ukraine		A05381	Makarov NUS	Admiral Makarov National University of Shipbuilding, Ukraine
UA	Ukraine		A05382	Simferopol TNU	Simferopol Tavrian National University, Ukraine
RU	Russia		A05383	Tashkent St Ped U	Tashkent State Pedagogical University, Russia
UZ	Uzbekistan		A05384	Uzbekistan NAS	Uzbekistan National Academy of Sciences
UZ	Uzbekistan	A05384	A11457	Ast Inst	Uzbekistan National Academy of Sciences, Astronomical Institute
UZ	Uzbekistan		A05385	Natl U Uzbek	National University of Uzbekistan
TR	Turkey		A05386	Istanbul Aydin U	Istanbul Aydin University, Turkey
IN	India		A05387	IISER Bhopal	Indian Institute of Science Education and Research, Bhopal
US	United States		A05388	U MN Rochester	University of Minnesota, Rochester
BR	Brazil		A05389	INPA	National Institute of Amazonian Research, Brazil
SK	Slovakia		A05390	U Trnava	University of Trnava, Slovakia
IN	India		A05391	NISER	National Institute of Science Education and Research, Bhubaneswar, India
IN	India		A05392	Ind Inst Phy	Indian Institute of Physics, Bhubaneswar
IN	India		A05393	IISER Pune	Indian Institute of Science Education and Research, Pune
IN	India		A05394	IISER TVM	Indian Institute of Science Education, Trivandrum
IN	India		A05395	MNIT Jaipur	Malaviya National Institute of Technology, Jaipur, India
PK	Pakistan		A05396	GSP	Geological Survey of Pakistan
UAE	UAE		A05397	Masdar IST	Masdar Institute of Science and Technology, UAE
EG	Egypt		A05398	LCRSSS	Libyan Center for Remote Sensing and Space Science, Egypt
DZ	Algeria		A05399	U Biskra	University of Biskra, Algeria
RO	Romania		A05400	TU Bucharest	Technical University of Bucharest, Romania
BY	Belarus		A05401	BelGIM	Belarusian State Institute of Metrology
IN	India		A05402	IIST	Indian Institute of Space Science and Technology, Kerala
BR	Brazil		A05403	CPRM	Mineral Resources Research Company, Brazil
ES	Spain		A05404	Basque Found Sci	Basque Foundation for Science, Spain
ES	Spain	A05404	A05405	DIPC	Donostia International Physics Center
VN	Vietnam		A05406	Hanoi U Min Geo	Hanoi University of Mining and Geology, Vietnam
CM	Cameroon		A05407	U Ngaoundere	Universite de Ngaoundere, Cameroon
CG	Republic of Congo		A05408	U Brazzaville	Universite Marien Ngouab, Brazzaville
DZ	Algeria		A05409	CRAAG Algeria	Center of Research in Astronomy Astrophysics and Geophysics, Algeria
RO	Romania		A05410	INFLPR	National Institute for Laser Plasma and Radiation Physics, Bucharest
DZ	Algeria		A05411	ENS Kouba	Ecole Normale Superieure de Kouba, Algeria
VA	Vatican City		A05412	Vatican Obs	Vatican Observatory
JP	Japan		A05413	Fujikura	Fujikura Ltd, Japan
MN	Mongolia		A05414	Mong UST	Mongolian University of Science and Technology
MX	Mexico		A05415	ININ	National Institute of Nuclear Research, Mexico
RU	Russia		A05416	Bashkir St Ped U	Bashkir State Pedagogical University, Russia
TJ	Tajikistan		A05417	Tajik St Natl U	Tajik State National University, Tajikistan
UA	Ukraine		A05418	Dnipro Natl U	Dnipropetrovsk National University, Ukraine
UA	Ukraine		A05419	Natl Auto Hwy U	National Automobile and Highway University, Kharkiv, Ukraine
EG	Egypt		A05420	Egypt Ac Sci	Egyptian Academy of Sciences
IN	India		A05421	IIIT Hyderabad	International Institute of Information Technology Hyderabad, India
MA	Morocco		A05422	MASCIR	Moroccan Foundation for Advance Science Innovation and Research
MA	Morocco		A05423	ENS Rabat	Ecole Normale Superieure Rabat, Morocco
PG	Papua New Guinea		A05424	PNG U Tech	Papua New Guinea University of Technology
CN	China		A05425	Huanghuai U	Huanghuai University, China
IN	India		A05426	CBS Mumbai	Centre for Excellence in Basic Science, Mumbai, India
US	United States		A05427	NWRA	NorthWest Research Associates, Washington
US	United States	A05427	A11148	NWRA Boulder	NorthWest Research Associates, Boulder
ES	Spain		A05428	ITER ES	ITER, Spanish Institute of Technology and Renewable Energies
ES	Spain	A05428	A11294	INVOLCAN	Volcanology Institute of the Canary Islands
BY	Belarus		A05429	Belarus NTU	Belarusian National Technical University
DZ	Algeria		A05430	USTO	University of Science and Technology of Oran Mohamed Boudiaf, Algeria
DZ	Algeria		A05431	UFAS	Ferhat Abbas Setif 1 University, Algeria
PL	Poland		A05432	Wloclawek U Tech	Wloclawek University of Technology, Poland
TH	Thailand		A05433	RMUT	Rajamangala University of Technology Isan, Thailand
SA	Saudi Arabia		A05434	PSAU	Prince Sattam bin Abdulaziz University, Saudi Arabia
MA	Morocco		A05435	CNRST Morocco	National Center for Science and Technology Research, Morocco
MA	Morocco		A05436	IMIST	Moroccon Institute for Scientific and Technical Research
IN	India		A05437	Gujarat Tech U	Gujarat Technological University, India
IN	India		A05438	JNVU	Jai Narain Vyas University, India
IN	India		A05439	RPMC	Raja Peary Mohan College, India
IN	India		A05440	CHARUSAT	Charotar University of Science and Technology, India
IN	India		A05441	GCS Raipur	Government College of Science, Raipur, India
IN	India		A05442	SB Coll	Saint Berchmans College, Changanassery, India
IN	India		A05443	Fergusson Coll	Fergusson College, India
DZ	Algeria		A05444	U Bejaia	University of Bejaia, Algeria
IN	India		A05445	DJ Coll Baraut	Digambar Jain College, Baraut, India
IN	India		A05446	Haryana Eng Coll	Haryana Engineering College, India
IN	India		A05447	Khalsa Coll	Khalsa College, India
US	United States		A05448	AAS	American Astronomical Society, Washington DC
IN	India		A05449	Meerut Coll	Meerut College, India
IN	India		A05450	VHNSNC	Virudhnagar Hindu Nadars Senthikumara Nadar College, India
BR	Brazil		A05451	LNA Brazil	National Laboratory of Astrophysics, Brazil
IN	India		A05452	GC Thiruvananthapuram	Government College Thiruvananthapuram, Kerala, India
IN	India		A05453	MMM U Tech	Madan Mohan Malaviya University of Technology, Gorakhpur, India
IN	India		A05454	RBS Coll	Raja Balwant Singh College, India
IN	India		A05455	Barasat Gov Coll	Barasat Government College, West Bengal, India
MA	Morocco		A05456	U Mhd I Oujda	University Mohammed I Oujda, Morocco
US	United States		A05457	Montana Tech	Montana Tech of the University of Montana
UA	Ukraine		A05458	Uzhgorod Natl U	Uzhgorod National University, Ukraine
IR	Iran		A05459	Natl Cart Ctr	National Cartographic Center, Iran
IN	India		A05460	DAV Coll	Dayanand Anglo Vedic Colleges, India
BR	Brazil		A05461	CNPEM	Brazilian National Center of Research in Energy and Materials
JP	Japan		A05462	Fukui U Tech	Fukui University of Technology, Japan
AR	Argentina		A05463	CONAE Arg	National Space Activities Commission, Argentina
AR	Argentina	A05463	A05464	Arg Antarc Inst	Argentinian Antarctic Institute
PE	Peru		A05465	Peruvian Inst Ast	Peruvian Institute for Astronomy
CN	China		A05466	Wuhan Textile U	Wuhan Textile University, China
IT	Italy		A05467	U Enna Kore	University of Enna Kore, Italy
BY	Belarus		A05468	Mogilev St U	Mogilev State University, Belarus
BR	Brazil		A05469	Una U Ctr	Una University Center, Brazil
CA	Canada		A05470	CRC	Communications Research Centre, Canada
CO	Colombia		A05471	U Magdalena	University of the Magdalena, Colombia
AT	Austria		A05472	BAW	Federal Agency of Water Management, Austria
DE	Germany		A05473	NHM Frankfurt	Natural History Museum, Frankfurt, Germany
DE	Germany		A05474	BiK-F Frankfurt	Biodiversity and Climate Research Center, Frankfurt, Germany
JP	Japan		A05475	PWRI	Public Works Research Institute, Japan
TR	Turkey		A05476	Fatih U	Fatih University, Turkey
GB	United Kingdom		A05477	Natl Mus Wales	National Museum of Wales, UK
IN	India		A05478	SD Coll	Sanatan Dharma Colleges, India
EG	Egypt		A05479	Nuc Mat Auth	Nuclear Materials Authority, Egypt
ES	Spain		A05480	IFISC	Instituto de Fisica Interdisciplinar y Sistemas Complejos, Spain
LT	Lithuania		A05481	FTMC	Vilnius Center for Physical Sciences and Technology, Lithuania
MA	Morocco		A05482	ENS Fes	Ecole Normale Superieure Fes, Morocco
MA	Morocco		A05483	Chouaib Doukkali U	Chouaib Doukkali University, Morocco
MA	Morocco		A05484	U Moulay Ismail	University Moulay Ismail, Morocco
RU	Russia		A05485	NNSPU	Novgorod Pedagogical State University, Russia
RU	Russia		A05486	RAS St P	RAS, Russian Academy of Sciences, Saint Petersburg, Russia
RU	Russia	A05486	A05487	IAO	RAS St P, Zuev Institute of Atmospheric Optics
RU	Russia	A05486	A05488	IAA	RAS St P, Institute of Applied Astronomy
RU	Russia	A05486	A05489	IPME	RAS St P, Institute of Problems of Mechanical Engineering
RU	Russia	A05486	A05490	Pulkovo Obs	RAS St P, Central Astronomical Observatory, Pulkovo
RU	Russia	A05486	A05491	Ioffe IPT	RAS St P, Ioffe Institute of Physics and Technology, Saint Petersburg
RU	Russia		A05492	Yaroslavl St Ped U	Yaroslavl State Pedagogical University, Russia
TW	Taiwan		A05493	NCTS Taiwan	National Center for Theoretical Sciences, Taiwan
UA	Ukraine		A05494	Lviv Tech U	Lviv Technical University, Ukraine
VN	Vietnam		A05495	HNUE	Hanoi National University of Education, Vietnam
FI	Finland		A05496	HIP	Helsinki Institute of Physics, Finland
FI	Finland	A05496	A05497	HIIT	Helsinki Institute for Information Technology, Finland
FR	France		A05498	Bur Long	Bureau des Longitudes, France
IN	India		A05499	W Bengal St U	West Bengal State University, Calcutta, India
IN	India		A05500	Gurucharan Coll	Gurucharan College, India
IN	India		A05501	Cotton Coll	Cotton College, India
IN	India		A05502	JGEC	Jalpaiguri Government Engineering College, India
FR	France		A05503	CNISM	Interuniversity Consortium for the Sciences of Physical Matter, France
FR	France	A05503	A11379	CIFS	Interuniversity Consortium for Space Physics
CN	China		A05504	CCAST	China Center of Advanced Science and Technology
CN	China		A05505	Jiangsu Env Prot Dep	Jiangsu Province Environmental Protection Department, China
AR	Argentina		A05506	IANIGLA	Argentine Institute of Snow Research, Glaciology and Environmental Studies
CU	Cuba		A05507	InSTEC	Instituto Superior de Tecnologias y Ciencias Aplicadas, Cuba
US	United States		A05508	Predictive Sci	Predictive Science Inc., California
US	United States		A05509	SSAI	Science Systems and Applications Inc., Maryland
US	United States		A05510	Ohio Aerosp Inst	Ohio Aerospace Institute
TN	Tunisia		A05511	U Carthage	University of Carthage, Tunisia
TR	Turkey		A05512	Antalya Int U	Antalya International University, Turkey
IN	India		A05513	IIT Indore	Indian Institute of Technology, Indore
IN	India		A05514	IIT Ropar	Indian Institute of Technology, Ropar
RU	Russia		A05515	KSPEU	Kazan State Power Engineering University, Russia
RS	Serbia		A05516	GCK Serbia	Geomagnetic Institute, Serbia
EE	Estonia		A05517	EMHI	Estonian Meteorological Hydrological Institute
JP	Japan		A05518	Yamagata Inst Tech	Yamagata Institute of Technology, Japan
TH	Thailand		A05519	NARIT	National Astronomical Research Institute of Thailand
AM	Armenia		A05520	YerPhi	Yerevan Alikhanian Physics Institute
CM	Cameroon		A05521	U Douala	University of Douala, Cameroon
IN	India		A05522	CUSCET	CU Shah College of Engineering and Technology, India
IN	India		A05523	ECA	Government Engineering College Ajmer, India
IN	India		A05524	Delhi Tech U	Delhi Technological University, India
IN	India		A05525	IIT Jodhpur	Indian Institute of Technology, Jodhpur
IN	India		A05526	PCMT	Pailan College of Management and Technology, India
IN	India		A05527	Disha Educ Soc	Disha Education Society, India
IN	India		A05528	BS Abdur Rahman U	B S Abdur Rahman University, Chennai, India
IN	India		A05529	CET	College of Engineering Trivandrum, India
IN	India		A05530	CMI	Chennai Mathematical Institute, India
DE	Germany		A05531	BKG Frankfurt	Federal Agency for Cartography and Geodesy, Frankfurt, Germany
DE	Germany	A05531	A11482	DGFI	German Geodetics Research Institute
ES	Spain		A05532	Intl U Valencia	International University of Valencia, Spain
IN	India		A05533	IIT Hyderabad	Indian Institute of Technology, Hyderabad
NG	Nigeria		A05534	Landmark U Nigeria	Landmark University, Nigeria
GB	United Kingdom		A05535	Scotland Mar Lab	Scotland Marine Laboratory, UK
IN	India		A05536	IIT Gandhinagar	Indian Institute of Technology, Gandhinagar
US	United States		A05537	U Conn	University of Connecticut
TM	Turkmenistan		A05538	Turkmenistan NAS	Turkmenistan National Academy of Sciences
IN	India		A05539	IIIT Delhi	Indraprastha Institute of Information Technology, Delhi, India
US	United States		A05540	GlobalFoundries	GlobalFoundries, Inc.
DZ	Algeria		A05541	Univ-Mosta	University of Abdelhamid Ibn Badis of Mostaganem, Algeria
AU	Australia		A05542	Manly Astrop	Manly Astrophysics, Australia
RU	Russia		A05544	Voeykov MGO	Voeykov Main Geophysical Observatory, Russia
RU	Russia		A05545	Technomash	Central Research Institute of Technology, Moscow, Russia
RU	Russia		A05546	VSPMO	All-Russian Electrotechnical Institute, Moscow, Russia
JP	Japan		A05547	Coll Indus Tech	College of Industrial Technology, Amagasaki, Japan
CU	Cuba		A05548	Ast Geop Inst Cuba	Astronomy and Geophysics Institute, Cuba
CU	Cuba		A05549	CEADEN	Center for Technological Applications and Nuclear Development, Cuba
CU	Cuba		A05550	ICIMAF	Institute of Cybernetics, Mathematics and Physics, Cuba
AR	Argentina		A05551	P Auger Sthrn Obs	Pierre Auger Southern Observatory, Argentina
RU	Russia		A05552	Federov IGA	Federov Institute for Applied Geophysics, Russia
RU	Russia		A05553	IPPE Obninsk	Institute of Physics and Power Engineering, Obninsk, Russia
US	United States		A05554	Keck Tele	Keck Telescope, Hawaii
KR	South Korea		A05555	NIMS Korea	National Institute for Mathematical Sciences, Korea
BR	Brazil		A05556	UNINCOR	University of Rio Verde Valley, Brazil
BR	Brazil		A05557	UCP Brazil	Catholic University of Petropolis, Brazil
BR	Brazil		A05558	UFOPA	Federal University of West Para, Brazil
CN	China		A05559	CMGEEZ	China Metallurgical Geology Bureau
IN	India		A05560	NIT Raipur	National Institute of Technology Raipur, India
NG	Nigeria		A05561	AUST	African University of Science and Technology, Nigeria
MM	Myanmar		A05562	Mandalay U	Mandalay University, Myanmar
IN	India		A05563	Jain U	Jain University, India
UA	Ukraine		A05564	Odessa Tech U	Odessa Technical University, Ukraine
DZ	Algeria		A05565	U Batna	University Hadj Lakhdar Batna, Algeria
CN	China		A05566	SUSTC	South University of Science and Technology, China
UA	Ukraine		A05567	Karazin U	Karazin Kharkiv National University, Ukraine
UA	Ukraine	A05567	A11444	Ast Inst	Karazin Kharkiv National University, Astronomical Institute
DZ	Algeria		A05568	U Mascara	University Mustapha Stambouli of Mascara, Algeria
DZ	Algeria		A05569	U Ouargla	University Kasdi Merbah Ouargla, Algeria
CN	China		A05570	Beijing ISSTI	Beijing Institute of Space Science and Technology Information, China
US	United States		A05571	Synopsys	Synopsys Inc.
US	United States		A05572	EPRI	Electric Power Research Institute, Palo Alto, California
US	United States		A05573	POC	Physical Optics Corporation, California
JP	Japan		A05574	HIT Japan	Hachinohe Institute of Technology, Japan
MX	Mexico		A05575	U Modelo	Universidad Modelo, Merida, Mexico
KE	Kenya		A05576	Pwani U	Pwani University, Kenya
IN	India		A05577	APC Coll	Acharya Prafulla Chandra College, Calcutta, India
CN	China		A05578	Hubei U Natl	Hubei University for Nationalities, China
RU	Russia		A05579	VNIGRI	All-Russia Petroleum Research Exploration Institute, St Petersburg, Russia
DZ	Algeria		A05580	U Guelma	University of 8 May 1945 Guelma, Algeria
UA	Ukraine		A05581	Chernivtsi Natl U	Chernivtsi Fedkovych National University, Ukraine
US	United States		A05582	Sigma Sp	Sigma Space Corporation, Maryland
RU	Russia		A05583	Ryazan St U	Ryazan State University, Russia
IN	India		A05584	TFRI	Tropical Forest Research Institute, India
IN	India		A05585	GSCBLR	Government Science College, Bangalore, India
NG	Nigeria		A05586	NASRDA	National Space Research and Development Agency, Nigeria
BR	Brazil		A05587	PUC-Goias	Pontifical Catholic University of Goias, Brazil
DZ	Algeria		A05588	CDER Algeria	Center of Development of Renewable Energies, Algeria
US	United States		A05589	e2v Tech	e2v Technologies, PLC
EG	Egypt		A05590	Port Said U	Port Said University, Egypt
MA	Morocco		A05591	CNESTEN	National Center for Energy Sciences and Nuclear Techniques, Rabat, Morocco
IR	Iran		A05592	RIAAM	Research Institute of Astronomy and Astrophysics, Maragha, Iran
RU	Russia		A05593	PPI	Pskov State Pedagogical Institute, Russia
RU	Russia		A05594	RIARAE	All-Russia Research Institute of Agricultural Radiology
NP	Nepal		A05595	Nepal DMG	Nepal Department of Mines and Geology
SY	Syria		A05596	HIAST	Higher Institute for Applied Science and Technology, Syria
IN	India		A05597	BDCE	Bapurao Deshmukh College of Engineering, India
IN	India		A05598	GEC Bilaspur	Government Engineering College, Bilaspur, India
IN	India		A05599	JEC	Jaipur Engineering College, India
MC	Monaco		A05600	CSM Monaco	Scientific Center of Monaco
IN	India		A05601	SRIT	Shri Ram Institute of Technology, India
PG	Papua New Guinea		A05602	MRA PNG	Mineral Resources Authority, Papua New Guinea
BR	Brazil		A05603	UEZO	Central State University of the Western Zone, Brazil
US	United States		A05604	U Montana	University of Montana
US	United States	A05604	A11185	Dep Phy Ast	University of Montana, Department of Physics and Astronomy
ZA	South Africa		A05605	AIMS SA	African Institute for Mathematical Sciences, South Africa
CA	Canada		A05606	RASC	Royal Astronomical Society of Canada
MM	Myanmar		A05607	U Yangon	University of Yangon, Myanmar
US	United States		A05608	AAVSO	American Association of Variable Star Observers, Massachusetts
FR	France		A05609	SAF	Societe Astronomique de France
GB	United Kingdom		A05610	Intl Seis Ctr	International Seismological Centre, UK
ES	Spain		A05611	INSA Madrid	Ingenieria y Servicios SA Aerospace, Madrid
KR	South Korea		A05612	APCC	APEC Climate Center, Korea
CN	China		A05613	BACC	Beijing Aerospace Command and Control Center, China
US	United States		A05614	AER	Atmospheric and Environmental Research Inc.
MX	Mexico		A05615	Baja Cal IAS	Baja California Institute of Advanced Studies, Mexico
BE	Belgium		A05616	ISIB	Industrial Institute of Brussels, Belgium
NL	Netherlands		A05617	ASML	ASML Holdings, Netherlands
IT	Italy		A05618	Marconi U	Marconi University, Italy
US	United States		A05619	CompX	CompX Del Mar
CY	Cyprus		A05620	Cyprus Inst	Cyprus Institute
IN	India		A05621	MMH Ghaziabad	MMH College, Ghaziabad, India
PH	Philippines		A05622	Manila Obs	Manila Observatory, Philippines
IN	India		A05623	MSM Coll Kayamkulam	Milad E Sherief Memorial College Kayamkulam, Kerala, India
DE	Germany		A05624	ISFH	Solar Energy Research Company, Hamelin, Germany
DZ	Algeria		A05625	Jijel U	Jijel University, Algeria
IN	India		A05626	Calcutta Inst Tech	Calcutta Institute of Technology, India
NG	Nigeria		A05627	Fed U Lafia	Federal University Lafia, Nigeria
US	United States		A05628	UES	UES Inc.
GB	United Kingdom		A05629	Ryl Mus Greenwich	Royal Museums Greenwich, UK
GB	United Kingdom	A05629	A05630	Ryl Obs	Royal Greenwich Observatory
GB	United Kingdom	A05629	A05631	Natl Mar Mus	National Maritime Museum, UK
IN	India		A05632	SCPGC	Satish Chandra PG College, India
JP	Japan		A05633	Alps Elec	Alps Electric Co Ltd
JP	Japan		A05634	Shinonome Res Ctr	Shinonome Research Center, Tokyo, Japan
PL	Poland		A05635	Jesuit U Ignatianum	Jesuit University Ignatianum, Krakow, Poland
JP	Japan		A05636	Dowa	Dowa Mining Co Ltd, Japan
JP	Japan		A05637	Daido	Daido Steel Co Ltd, Japan
US	United States		A05638	Honeybee Robo	Honeybee Robotics Ltd
EG	Egypt		A05639	Zewail City Sci Tech	Zewail City of Science and Technology, Egypt
KR	South Korea		A05640	IBS Korea	Institute for Basic Science, Korea
RU	Russia		A05641	Skoltech	Skolkovo Institute of Science and Technology, Russia
GB	United Kingdom		A05642	NSC Leicester	National Space Centre, Leicester, UK
IN	India		A05643	U Kota	University of Kota, India
CL	Chile		A05644	CAAZA	Center for Advanced Studies in Arid Zones, Chile
ES	Spain		A05645	IE U Segovia	IE University, Segovia, Spain
FR	France		A05646	CEA Tahiti	Commissariat l'Energie Atomique, Tahiti
CO	Colombia		A05647	Bolivar Tech	Bolivian College of Technology, Colombia
JP	Japan		A05648	JAICI	Japan Association International Chemical Information
CN	China		A05649	Guangdong EPRI	Guangdong Electric Power Research Institute, China
CN	China		A05650	Baise U	Baise University, China
JP	Japan		A05651	Fuji	Fuji Electric Co Ltd, Japan
AU	Australia		A05652	Geo Surv WA	Geological Survey of Western Australia
ET	Ethiopia		A05653	AAIT	Addis Ababa Institute of Technology, Ethiopia
DE	Germany		A05654	Springer Nature	Springer Nature Publishers
DE	Germany	A05654	A05655	Springer Sci	Springer Science GmbH
GB	United Kingdom	A05654	A05656	NPG	Nature Publishing Group
KR	South Korea		A05657	APCTP	Asia Pacific Center for Theoretical Physics, Seoul, Korea
HU	Hungary		A05658	NUPS Budapest	National University of Public Service, Budapest, Hungary
MA	Morocco		A05659	Ibn Zhor U	Ibn Zohr University, Morocco
KR	South Korea		A05660	U Sci Tech Korea	University of Science and Technology, Korea
MA	Morocco		A05661	Marrakech FST	Marrakech Faculty of Science and Technology, Morocco
US	United States		A05662	Babcock Wilcox	Babcock and Wilcox Company, Virginia
VN	Vietnam		A05663	Nguyen U	Nguyen Tat Thanh University, Vietnam
RU	Russia		A05664	Moscow St Ped U	Moscow State Pedagogical University, Russia
IN	India		A05665	U Jodhpur	University of Jodhpur, India
CN	China		A05666	CRESDA	China Center for Resources Satellite Data and Application
GT	Guatemala		A05667	INSIVUMEH	National Institute of Seismology, Volcanology, Meteorology, and Hydrology, Guatemala
NO	Norway		A05668	DNVA	Norwegian Academy of Science and Letters
JP	Japan		A05669	IEICE	Institute of Electronics Information and Communication Engineers
ES	Spain		A05670	Ast Grp Sabadell	Astronomy Group of Sabadell, Spain
FR	France		A05671	Intl Ast Union	International Astronomical Union, France
JP	Japan		A05672	Tokyo U Sci	Tokyo University of Science, Japan
IT	Italy		A05673	IIT Milan	Italian Institute of Technology, Milan
IN	India		A05674	MSRUAS	MS Ramaiah University of Applied Sciences, Bangalore, India
GB	United Kingdom		A05675	BAA	British Astronomical Association
US	United States		A05676	Griffith Obs	Griffith Observatory, California
CN	China		A05677	Hubei U Sci Tech	Hubei University of Science and Technology, China
BY	Belarus		A05678	Belarus SPU	Belarusian State Pedagogical University
AU	Australia		A05679	Austr Synchr Co.	Australian Synchrotron Co.
NO	Norway		A05680	U Stavanger	University of Stavanger, Norway
XX	Unspecified		A05681	Deceased	Deceased
XX	Unspecified		A05682	Retired	Retired
US	United States		A05683	WJC	Washington and Jefferson College, Pennsylvania
US	United States		A05684	Westminster Coll UT	Westminster College, Utah
CN	China		A05685	U Macau	University of Macau, China
CN	China		A05688	Hunan U Tech	Hunan University of Technology, China
CN	China		A05689	Hunan U Sci Eng	Hunan University of Science and Engineering, China
CN	China		A05690	Chongqing U Tech	Chongqing University of Technology, China
CN	China		A05691	Xiamen U Tech	Xiamen University of Technology, China
CN	China		A05692	Inner Mongolia U Tech	Inner Mongolia University of Technology, China
CN	China		A05693	Inner Mongolia Agr U	Inner Mongolia Agriculture University, China
CN	China		A05694	Inner Mongolia Norm U	Inner Mongolia Normal University, China
CN	China		A05695	Tianjin U Tech	Tianjin University of Technology, China
CN	China		A05696	Huaqiao U	Huaqiao University, China
IR	Iran		A05697	Shiraz U Tech	Shiraz University of Technology, Iran
IT	Italy		A05698	INRIM	Istituto Nazionale di Ricerca Metrologica, Turin
CN	China		A05699	ShanghaiTech U	ShanghaiTech University, China
CL	Chile		A05700	UAC Chile	Universidad Autonoma de Chile
BR	Brazil		A05701	FUFPI	Universidade Federal do Piaui, Brazil
EC	Ecuador		A05702	Yachay Tech U	Yachay Technical University, Ecuador
PK	Pakistan		A05703	U Sargodha	University of Sargodha, Pakistan
BD	Bangladesh		A05704	U Rajshahi	University of Rajshahi, Bangladesh
FI	Finland		A05705	U Lapland	University of Lapland, Finland
KR	South Korea		A05706	Korea Natl U Trans	Korea National University of Transportation
KR	South Korea		A05707	Sangji U	Sangji University, Korea
CN	China		A05708	Yibin U	Yibin University, China
CN	China		A05709	Shanghai Inst Tech	Shanghai Institute of Technology, China
TR	Turkey		A05711	Celal Bayar U	Celal Bayar University, Turkey
PL	Poland		A05712	NCBJ	National Centre for Nuclear Research, Poland
RU	Russia		A05718	Yandex	Yandex Co., Russia
RU	Russia		A05719	MSRU	Moscow State Regional University, Russia
RU	Russia		A05720	MSUCE	Moscow State University of Civil Engineering, Russia
FR	France		A05724	ITER	ITER, International Thermonuclear Experimental Reactor, France
US	United States	A05724	A06137	ITER US	ITER, International Thermonuclear Experimental Reactor, Tennessee
GB	United Kingdom	A05724	A06138	ITER UK	ITER, International Thermonuclear Experimental Reactor, UK
US	United States		A05725	Riv Res	Riverside Research Institute, Ohio
RO	Romania		A05726	WUT	West University of Timisoara, Romania
US	United States		A05727	AMD	Advanced Micro Devices, Inc., California
US	United States		A05728	NTIS	National Technical Information Service, Virginia
US	United States		A05730	Bechtel	Bechtel Inc., Virginia
DE	Germany		A05731	Infineon	Infineon Technologies, Germany
DE	Germany	A05731	A05953	OSRAM	OSRAM Opto-Semiconductors
CN	China		A05732	Huangshan U	Huangshan University, China
CN	China		A05733	BGI	BGI Group Shenzhen, China
US	United States		A05734	Jackson Lab	Jackson Laboratory, Maine
US	United States		A05735	GMRI	Gulf of Maine Research Institute, Maine
US	United States		A05736	MMA	Maine Maritime Academy, Maine
US	United States		A05737	COA	College of the Atlantic, Maine
US	United States		A05738	U ME	University of Maine System
US	United States	A05738	A01027	Orono	University of Maine, Orono
US	United States	A05738	A01028	Walpole	University of Maine, Walpole
US	United States	A05738	A01126	U Sthrn ME	University of Southern Maine
US	United States	A05738	A05739	Farmington	University of Maine, Farmington
EG	Egypt		A05740	Aswan U	Aswan University, Egypt
EG	Egypt		A05742	Oct 6 U	October 6 University, Egypt
BW	Botswana		A05743	BIUST	Botswana International University of Science and Technology, Botswana
ET	Ethiopia		A05744	AASTU	Addis Ababa Science and Technology University, Ethiopia
CN	China		A05745	AYNU	Anyang Normal University, China
US	United States		A05746	BSU	Boise State University, Idaho
GB	United Kingdom		A05747	BBC	British Broadcasting Corporation, UK
US	United States		A05748	Cedars-Sinai	Cedars-Sinai Medical Center, California
US	United States		A05749	CSHL	Cold Spring Harbor Laboratory, New York
CN	China		A05750	DJTU	Dalian Jiaotong University, China
US	United States		A05751	EG&G	Edgerton, Germeshausen, and Grier, Inc., United States
BE	Belgium		A05752	ETSF	European Theoretical Spectroscopy Facility
CN	China		A05753	HNUST	Hebei Normal University of Science and Technology, China
KR	South Korea		A05754	Hynix	SK Hynix, South Korea
RO	Romania		A05756	IFA Rom	Institute of Atomic Physics, Romania
PL	Poland		A05757	ITME	Institute of Electronic Materials Technology, Warsaw
UA	Ukraine		A05761	VNTU	National Technical University, Vinnytsia
PL	Poland		A05762	PULS	Poznan University of Life Sciences, Poland
GB	United Kingdom		A05763	QinetiQ	QinetiQ, UK
RO	Romania		A05764	UTBV	Transylvania University of Brasov, Romania
CN	China		A05765	XPU	Xi'an Polytechnic University, China
CN	China		A05766	XJNU	Xinjiang Normal University, China
IN	India		A05771	IIT Bhu	Indian Institute of Technology, Bhubaneswar
CN	China		A05772	CAMS	Chinese Academy of Medical Sciences and Peking Union Medical College, China
IT	Italy		A05773	Elettra	Elettra Synchrotron Trieste, Italy
US	United States		A05774	PLU	Pacific Lutheran University, Washington
US	United States		A05775	Knox Coll	Knox College, Illinois
US	United States		A05776	Augustana U IL	Augustana College, Illinois
JP	Japan		A05778	Hyogo U Tchr Ed	Hyogo University of Teacher Education, Japan
CN	China		A05779	XAUT	Xi'an University of Technology, China
TH	Thailand		A05780	SUT	Suranaree University of Technology, Thailand
SE	Sweden		A05781	SMHI	Swedish Meteorological and Hydrological Institute, Norrkoping
IN	India		A05782	Shoolini U	Shoolini University, India
US	United States		A05783	BCM	Baylor College of Medicine, Texas
RU	Russia		A05784	NII Polyus	Polyus Scientific Research Institute, Moscow
US	United States		A05785	DFCI	Dana-Farber Cancer Institute, Massachusetts
KR	South Korea		A05786	Myongji U	Myongji University, Korea
TR	Turkey		A05787	Piri Reis U	Piri Reis University, Turkey
TR	Turkey		A05788	Bahcesehir U	Bahcesehir University, Turkey
TR	Turkey		A05789	Ozyegin U	Ozyegin University, Turkey
US	United States		A05790	TAE Tech	Tri Alpha Energy Technologies, California
JP	Japan		A05791	KPUM	Kyoto Prefectural University of Medicine, Japan
CN	China		A05792	TJPU	Tianjin Polytechnic University, China
HU	Hungary		A05793	Eszterhazy U	Eszterhazy Karoly University, Hungary
LK	Sri Lanka		A05794	U Ruhuna	University of Ruhuna, Sri Lanka
TR	Turkey		A05795	KMU	Karamanoglu Mehmetbey University, Karaman, Turkey
BR	Brazil		A05796	UFMS	Federal University of Mato Grosso do Sul, Brazil
RU	Russia		A05798	Kuban St U	Kuban State University, Russia
RU	Russia		A05799	Kuban St Tech U	Kuban State Technological University, Russia
CN	China		A05800	Qilu U Tech	Qilu University of Technology, China
CN	China		A05801	Yanbian U	Yanbian University, China
US	United States		A05804	Quest Diag	Quest Diagnostics, Inc., New Jersey
US	United States	A05804	A05805	Celera Gen	Celera Genomics, California
US	United States		A05806	JCVI	J. Craig Venter Institute for Genomic Research, Maryland
JP	Japan		A05807	Gigaphoton	Gigaphoton, Inc., Japan
US	United States		A05808	App Mat Inc	Applied Materials, Inc, California
US	United States		A05809	Lumentum	Lumentum, Inc., California
US	United States		A05812	Flatiron Inst	Flatiron Institute, New York
US	United States	A05812	A06491	CCA	Center for Computational Astrophysics, Flatiron Institute, New York
US	United States	A05812	A06492	CCQ	Center for Computational Quantum Physics, Flatiron Institute, New York
US	United States	A05812	A06493	CCM	Center for Computational Mathematics, Flatiron Institute, New York
CN	China		A05820	Ludong U	Ludong University, China
CN	China		A05821	NW A&F U	Northwest Agriculture and Forestry University, Yangling
CN	China		A05822	CUC	Communication University of China, Beijing
CN	China		A05823	SDTU	Shandong University of Technology, China
CN	China		A05824	Donghua U	Donghua University, China
CN	China		A05825	CAUC	Civil Aviation University of China, Tianjin
CN	China		A05826	DLNU	Dalian Nationalities University, China
CN	China		A05827	XUPT	Xi'an University of Posts and Telecommunications, China
CN	China		A05828	Liaocheng U	Liaocheng University, China
CN	China		A05829	CAAS	Chinese Academy of Agricultural Sciences, Beijing
CN	China		A05830	NJAU	Nanjing Agricultural University, China
CN	China		A05831	Cap Med U	Capital Medical University, China
CN	China		A05832	NJMU	Nanjing Medical University, China
CN	China		A05833	ZSTU	Zhejiang Sci-Tech University, China
CN	China		A05834	BJFU	Beijing Forestry University, China
CN	China		A05835	WIT	Wuhan Institute of Technology, China
CN	China		A05836	JXUST	Jiangxi University of Science and Technology, China
US	United States		A05837	Luther Coll	Luther College, Iowa
US	United States		A05838	Coe Coll	Coe College, Iowa
US	United States		A05839	Loras Coll	Loras College, Iowa
US	United States		A05840	BVU	Buena Vista University, Iowa
US	United States		A05841	MIU	Maharishi International University, Iowa
US	United States		A05842	Wartburg Coll	Wartburg College, Iowa
US	United States		A05843	IA Wesleyan Coll	Iowa Wesleyan College
US	United States		A05844	U Dubuque	University of Dubuque, Iowa
US	United States		A05845	St Ambrose U	Saintt Ambrose University, Iowa
US	United States		A05846	Dordt Coll	Dordt College, Iowa
US	United States		A05847	Central Coll	Central College, Iowa
US	United States		A05848	Parsons Coll	Parsons College, Iowa
US	United States		A05849	Mt Mercy U	Mount Mercy University, Iowa
US	United States		A05850	Morningside Coll	Morningside College, Iowa
US	United States		A05851	Clarke Coll	Clarke College, Iowa
US	United States		A05852	Linfield Coll	Linfield College, Oregon
US	United States		A05853	U Portland	University of Portland, Oregon
US	United States		A05854	S OR U	Southern Oregon University
US	United States		A05855	E OR St Coll	Eastern Oregon State College
US	United States		A05856	Pacific U	Pacific University, Oregon
US	United States		A05857	OR Inst Tech	Oregon Institute of Technology
US	United States		A05858	Willamette U	Willamette University, Oregon
US	United States		A05859	Judson Bapt U	Judson Baptist University, Oregon
US	United States		A05860	George Fox Coll	George Fox College, Oregon
US	United States		A05861	OR Coll Ed	Oregon College of Education
US	United States		A05863	OMRF	Oklahoma Medical Research Foundation
US	United States		A05866	Rigetti	Rigetti Quantum Computing, California
US	United States		A05867	Tech-X	Tech-X Corporation, Colorado
US	United States		A05868	L3Harris	L3Harris Technologies, Florida
US	United States		A05869	Eli Lilly	Eli Lilly and Company, Indiana
US	United States		A05870	USUHS	Uniformed Services University of the Health Sciences, Maryland
CH	Switzerland		A05875	Novartis	Novartis AG, Switzerland
US	United States	A05875	A05876	NIBR	Novartis Institute for Biomedical Research, Massachusetts
US	United States	A05875	A05877	Novartis NY	Novartis AG, New York
US	United States		A05879	Bethel U	Bethel University, Minnesota
US	United States		A05882	MSKCC	Memorial Sloan-Kettering Cancer Center, New York
US	United States		A05885	Mt Sinai NY	Mount Sinai Medical Center, New York
US	United States	A05885	A05883	NYEE	New York Eye and Ear Infirmary
US	United States	A05885	A05884	Icahn	Mount Sinai, Icahn School of Medicine, New York
US	United States		A05887	OK City U	Oklahoma City University
US	United States		A05888	St Jude	Saint Jude Children's Research Hospital, Tennessee
US	United States		A05889	Allen Inst	Allen Institute, Washington
US	United States	A05889	A05890	AIBS	Allen Institute for Brain Science, Washington
US	United States		A05891	Google	Google Inc., California
US	United States		A05892	Miles Coll	Miles College, Alabama
US	United States		A05893	Oakwood U	Oakwood University, Alabama
US	United States		A05894	Selma U	Selma University, Alabama
US	United States		A05895	Shelton St CC	Shelton State Community College, Alabama
US	United States		A05896	Stillman Coll	Stillman College, Alabama
US	United States		A05897	Talladega Coll	Talladega College, Alabama
US	United States		A05898	Phil Smith Coll	Philander Smith College, Arkansas
US	United States		A05899	CDUMS	Charles Drew University of Medicine & Science, California
US	United States		A05900	Bethune-Cookman U	Bethune-Cookman University, Florida
US	United States		A05901	Edward Waters Coll	Edward Waters College, Florida
US	United States		A05902	FL Mem U	Florida Memorial University, Florida
US	United States		A05903	Albany St U	Albany State University, Georgia
US	United States		A05904	Fort Vall St U	Fort Valley State University, Georgia
US	United States		A05905	MSM	Morehouse School of Medicine, Georgia
US	United States		A05906	Morris Brown Coll	Morris Brown College, Georgia
US	United States		A05907	Paine Coll	Paine College, Georgia
US	United States		A05908	Savannah St U	Savannah State University, Georgia
US	United States		A05909	Dillard U	Dillard University, Louisiana
US	United States		A05910	Xavier U LA	Xavier University of Louisiana
US	United States		A05914	Alcorn St U	Alcorn State University, Mississippi
US	United States		A05915	MS Vall St U	Mississippi Valley State University, Itta Bena
US	United States		A05916	Rust Coll	Rust College, Mississippi
US	United States		A05917	Tougaloo Coll	Tougaloo College, Mississippi
US	United States		A05918	Lincoln U MO	Lincoln University, Missouri
US	United States		A05919	JCSU	Johnson C. Smith University, North Carolina
US	United States		A05920	Shaw U	Shaw University, North Carolina
US	United States		A05921	St Augustines U	St. Augustine's University, North Carolina
US	United States		A05922	WSSU	Winston-Salem State University, North Carolina
US	United States		A05923	Central St U	Central State University, Ohio
US	United States		A05924	Wilberforce U	Wilberforce University, Ohio
US	United States		A05925	Lincoln U PA	Lincoln University, Pennsylvania
US	United States		A05926	Allen U	Allen University, South Carolina
US	United States		A05927	Benedict Coll	Benedict College, South Carolina
US	United States		A05928	Claflin U	Claflin University, South Carolina
US	United States		A05929	Morris Coll	Morris College, South Carolina
US	United States		A05930	Knoxville Coll	Knoxville College, Tennessee
US	United States		A05931	Meharry Med Coll	Meharry Medical College, Tennessee
US	United States		A05932	HTU	Huston-Tillotson University, Texas
US	United States		A05933	Jarvis Christ Coll	Jarvis Christian College, Texas
US	United States		A05934	TX Coll	Texas College, Texas
US	United States		A05935	VA St U	Virginia State University, Virginia
US	United States		A05936	VA Union U	Virginia Union University, Virginia
US	United States		A05937	Bluefield St Coll	Bluefield State College, West Virginia
US	United States		A05938	WVSU	West Virginia State University, Institute
US	United States		A05939	AL St U	Alabama State University, Montgomery
CM	Cameroon		A05940	U Dschang	University of Dschang, Cameroon
CM	Cameroon		A05941	U Maroua	University of Maroua, Cameroon
CM	Cameroon		A05942	U Buea	University of Buea, Cameroon
CM	Cameroon		A05943	U Bamenda	University of Bamenda, Cameroon
CN	China		A05944	CASIC	China Aerospace Science and Industry Corporation
CN	China	A05944	A06011	TJITP	Tianjin Jinhang Institute of Technical Physics, China
CN	China		A05945	Minzu U	Minzu University of China, Beijing
EE	Estonia		A05946	Tallinn U	Tallinn University, Estonia
FJ	Fiji		A05947	USP Fiji	University of the South Pacific, Fiji
FJ	Fiji		A05948	Fiji Natl U	Fiji National University
FR	France		A05949	Inst Pasteur	Institut Pasteur, Paris
GA	Gabon		A05951	CERMEL	Centre de Recherches Medicales de Lambarene, Gabon
GA	Gabon		A05952	IRET	Institut de Recherche en Ecologie Tropicale, Gabon
DE	Germany		A05954	Regensburg UAS	Regensburg University of Applied Sciences, Germany
DE	Germany		A05955	Schott	Schott AG, Germany
GH	Ghana		A05956	U Cape Coast	University of Cape Coast, Ghana
JP	Japan		A05957	Nippon Dental U	Nippon Dental University, Japan
JP	Japan		A05958	Chitose IST	Chitose Institute of Science and Technology, Japan
KE	Kenya		A05959	ILRI	International Livestock Research Institute, Kenya
KE	Kenya		A05960	RCMRD	Regional Centre for Mapping of Resources for Development, Kenya
MW	Malawi		A05961	U Malawi	University of Malawi
MW	Malawi		A05962	Malawi UST	Malawi University of Science and Technology
MW	Malawi		A05963	Mzuzu U	Mzuzu University, Malawi
MW	Malawi		A05964	LUANR	Lilongwe University of Agriculture and Natural Resources, Malawi
MW	Malawi		A05965	Geo Surv MW	Geological Survey of Malawi
MX	Mexico		A05966	UPT	Universidad Politecnica de Tulancingo, Mexico
NP	Nepal		A05967	ICIMOD	International Centre for Integrated Mountain Development, Nepal
NP	Nepal		A05968	Kathmandu U	Kathmandu University, Nepal
NP	Nepal		A05969	St Xaviers Coll Nepal	Saint Xaviers College, Nepal
RW	Rwanda		A05970	U Rwanda	University of Rwanda
SN	Senegal		A05971	Inst Pasteur Dakar	Institut Pasteur de Dakar, Senegal
SN	Senegal		A05972	Ziguinchor U	Assane Seck de Ziguinchor University, Senegal
SN	Senegal		A05973	U Thies	University of Thies, Senegal
SN	Senegal		A05974	GBU	Gaston Berger University, Senegal
SS	South Sudan		A05978	Juba U	Juba University, South Sudan
SD	Sudan		A05979	Al-Neelain U	Al-Neelain University, Sudan
SD	Sudan		A05980	Omdurman Islam U	Omdurman Islamic University, Sudan
SD	Sudan		A05981	Sudan AEC	Sudan Atomic Energy Commission
SD	Sudan		A05982	U Khartoum	University of Khartoum, Sudan
TG	Togo		A05983	U Lome	University of Lome, Togo
TG	Togo		A05984	U Kara	University of Kara, Togo
TR	Turkey		A05985	Sirnak U	Sirnak University, Turkey
TR	Turkey		A05986	Giresun U	Giresun University, Turkey
TR	Turkey		A05987	Mehmet Akif U	Mehmet Akif Ersoy University, Turkey
TR	Turkey		A05988	Necmettin Erbakan U	Necmettin Erbakan University, Turkey
TR	Turkey		A05989	Near East U	Near East University, Turkey
TR	Turkey		A05990	Gebze TU	Gebze Technical University, Turkey
TR	Turkey		A05991	Pamukkale U	Pamukkale University, Turkey
GB	United Kingdom		A05993	Rolls Royce	Rolls Royce, Ltd, UK
ZM	Zambia		A05994	Copperbelt U	Copperbelt University, Zambia
ZW	Zimbabwe		A05995	Bindura USE	Bindura University of Science Education, Zimbabwe
ZW	Zimbabwe		A05996	Chinhoyi U Tech	Chinhoyi University of Technology, Zimbabwe
ZW	Zimbabwe		A05997	Midlands St U	Midlands State University, Zimbabwe
US	United States		A05998	Harding U	Harding University, Arkansas
US	United States		A06000	Perkin Elmer	Perkin Elmer Corp, Connecticut
US	United States		A06001	Phy Sci	Physical Sciences, Inc., Massachusetts
US	United States		A06002	ADL	Arthur D Little, Inc., Massachusetts
US	United States		A06003	Spire	Eternal Sun Spire Corporation, Massachusetts
US	United States		A06004	Cooper Union	Cooper Union for the Advancement of Science and Art, New York
US	United States		A06005	RPCI	Roswell Park Memorial Cancer Institute, New York
US	United States		A06006	RTI	Research Triangle Institute, North Carolina
CA	Canada		A06012	AAFC	Agriculture and Agri-Food Canada
CA	Canada		A06013	BCCARL	British Columbia Cancer Agency Research Laboratory
CA	Canada		A06014	Mt Sinai ON	Mount Sinai Hospital, Toronto, Ontario
CA	Canada		A06015	OICR	Ontario Institute for Cancer Research, Canada
TD	Chad		A06016	U N'Djamena	University of N'Djamena, Chad
CN	China		A06017	GXUN	Guangxi University for Nationalities, China
CN	China		A06018	IMUN	Inner Mongolia University for Nationalities, China
DE	Germany		A06019	BSH	Federal Maritime and Hydrographic Agency of Germany
JP	Japan		A06020	Fukuyama U	Fukuyama University, Japan
JP	Japan		A06021	Kanto Gakuin U	Kanto Gakuin University, Japan
JP	Japan		A06022	Setsunan U	Setsunan University, Japan
JP	Japan		A06023	Soka U	Soka University, Japan
JP	Japan		A06024	TUIS	Tokyo University of Information Sciences, Japan
JP	Japan		A06025	TUAT	Tokyo University of Agriculture and Technology, Japan
SK	Slovakia		A06027	TNUNI	Alexander Dubcek University of Trencin, Slovakia
SK	Slovakia		A06029	Matej Bel U	Matej Bel University, Slovakia
SK	Slovakia		A06030	Slovak Hydro Inst	Slovak Hydrometeorological Institute
SK	Slovakia		A06031	Slovak Inst Metr	Slovak Institute of Metrology
US	United States		A06033	Rose-Hulman Inst Tech	Rose-Hulman Institute of Technology, Indiana
US	United States		A06035	NYGC	New York Genome Center
US	United States		A06036	NYMC	New York Medical College
US	United States		A06037	NY Presb Hosp	New York Presbyterian Hospital
US	United States	A06037	A06038	NYPSI	New York State Psychiatric Institute
US	United States		A06039	Davidson Coll	Davidson College, North Carolina
US	United States		A06040	ITC Raleigh	International Technology Center, Raleigh, North Carolina
US	United States		A06042	St Andrews Presb Coll	Saint Andrews Presbyterian College, North Carolina
US	United States		A06043	Queens U NC	Queens University of Charlotte, North Carolina
BA	Bosnia & Herzegovina		A06044	ASABH	Academy of Sciences and Arts of Bosnia & Herzegovina
BA	Bosnia & Herzegovina		A06045	U Tuzla	University of Tuzla, Bosnia & Herzegovina
BA	Bosnia & Herzegovina		A06046	U Zenica	University of Zenica, Bosnia & Herzegovina
GD	Grenada		A06047	SGU	St. George's University, Grenada
KZ	Kazakhstan		A06048	Nazarbayev U	Nazarbayev University, Kazakhstan
PH	Philippines		A06049	Mindanao St U	Mindanao State University, Philippines
PH	Philippines	A06049	A06050	MSU-IIT	Mindanao State University, Iligan Institute of Technology, Philippines
BR	Brazil		A06051	BraTS	Brazilian Transient Search
SI	Slovenia		A06052	Natl Inst Chem	National Institute of Chemistry, Slovenia
SI	Slovenia		A06053	Geo Surv SI	Geological Survey of Slovenia
SI	Slovenia		A06054	KRI	Karst Research Institute, Slovenia
UA	Ukraine		A06055	BSMU	Bukovinian State Medical University, Ukraine
US	United States		A06056	Merck	Merck Sharp and Dohme, United States
VN	Vietnam		A06057	Can Tho U	Can Tho University, Vietnam
VN	Vietnam		A06058	Duy Tan U	Duy Tan University, Vietnam
VN	Vietnam		A06059	Hue U	Hue University, Vietnam
VN	Vietnam		A06060	TDTU Viet	Ton Duc Thang University, Vietnam
US	United States		A06062	Salk Inst	Salk Institute, California
US	United States		A06063	TSRI	The Scripps Research Institute, California
US	United States		A06064	Augusta U	Augusta University, Georgia
US	United States		A06065	CDC	Centers for Disease Control and Prevention, Georgia
US	United States		A06066	GA Gwinnett Coll	Georgia Gwinnett College
US	United States		A06067	SIMR	Stowers Institute for Medical Research, Missouri
US	United States		A06068	U NE Kearney	University of Nebraska, Kearney
US	United States		A06069	BTNRH	Boys Town National Research Hospital, Nebraska
US	United States		A06070	Stockton U	Stockton University, New Jersey
US	United States		A06071	Seton Hall U	Seton Hall University, New Jersey
US	United States		A06073	TJU	Thomas Jefferson University, Pennsylvania
US	United States	A06073	A06074	Kimmel CC	Thomas Jefferson University, Kimmel Cancer Center
US	United States		A06075	Wistar Inst	Wistar Institute, Pennsylvania
US	United States		A06076	Med U SC	Medical University of South Carolina
US	United States		A06077	Wash Lee U	Washington and Lee University, Virginia
US	United States		A06078	ISB	Institute for Systems Biology, Washington
US	United States		A06079	FHCRC	Fred Hutchinson Cancer Research Center, Washington
US	United States		A06080	Intelsat	International Telecommunications Satellite Organization, Washington D.C.
US	United States		A06081	Ilisagvik Coll	Ilisagvik College, Alaska
US	United States		A06082	Dine Coll	Dine College, Arizona
US	United States		A06083	TOCC	Tohono O'odham Community College, Sells, Arizona
US	United States		A06084	D-Q U	Deganawidah-Quetzalcoatl University, California
US	United States		A06085	Haskell U	Haskell Indian Nations University, Kansas
US	United States		A06086	FDLTCC	Fond du Lac Tribal and Community College, Minnesota
US	United States		A06087	LLTC	Leech Lake Tribal College, Minnesota
US	United States		A06088	RNLC	Red Lake Nation College, Minnesota
US	United States		A06089	Blackfeet CC	Blackfeet Community College, Montana
US	United States		A06090	CDKC	Chief Dull Knife College, Montana
US	United States		A06091	FPCC	Fort Peck Community College, Montana
US	United States		A06092	Salish Kootenai Coll	Salish Kootenai College, Montana
US	United States		A06093	LPTC	Little Priest Tribal College, Nebraska
US	United States		A06094	Navajo Tech U	Navajo Technical University, New Mexico
US	United States		A06095	NHSC	Nueta Hidatsa Sahnish College, North Dakota
US	United States		A06096	Sitting Bull Coll	Sitting Bull College, North Dakota
US	United States		A06097	TMCC	Turtle Mountain Community College, North Dakota
US	United States		A06098	UTTC	United Tribes Technical College, North Dakota
US	United States		A06100	Oglala Lakota Coll	Oglala Lakota College, South Dakota
US	United States		A06101	Sinte Gleska U	Sinte Gleska University, South Dakota
US	United States		A06102	Coll Menominee Nat	College of Menominee Nation, Wisconsin
NZ	New Zealand		A06103	Wananga Aotearoa	Te Wananga o Aotearoa, New Zealand
NZ	New Zealand		A06104	Whare Wananga Awanuiarangi	Whare Wananga o Awanuiarangi, New Zealand
NL	Netherlands		A06105	Erasmus U	Erasmus University Rotterdam, The Netherlands
NL	Netherlands	A06105	A06106	Erasmus MC	Erasmus Medical College, The Netherlands
NL	Netherlands		A06107	KNMI	Royal Netherlands Meteorological Institute
GB	United Kingdom		A06108	Brit Tel	BT Group, British Telecommunications
US	United States		A06109	Ursinus Coll	Ursinus College, Pennsylvania
US	United States		A06110	Dickinson St U	Dickinson State University, North Dakota
US	United States		A06111	Fort Lewis Coll	Fort Lewis College, Colorado
US	United States		A06113	Northland Coll	Northland College, Wisconsin
US	United States		A06114	Bellevue Coll	Bellevue College, Washington
US	United States		A06115	McDaniel Coll	McDaniel College, Maryland
US	United States		A06116	Coker Coll	Coker College, South Carolina
US	United States		A06117	St Anselm Coll	Saint Anselm College, New Hampshire
US	United States		A06118	Calvin Coll	Calvin College, Michigan
US	United States		A06119	Pac Union Coll	Pacific Union College, California
US	United States		A06120	Merrimack Coll	Merrimack College, Massachusetts
US	United States		A06121	Daytona St Coll	Daytona State College, Florida
US	United States		A06122	Hood Coll	Hood College, Maryland
US	United States		A06123	Touro Coll	Touro College, New York
US	United States		A06124	Juniata Coll	Juniata College, Pennsylvania
US	United States		A06125	Angelo St U	Angelo State University, Texas
US	United States		A06129	Albany Med Coll	Albany Medical College, New York
CN	China		A06131	HeUST	Hebei University of Science and Technology, China
US	United States		A06133	Union Conc Sci	Union of Concerned Scientists, Massachusetts
US	United States		A06134	Agilent	Agilent Technologies, Inc., California
US	United States		A06135	U San Fran	University of San Francisco, California
US	United States		A06136	Teledyne	Teledyne Technologies, Inc., California
US	United States		A06140	Aerojet	Aerojet Rocketdyne Technologies, Inc., California
US	United States		A06141	CHNMC	City of Hope National Medical Center, California
US	United States	A06141	A06142	CHBRI	Beckman Research Institute, California
US	United States		A06143	LJIAI	La Jolla Institute for Allergy and Immunology, California
US	United States		A06144	CCHS	Christiana Care Health System, Delaware
US	United States	A06144	A06145	HGCC	Helen F. Graham Cancer Center, Delaware
US	United States		A06146	DE Geol Surv	Delaware Geological Survey
US	United States		A06147	DNREC	Delaware Department of Natural Resources and Environmental Control
US	United States		A06148	Nemours du Pont Hosp	Nemours Foundation A.I. du Pont Hospital for Children
GU	Guam		A06149	U Guam	University of Guam
GU	Guam	A06149	A06150	Mar Sci Lab	University of Guam, Marine Science Laboratory
US	United States		A06151	LUMC	Louisiana Universities Marine Consortium
US	United States		A06152	Wat Inst Gulf	The Water Institute of the Gulf, Louisiana
US	United States		A06153	EIC Labs	EIC Labs Inc., Massachusetts
US	United States		A06154	HFHS	Henry Ford Health System, Michigan
US	United States	A06154	A06155	HF Hosp	Henry Ford Hospital, Michigan
US	United States		A06156	MS Coll	Mississippi College
US	United States		A06157	Millsaps Coll	Millsaps College, Mississippi
US	United States		A06159	Sarah Lawrence Coll	Sarah Lawrence College, New York
US	United States		A06160	Cary Inst	Cary Institute of Ecosystem Studies, New York
US	United States		A06161	Calspan	Calspan Inc., New York
US	United States		A06162	Antioch Coll	Antioch College, Ohio
US	United States		A06163	Cleveland Clinic	Cleveland Clinic, Ohio
US	United States	A06163	A06164	LRI	Lerner Research Institute, Ohio
US	United States		A06165	John Carroll U	John Carroll University, Ohio
US	United States		A06166	Monsanto	Monsanto Inc., Ohio
US	United States		A06167	Otterbein U	Otterbein University, Ohio
US	United States		A06169	Augustana U SD	Augustana College, South Dakota
US	United States		A06170	Marshall U	Marshall University, West Virginia
CN	China		A06173	QNLMST	Qingdao National Laboratory for Marine Science and Technology, China
CN	China		A06174	FAFU	Fujian Agriculture and Forestry University, China
CN	China		A06175	Shandong Agr U	Shandong Agricultural University, China
CN	China		A06176	Shanghai U Eng Sci	Shanghai University of Engineering Science, China
CN	China		A06177	Foshan U	Foshan University, China
FR	France		A06178	U Paris-Saclay	University of Paris-Saclay, France
FR	France	A06178	A06197	IJCLab	Irene et Joliot Curie Laboratory
FR	France	A06178	A06198	C2N	Centre for Nanoscience and Nanotechnology
FR	France	A06178	A06199	LIDYL	Lasers, Interactions and Dynamics Laboratory
FR	France	A06178	A06638	LPS Saclay	Laboratoire de Physique des Solides, Paris-Saclay
FR	France	A06178	A06639	GEOPS	Laboratoire Geosciences Paris-Saclay, France
FR	France	A06178	A06640	GEMaC	Groupe d'Etude de la Matiere Condensee, Versailles
US	United States		A06180	Bruker US	Bruker Corporation, US
DE	Germany	A06180	A06181	Bruker DE	Bruker BioSpin, Germany
GB	United Kingdom	A06180	A06182	Bruker UK	Bruker AXS, UK
US	United States		A06184	BAERI	Bay Area Environmental Research Institute, California
GB	United Kingdom		A06185	GSK UK	GlaxoSmithKline, UK
US	United States	A06185	A06186	GSK US	GlaxoSmithKline, US
US	United States		A06187	NASA Armstrong	NASA Armstrong Research Center
GB	United Kingdom		A06189	JIC	John Innes Centre, UK
GB	United Kingdom		A06191	U Derby	University of Derby, UK
GB	United Kingdom		A06192	U Huddersfield	University of Huddersfield, UK
GB	United Kingdom		A06194	Rothamsted Res	Rothamsted Research, UK
US	United States		A06195	NW Ind Coll	Northwest Indian College
US	United States		A06196	MCNC	Microelectronics Center of North Carolina
ID	Indonesia		A06200	Hasanuddin U	Hasanuddin University, Indonesia
ID	Indonesia		A06201	Yogyakarta St U	Yogyakarta State University, Indonesia
IQ	Iraq		A06202	Mid Tech U	Middle Technical University, Iraq
IQ	Iraq		A06203	U Babylon	University of Babylon, Iraq
IQ	Iraq		A06204	U Basrah	University of Basrah, Iraq
IQ	Iraq		A06205	U Karbala	University of Karbala, Iraq
IQ	Iraq		A06206	U Mosul	University of Mosul, Iraq
IQ	Iraq		A06207	U Tech Iraq	University of Technology, Iraq
IQ	Iraq		A06208	U Wasit	University of Wasit, Iraq
IQ	Iraq		A06209	Mustansiriya U	Mustansiriya University, Iraq
JP	Japan		A06210	KAST	Kanagawa Academy of Science and Technology, Japan
NA	Namibia		A06211	Namibia UST	Namibia University of Science and Technology
PK	Pakistan		A06212	Bahauddin Zakariya U	Bahauddin Zakariya University, Pakistan
RU	Russia		A06213	DSTU	Don State Technical University, Russia
RU	Russia		A06214	SibSIU	Siberian State Industrial University, Russia
RU	Russia		A06215	Kemerovo St U	Kemerovo State University, Russia
RU	Russia		A06216	Novgorod St U	Yaroslav-the-Wise Novgorod State University
RU	Russia		A06218	PSUTI	Povolzhskiy State University of Telecommunications and Informatics, Russia
AT	Austria		A06219	Med U Vienna	Medical University of Vienna, Austria
CN	China		A06220	Chin Res Ac Env Sci	Chinese Research Academy of Environmental Sciences, Beijing
CN	China		A06221	Heze U	Heze University, China
CO	Colombia		A06222	UFPS	Universidad Francisco de Paula Santander, Colombia
HR	Croatia		A06223	U Osijek	University of Osijek, Croatia
IN	India		A06226	Fatima Mata Natl Coll	Fatima Mata National College, India
IN	India		A06227	Periyar U	Periyar University, India
IN	India		A06228	Karnatak U	Karnatak University, India
ID	Indonesia		A06229	U Negeri Padang	Universitas Negeri Padang, Indonesia
ID	Indonesia		A06230	U Brawijaya	University of Brawijaya, Indonesia
ID	Indonesia		A06231	U Indraprasta PGRI	University of Indraprasta PGRI, Indonesia
ID	Indonesia		A06232	U Sriwijaya	Universitas Sriwijaya, Indonesia
KP	North Korea		A06234	Kim Il Sung U	Kim Il Sung University, North Korea
NO	Norway		A06235	Wstrn Norway U App Sci	Western Norway University of Applied Sciences, Bergen
NO	Norway		A06236	SINTEF	The Foundation for Scientific and Industrial Research, Norway
SA	Saudi Arabia		A06237	U Tabuk	University of Tabuk, Saudi Arabia
SA	Saudi Arabia		A06239	Taif U	Taif University, Saudi Arabia
US	United States		A06240	NSU OK	Northeastern State University, Oklahoma
US	United States		A06241	Rogers St U	Rogers State University, Oklahoma
US	United States		A06242	LSSU	Lake Superior State University, Michigan
US	United States		A06243	Blue Marble Sp Inst	Blue Marble Space Institute of Science, Washington
US	United States		A06244	Molina Ctr En Env	Molina Center for Energy and the Environment, California
AZ	Azerbaijan		A06245	NNRC	National Nuclear Research Center, Azerbaijan
CN	China		A06247	SGCC	State Grid Corporation, China
CN	China		A06248	China Pharm U	China Pharmaceutical University, Nanjing
CN	China		A06249	CNIS	China National Institute of Standardization, Beijing
CN	China		A06250	Guizhou Minzu U	Guizhou Minzu University, China
CZ	Czechia		A06251	U Pardubice	University of Pardubice, Czech Republic
CD	Democratic Republic of Congo		A06252	CGEA	Congo Atomic Energy Commission, Democratic Republic of Congo
CD	Democratic Republic of Congo		A06253	U Kinshasa	University of Kinshasa, Democratic Republic of Congo
CD	Democratic Republic of Congo		A06254	U Officielle Bukavu	University Officielle de Bukavu, Democratic Republic of Congo
CD	Democratic Republic of Congo		A06255	OVG	Goma Volcano Observatory, Democratic Republic of Congo
GH	Ghana		A06256	AIMS Ghana	African Institute for Mathematical Sciences, Ghana
CM	Cameroon		A06257	AIMS Cameroon	African Institute for Mathematical Sciences, Cameroon
GH	Ghana		A06258	CSIR Ghana	Council for Scientific and Industrial Research, Ghana
GH	Ghana		A06259	Ghana Ac Sci	Ghana Academy of Sciences
GH	Ghana		A06260	Ghana AEC	Ghana Atomic Energy Commission
IN	India		A06261	IIT Mandi	Indian Institute of Technology, Mandi, India
IN	India		A06262	IIT Patna	Indian Institute of Technology, Patna, India
IN	India		A06263	Mar Ivanios Coll	Mar Ivanios College, India
IN	India		A06264	Sathyabama IST	Sathyabama Institute of Science and Technology, Chennai
ID	Indonesia		A06265	Padjadjaran U	Padjadjaran University, Indonesia
ID	Indonesia		A06266	U Negeri Semarang	Universitas Negeri Semarang, Indonesia
ID	Indonesia		A06267	U Negeri Jakarta	Universitas Negeri Jakarta, Indonesia
ID	Indonesia		A06268	U Negeri Surabaya	Universitas Negeri Surabaya, Indonesia
ID	Indonesia		A06269	U Jember	University of Jember, Indonesia
ID	Indonesia		A06270	Andalas U	Andalas University, Indonesia
ID	Indonesia		A06271	Bina Nusantara U	Bina Nusantara University, Indonesia
ID	Indonesia		A06272	Indonesian Comp U	Indonesian Computer University, Indonesia
ID	Indonesia		A06273	Telkom U	Telkom University, Indonesia
ID	Indonesia		A06274	UIN Sunan Gunung Djati	Universitas Islam Negeri Sunan Gunung Djati, Indonesia
ID	Indonesia		A06275	Islamic U Indonesia	Islamic University of Indonesia
ID	Indonesia		A06276	U Riau	University of Riau, Indonesia
ID	Indonesia		A06277	U Negeri Makassar	State University of Makassar, Indonesia
ID	Indonesia		A06278	U Lampung	University of Lampung, Indonesia
ID	Indonesia		A06279	Jenderal Soedirman U	Jenderal Soedirman University, Indonesia
JO	Jordan		A06280	Jordan UST	Jordan University of Science and Technology
KZ	Kazakhstan		A06281	AEC Kazakhstan	Kazakhstan Atomic Energy Agency
KZ	Kazakhstan	A06281	A06282	INP Kazakhstan	Institute of Nuclear Physics, Kazakhstan
KZ	Kazakhstan		A06283	IPT Kazakhstan	Institute of Physics and Technology, Kazakhstan
KR	South Korea		A06284	Cath U Korea	Catholic University of Korea
LU	Luxembourg		A06286	LIST	Luxembourg Institute of Science and Technology
MK	Macedonia		A06287	Macedonian Ac Arts Sci	Macedonian Academy of Sciences and Arts
ML	Mali		A06288	USTTB	University of Sciences, Techniques and Technologies of Bamako, Mali
NL	Netherlands		A06289	Maastricht U	Maastricht University, Netherlands
NL	Netherlands		A06290	PBL	Planbureau Voor de Leefomgeving, Netherlands
PK	Pakistan		A06291	IIUI	International Islamic University Islamabad, Pakistan
PK	Pakistan		A06292	U Agr Peshawar	University of Agriculture Peshawar, Pakistan
PK	Pakistan		A06293	U Agr Faisalabad	University of Agriculture Faisalabad, Pakistan
PK	Pakistan		A06294	Islamia U Bahawalpur	Islamia University of Bahawalpur, Pakistan
PK	Pakistan		A06295	Hazara U	Hazara University, Pakistan
PK	Pakistan		A06296	U Gujrat	University of Gujrat, Pakistan
PK	Pakistan		A06297	AWKUM	Abdul Wali Khan University, Pakistan
PK	Pakistan		A06298	Riphah Intl U	Riphah International University, Pakistan
PS	Palestine		A06299	An-Najah Natl U	An-Najah National University, Palestine
PS	Palestine	A06299	A06300	Dep Phy	An-Najah National University, Department of Physics, Palestine
RU	Russia		A06301	NARFU	Northern Arctic Federal University, Russia
RU	Russia		A06302	USPTU	Ufa State Petroleum Technological University, Russia
SA	Saudi Arabia		A06303	Jeddah U	Jeddah University, Saudi Arabia
SG	Singapore		A06304	SUTD	Singapore University of Technology and Design
ZA	South Africa		A06305	Tshwane U Tech	Tshwane University of Technology, South Africa
TW	Taiwan		A06306	Natl U Kaohsiung	National University of Kaohsiung, Taiwan
TN	Tunisia		A06307	U Gabes	University of Gabes, Tunisia
US	United States		A06308	Longwood U	Longwood University, Virginia
US	United States		A06309	Rush U	Rush University, Illinois
US	United States		A06310	St Xavier U	Saint Xavier University, Illinois
US	United States		A06311	Seattle Pac U	Seattle Pacific University, Washington
US	United States		A06312	McNeese St U	McNeese State University, Louisiana
UZ	Uzbekistan		A06313	TIIAME	Tashkent Institute of Irrigation and Agricultural Mechanization Engineers, Uzbekistan
UZ	Uzbekistan		A06314	TUIT	Tashkent University of Information Technology, Uzbekistan
UZ	Uzbekistan		A06315	TDTU	Tashkent State Technical University, Uzbekistan
UZ	Uzbekistan		A06316	TSAU	Tashkent State Agrarian University, Uzbekistan
US	United States		A06317	RMD	Radiation Monitoring Devices Inc., Massachusetts
US	United States		A06318	Brewer Sci	Brewer Science Inc., Missouri
US	United States		A06319	Spectral Sci	Spectral Sciences Inc., Massachusetts
US	United States		A06320	RSSI	Remote Sensing Systems Inc., California
US	United States		A06321	NYCB RTC	NYCB Real-Time Computing Inc., New York
DZ	Algeria		A06331	COMENA	Commissariat a l'Energie Atomique, Algeria
DZ	Algeria		A06332	U M'Sila	Universite de M'Sila, Algeria
AT	Austria		A06334	IIASA	International Institute for Applied Systems Analysis, Austria
GB	United Kingdom		A06335	BIOS	Bermuda Institute of Ocean Sciences, Bermuda
BW	Botswana		A06336	Botswana Geo Inst	Botswana Geoscience Institute, Botswana
CA	Canada		A06337	D-Wave Sys	D-Wave Systems, Inc, Canada
CN	China		A06338	CNPC	China National Petroleum Corporation
CN	China	A06338	A06339	PetroChina	CNPC, PetroChina
CN	China		A06340	BIPT	Beijing Institute of Petrochemical Technology, China
CN	China		A06341	Sinopec	China Petroleum & Chemical Corporation, China
CN	China		A06342	Shanghai Mar U	Shanghai Maritime University, China
CN	China		A06343	Huzhou U	Huzhou University, China
CN	China		A06344	Shaoxing U	Shaoxing University, China
CN	China		A06345	Xijing U	Xijing University, China
CN	China		A06346	Minjiang U	Minjiang University, China
CZ	Czechia		A06347	U S Bohemia	University of South Bohemia, Czech Republic
CZ	Czechia		A06348	U Ostrava	University of Ostrava, Czech Republic
CZ	Czechia		A06351	UJV Rez	Nuclear Research Institute, Czech Republic
CZ	Czechia		A06352	ELI Beamlines	Extreme Light Infrastructure Beamlines, Czech Republic
EC	Ecuador		A06353	UTPL	Universidad Tecnica Particular de Lojam, Ecuador
EC	Ecuador		A06354	U Cuenca	Universidad de Cuenca, Ecuador
EC	Ecuador		A06355	ESPE	Escuela Politecnica del Ejercito, Ecuador
EC	Ecuador		A06356	ESPL	Escuela Superior Politecnica del Litoral, Ecuador
EG	Egypt		A06357	Damietta U	Damietta University, Egypt
EG	Egypt		A06358	Kafrelsheikh U	Kafrelsheikh University, Egypt
EG	Egypt		A06359	Mil Tech Coll	Military Technical College, Egypt
SV	El Salvador		A06360	U El Salvador	Universidad de El Salvador
SV	El Salvador		A06361	MARN	Ministry of Environment and Natural Resources, El Salvador
FI	Finland		A06363	Folkhalsan	Folkhalsan Research Center, Finland
FR	France		A06368	U Tech Troyes	Universite de Technologie de Troyes, France
FR	France		A06373	INERIS	Institut National de l'Environnement Industriel et des Risques, France
FR	France		A06374	Merc Oc	Mercator Ocean, France
DE	Germany		A06375	Hoch Worms	Hochschule Worms, Germany
DE	Germany		A06376	ZTT Worms	Center for Technology and Transfer, Worms, Germany
HT	Haiti		A06377	Bur Mines Ener Haiti	Bureau des Mines et de l'Energie, Haiti
HT	Haiti		A06378	UEH Haiti	State University of Haiti
HU	Hungary		A06379	ELI ALPS	Extreme Light Infrastructure ALPS, Hungary
IN	India		A06380	Bharathidasan U	Bharathidasan University, India
IN	India	A06380	A06381	Ctr Nonlin Dyn	Bharathidasan University, Center for Nonlinear Dynamics, India
IN	India		A06382	Acharya Nagarjuna U	Acharya Nagarjuna University, India
IN	India		A06383	Thapar U	Thapar University, India
IN	India		A06384	Alagappa U	Alagappa University, India
IN	India		A06385	Marathwada U	Marathwada University, India
IN	India		A06386	SRM U	SRM University, India
IN	India		A06387	Kannur U	Kannur University, India
IN	India		A06388	Maharishi Dayanand U	Maharishi Dayanand University, India
IN	India		A06389	Amrita U	Amrita University, India
IN	India		A06390	SSNCE	SSN College of Engineering, India
IN	India		A06391	JUIT	Jaypee University of Information Technology, India
IN	India		A06392	JiIT	Jaypee Institute of Information Technology, India
IN	India		A06393	Amity U	Amity University, India
IN	India		A06394	BAIT	Bannari Amman Institute of Technology, India
IN	India		A06395	Chitkara U	Chitkara University, India
IN	India		A06396	Gulbarga U	Gulbarga University, India
IN	India		A06397	HBTU	Harcourt Butler Technical University, India
IN	India		A06398	Kuvempu U	Kuvempu University, India
IN	India		A06399	Kakatiya U	Kakatiya University, India
IN	India		A06400	SASTRA U	SASTRA University, India
IN	India		A06401	BSIP	Birbal Sahni Institute of Palaeosciences, India
IN	India		A06402	UGC-DAE CSR	UGC-DAE Consortium for Scientific Research, India
IN	India		A06403	MOES	Ministry of Earth Science, India
IN	India	A06403	A03302	India Met Dep	India Meteorological Department, Delhi, India
IN	India	A06403	A04908	IITM	Indian Institute of Tropical Meteorology, Pune
IN	India	A06403	A06404	NCMRWF	National Center for Medium Range Weather Forecasting, India
IN	India		A06405	NIT Agartala	National Institute of Technology Agartala, India
IN	India		A06406	NIT Durgapur	National Institute of Technology Durgapur, India
IN	India		A06407	NIT Warangal	National Institute of Technology Warangal, India
IN	India		A06408	NIT Calicut	National Institute of Technology Calicut, India
IN	India		A06409	NIT Silchar	National Institute of Technology Silchar, India
IN	India		A06410	NIT Surat	National Institute of Technology Surat, India
IN	India		A06411	NIT Nagpur	National Institute of Technology Nagpur, India
IL	Israel		A06412	SemiCon Dev	SemiConductor Devices, Israel
IT	Italy		A06413	U Foggia	University of Foggia, Italy
JP	Japan		A06414	Tok Ohka Kogyo	Tokyo Ohka Kogyo, Japan
MG	Madagascar		A06415	U Antananarivo	University of Antananarivo, Madagascar
MG	Madagascar		A06416	INSTN	Institut National des Sciences et Techniques Nucleaires, Madagascar
OM	Oman		A06417	Dhofar U	Dhofar University, Oman
OM	Oman		A06418	Sohar U	Sohar University, Oman
OM	Oman		A06420	HCT Oman	Higher College of Technology, Oman
OM	Oman		A06421	NUST Oman	National University of Science and Technology, Oman
OM	Oman		A06422	Al-Zahra Coll	Al-Zahra College, Oman
PK	Pakistan		A06423	Gomal U	Gomal University, Pakistan
PE	Peru		A06424	IMARPE	Instituto del Mar del Peru
RO	Romania		A06425	Const Mar U	Constanta Maritime University, Romania
RO	Romania		A06426	ELI NP	Extreme Light Infrastructure Nuclear Physics, Romania
RU	Russia		A06427	RQC	Russian Quantum Center, Skolkovo, Russia
RU	Russia		A06428	BSTU	Baltic State Technical University, Russia
RU	Russia		A06429	USATU	Ufa State Aviation Technical University, Russia
RU	Russia		A06430	Innopolis U	Innopolis University, Tatarstan
RU	Russia		A06431	HSE Moscow	National Research University Higher School of Economics, Moscow, Russia
TW	Taiwan		A06432	UMC Taiwan	United Microelectronics Corporation, Taiwan
TW	Taiwan		A06433	Macronix	Macronix International Corporation, Taiwan
TW	Taiwan		A06434	Taipei Med U	Taipei Medical University, Taiwan
TW	Taiwan		A06435	Kaohsiung Med U	Kaohsiung Medical University, Taiwan
TW	Taiwan		A06436	Yuan Ze U	Yuan Ze University, Taiwan
TW	Taiwan		A06437	I-Shou U	I-Shou University, Taiwan
TW	Taiwan		A06438	Tunghai U	Tunghai University, Taiwan
TW	Taiwan		A06439	Natl Kaohsiung Norm U	National Kaohsiung Normal University, Taiwan
TW	Taiwan		A06440	NKFUST	National Kaohsiung First University of Science and Technology, Taiwan
TW	Taiwan		A06441	NDU Taiwan	National Defense University, Taiwan
TW	Taiwan	A06441	A06442	CCIT	National Defense University, Chung Cheng Institute of Technology, Taiwan
TH	Thailand		A06443	NPRU	Nakhon Pathom Rajabhat University, Thailand
TH	Thailand	A06443	A06444	CEGM	Centre of Excellence in Glass Technology and Materials Science
TH	Thailand		A06445	Asian Inst Tech	Asian Institute of Technology, Thailand
TH	Thailand		A06446	Silpakorn U	Silpakorn University, Thailand
TH	Thailand		A06447	Srinakharinwirot U	Srinakharinwirot University, Thailand
TH	Thailand		A06448	SLRI	Synchrotron Light Research Institute, Thailand
TH	Thailand		A06449	Walailak U	Walailak University, Thailand
TH	Thailand		A06450	Mahasarakham U	Mahasarakham University, Thailand
TH	Thailand		A06451	NSTDA	National Science and Technology Development Agency, Thailand
TH	Thailand		A06452	Burapha U	Burapha University, Thailand
TH	Thailand		A06453	TINT	Thailand Institute of Nuclear Technology, Thailand
GB	United Kingdom		A06454	Def Ac UK	Defence Academy of the United Kingdom
US	United States		A06455	IRIS	Incorporated Research Institutions for Seismology, Washington DC
US	United States		A06456	BIDMC	Beth Israel Deaconess Medical Center, Massachusetts
US	United States		A06457	Beloit Coll	Beloit College, Wisconsin
US	United States		A06458	Hendrix Coll	Hendrix College, Arkansas
US	United States		A06459	NNMC	Northern New Mexico College, New Mexico
US	United States		A06460	Westmont Coll	Westmont College, California
UZ	Uzbekistan		A06461	TSTU	Tashkent State Transport University, Uzbekistan
AO	Angola		A06462	U Agostinho Neto	Universidade Agostinho Neto, Angola
BJ	Benin		A06464	IMSP Benin	Institut de Mathematiques et de Sciences Physiques, Benin
BR	Brazil		A06465	UFTM	Federal University of Triangulo Mineiro, Brazil
CN	China		A06466	NCUT	North China University of Technology, China
CN	China		A06467	BTBU	Beijing Technology and Business University, China
IN	India		A06469	DAE India	Department of Atomic Energy, India
IN	India	A06469	A03343	BARC	Bhabha Atomic Research Centre, India
IN	India	A06469	A03344	HBNI	Homi Bhabha National Institute of Atomic Research, India
IN	India	A06469	A03372	IGCAR	Indira Gandhi Centre for Atomic Research, India
IR	Iran		A06470	U Maragheh	University of Maragheh, Iran
IT	Italy		A06471	ALTEC	Aerospace Logistics Technology Engineering Company, Italy
JP	Japan		A06472	KDDI	Kokusai Denshin Denwa IDO, Japan
JP	Japan		A06473	HOYA	HOYA Corporation, Japan
NP	Nepal		A06474	CMPRC	Condensed Matter Physics Research Center, Nepal
PL	Poland		A06476	Bialystok U Tech	Bialystok University of Technology, Poland
PL	Poland		A06477	Rzeszow U Tech	Rzeszow University of Technology, Poland
RU	Russia		A06478	IRGUPS	Irkutsk State Transport University, Russia
RU	Russia		A06479	KALMSU	Kalmyk State University, Russia
RU	Russia		A06480	Togliatti St U	Togliatti State University, Russia
RU	Russia		A06481	TVSTU	Tver State Technical University, Russia
RU	Russia		A06482	ULSTU	Ulyanovsk State Technical University, Russia
RU	Russia		A06483	Lavochkin NPO	Lavochkin Research and Production Association, Russia
RS	Serbia		A06484	U Pristina	University of Pristina, Serbia
RS	Serbia		A06485	SANU	Serbian Academy of Sciences and Arts, Serbia
RS	Serbia		A06486	Ast Obs Belgrade	Astronomical Observatory of Belgrade, Serbia
UA	Ukraine		A06487	NAU	National Aviation University, Ukraine
US	United States		A06488	FMU	Francis Marion University, South Carolina
US	United States		A06489	SDSTA	South Dakota Science and Technology Authority
US	United States	A06489	A06490	SURF	Sanford Underground Research Facility, South Dakota
BR	Brazil		A06496	CUFEI	Centro Universitario da FEI, Brazil
CA	Canada		A06497	MRU	Mount Royal University, Canada
CN	China		A06498	IMUST	Inner Mongolia University of Science and Technology, China
CN	China		A06499	NE Petro U	Northeast Petroleum University, China
CN	China		A06500	Shaanxi U Sci Tech	Shaanxi University of Science and Technology, China
CN	China		A06501	Shantou U	Shantou University, China
CN	China		A06502	XAUAT	Xi'an University of Architecture and Technology, China
CN	China		A06503	Anqing Norm U	Anqing Normal University, China
CN	China		A06505	Chongqing Norm U	Chongqing Normal University, China
CN	China		A06506	Gannan Norm U	Gannan Normal University, China
CN	China		A06507	Guangdong Poly Norm U	Guangdong Polytechnic Normal University, China
CN	China		A06508	Hefei Norm U	Hefei Normal University, China
CN	China		A06509	Hengyang Norm U	Hengyang Normal University, China
CN	China		A06511	Yangtze Norm U	Yangtze Normal University, China
CN	China		A06512	Zhoukou Norm U	Zhoukou Normal University, China
CN	China		A06513	Fuyang Norm U	Fuyang Normal University, China
CN	China		A06514	Hainan Norm U	Hainan Normal University, China
CN	China		A06515	Huainan Norm U	Huainan Normal University, China
CN	China		A06516	Huanggang Norm U	Huanggang Normal University, China
CN	China		A06517	Jilin Eng Norm U	Jilin Engineering Normal University, China
CN	China		A06518	Leshan Norm U	Leshan Normal University, China
CN	China		A06519	Lingnan Norm U	Lingnan Normal University, China
CN	China		A06520	Qinghai Norm U	Qinghai Normal University, China
CN	China		A06521	Qujing Norm U	Qujing Normal University, China
CN	China		A06522	Shangrao Norm U	Shangrao Normal University, China
CN	China		A06523	NW Minzu U	Northwest Minzu University, China
CN	China		A06524	N Minzu U	North Minzu University, China
CN	China		A06525	Yunnan Minzu U	Yunnan Minzu University, China
CN	China		A06526	SW Minzu U	Southwest Minzu University, China
CN	China		A06527	Shandong Jiaotong U	Shandong Jiaotong University, China
IN	India		A06528	IASST	Institute of Advanced Study in Science and Technology, India
ID	Indonesia		A06529	U Mataram	Universitas Mataram, Indonesia
ID	Indonesia		A06530	U Negeri Medan	Universitas Negeri Medan, Indonesia
ID	Indonesia		A06531	UIN Raden Intan	Universitas Islam Negeri Raden Intan Lampung, Indonesia
ID	Indonesia		A06532	U Trisakti	Universitas Trisakti, Indonesia
IR	Iran		A06533	Babol Noshirvani U Tech	Babol Noshirvani University of Technology, Iran
IR	Iran		A06534	Lorestan U	Lorestan University, Iran
IR	Iran		A06535	Malayer U	Malayer University, Iran
IR	Iran		A06536	Shahrekord U	Shahrekord University, Iran
IR	Iran		A06537	U Sistan Baluchestan	University of Sistan and Baluchestan, Iran
IR	Iran		A06538	Urmia U Tech	Urmia University of Technology, Iran
IR	Iran		A06539	U Zabol	University of Zabol, Iran
MY	Malaysia		A06541	U Malaysia Kelantan	Universiti Malaysia Kelantan, Malaysia
RU	Russia		A06542	FESTU	Far Eastern State Transport University, Russia
RU	Russia		A06543	Kuban State Agr U	Kuban State Agrarian University, Russia
RU	Russia		A06544	Rostov St Trans U	Rostov State Transport University, Russia
RU	Russia		A06545	Tomsk St U Arch Bldng	Tomsk State University of Architecture and Building, Russia
RU	Russia		A06546	Volgograd St Agr U	Volgograd State Agrarian University, Russia
KR	South Korea		A06547	Hongik U	Hongik University, South Korea
KR	South Korea		A06548	Mokpo Natl Mar U	Mokpo National Maritime University, South Korea
UA	Ukraine		A06549	Kryvyi Rih St Ped U	Kryvyi Rih State Pedagogical University, Ukraine
UA	Ukraine		A06550	Sumy St U	Sumy State University, Ukraine
US	United States		A06551	Gonzaga U	Gonzaga University, Washington
CL	Chile		A06553	UBO Chile	Universidad Bernardo O'Higgins, Chile
CL	Chile		A06554	U Andes Chile	University of the Andes, Chile
CN	China		A06555	Jishou U	Jishou University, China
CN	China		A06556	Alibaba	Alibaba Group, China
CN	China	A06556	A06557	AQL	Alibaba Quantum Laboratory, China
SZ	Eswatini		A06558	U Eswatini	University of Eswatini
DE	Germany		A06559	Bauhaus U	Bauhaus University, Germany
IN	India		A06563	Bhavnagar U	Bhavnagar University, India
IN	India		A06564	Cen U Tamil Nadu	Central University of Tamil Nadu, India
IN	India		A06565	Cen U Himachal Pradesh	Central University of Himachal Pradesh, India
IN	India		A06566	MSCBD U	Maharaja Sriram Chandra Bhanja Deo University, India
IN	India		A06567	Manonmaniam Sundaranar U	Manonmaniam Sundaranar University, India
IN	India		A06568	Shiv Nadar U	Shiv Nadar University, India
JP	Japan		A06570	Juntendo U	Juntendo University, Japan
JO	Jordan		A06571	Isra U	Isra University, Jordan
KR	South Korea		A06572	Andong Natl U	Andong Natl University, Korea
KR	South Korea		A06573	Dong-A U	Dong-A University, Korea
KR	South Korea		A06574	Hallym U	Hallym University, Korea
KR	South Korea		A06575	Hankuk U Frgn Stdy	Hankuk University of Foreign Studies, Korea
KR	South Korea		A06576	Konyang U	Konyang University, Korea
KR	South Korea		A06577	SookMyung Wmns U	SookMyung Womens University, Korea
KW	Kuwait		A06578	Amer U Mid E	American University of the Middle East, Kuwait
PL	Poland		A06581	Warsaw Inst Av	Warsaw Institute of Aviation, Poland
RO	Romania		A06582	ROSA	Romanian Space Agency, Romania
RO	Romania	A06582	A06583	INOE	National Institute of Research and Development for Optoelectronics, Romania
RO	Romania		A06584	IMT Bucharest	National Institute for Research and Development in Microtechnology, Romania
SE	Sweden		A06586	ESS	European Spallation Source, Sweden
DK	Denmark	A06586	A06587	Copenhagen	European Spallation Source, Denmark
TW	Taiwan		A06588	Natl Pingtung U	National Pingtung University, Taiwan
TW	Taiwan		A06589	Natl Pingtung U Sci Tech	National Pingtung University of Science and Technology, Taiwan
US	United States		A06591	St. Bonaventure U	St. Bonaventure University, New York
US	United States		A06592	Minot St U	Minot State University, North Dakota
US	United States		A06593	LCSS	Lewis-Clark State College, Idaho
US	United States		A06594	Vall Cty St U	Valley City State University, North Dakota
US	United States		A06595	Sthrn Utah U	Southern Utah University, Utah
US	United States		A06596	Radford U	Radford University, Virginia
US	United States		A06597	U Mary Wash	University of Mary Washington, Virginia
US	United States		A06598	Liberty U	Liberty University, Virginia
US	United States		A06600	Kavli Fnd	Kavli Foundation, California
GB	United Kingdom	A06600	A06590	KIC	Kavli Institute for Cosmology, UK
US	United States	A06600	A06599	KIPAC	Kavli Institute for Particle Astrophysics and Cosmology, California
CN	China	A06600	A06601	KITS	Kavli Institute for Theoretical Sciences, China
US	United States	A06600	A11012	Kavli Inst	MIT, Center for Space Research/Kavli Institute
US	United States	A06600	A11115	KICP	University of Chicago, Kavli Institute for Cosmological Physics
CN	China	A06600	A11565	KIAA	Kavli Institute for Astronomy and Astrophysics
JP	Japan	A06600	A11617	IPMU	University of Tokyo, Kavli Institute for the Physics and Mathematics of the Universe
US	United States	A06600	A13109	KITP	University of California, Santa Barbara, Kavli Institute for Theoretical Physics
ES	Spain		A06603	IAC	Astrophysical Institute of the Canaries, Spain
BE	Belgium		A06604	VVS	Vereniging voor Sterrenkunde, Belgium
BN	Brunei-Darussalam		A06605	U Teknologi Brunei	Universiti Teknologi Brunei, Brunei-Darussalam
CN	China		A06606	Changchun U Tech	Changchun University of Technology, China
CN	China		A06607	Xi'an Shiyou U	Xi'an Shiyou University, China
CN	China		A06608	Zhejiang U Sci Tech	Zhejiang University of Science and Technology, China
CN	China		A06609	Zhejiang U Water Res Elec Pwr	Zhejiang University of Water Resources and Electric Power, China
IN	India		A06610	Cen U Rajasthan	Central University of Rajasthan, India
IR	Iran		A06611	U Sci Tech Mazandaran	University of Science and Technology of Mazandaran, Iran
LB	Lebanon		A06614	Beirut Arab U	Beirut Arab University, Lebanon
MY	Malaysia		A06615	U Utara Malaysia	Universiti Utara Malaysia, Malaysia
MD	Moldova		A06616	TUM Moldova	Technical University of Moldova, Moldova
MD	Moldova	A06616	A06617	IAP Moldova	Institute of Applied Physics, Moldova
KR	South Korea		A06618	Kyonggi U	Kyonggi University, South Korea
US	United States		A06619	Kean U	Kean University, New Jersey
US	United States		A06620	Whittier Coll	Whittier College, California
US	United States		A06621	MIRA	Monterey Institute for Research in Astronomy, California
CN	China		A06623	NE For U	Northeast Forestry University, China
CN	China		A06624	BUCEA	Beijing University of Civil Engineering and Architecture, China
CN	China		A06625	Hainan U	Hainan University, China
CN	China		A06626	Henan Agr U	Henan Agricultural University, China
CN	China		A06627	Guangdong Oc U	Guangdong Ocean University, China
CN	China		A06628	Chongqing U Arts Sci	Chongqing University of Arts and Sciences, China
CN	China		A06629	N China U Sci Tech	North China University of Science and Technology
CN	China		A06630	Qingdao U Tech	Qingdao University of Technology, China
CN	China		A06631	Jiangsu U Sci Tech	Jiangsu University of Science and Technology, China
CN	China		A06632	Dongguan U Tech	Dongguan University of Technology, China
CN	China		A06633	Ningxia U	Ningxia University, China
CN	China		A06634	Shihezi U	Shihezi University, China
CN	China		A06635	Anhui Agr U	Anhui Agricultural University, China
CN	China		A06636	Angui Med U	Anhui Medical University, China
CN	China		A06637	Zhejiang Agr For U	Zhejiang Agriculture and Forestry University, China
IN	India		A06642	Punjab Agr U	Punjab Agricultural University, India
IN	India		A06643	Chandigarh U	Chandigarh University, India
MY	Malaysia		A06644	U Malaysia Terengganu	Universiti Malaysia Terengganu
NG	Nigeria		A06646	U Calabar	University of Calabar, Nigeria
FR	France		A06648	Bordeaux INP	Institut Polytechnique de Bordeaux, France
FR	France	A06648	A06647	ICMCB	Institut de Chimie de Matiere Condensee de Bordeaux
CN	China		A06649	NE Agr U	Northeast Agricultural University, China
CN	China		A06650	Shenyang Agr U	Shenyang Agricultural University, China
CN	China		A06651	Qingdao Agr U	Qingdao Agricultural University, China
CN	China		A06652	Jiangxi Agr U	Jiangxi Agricultural University, China
CN	China		A06653	NE Elec Power U	Northeast Electric Power University, China
CN	China		A06654	Henan U Tech	Henan University of Technology, China
CN	China		A06655	Zhejiang Gongshang U	Zhejiang Gongshang University, China
CN	China		A06656	Shandong Jianzhu U	Shandong Jianzhu University, China
CN	China		A06657	Dalian Poly U	Dalian Polytechnic University, China
CN	China		A06658	N China U Water Res Ele Pwr	North China University of Water Resources and Electric Power, China
CN	China		A06659	Dalian Oc U	Dalian Ocean University, China
CN	China		A06660	Gansu Agr U	Gansu Agricultural University, China
CN	China		A06661	Jilin Agr U	Jilin Agricultural University, China
CN	China		A06662	Wenzhou Med U	Wenzhou Medical University, China
CN	China		A06663	Shanxi Agr U	Shanxi Agricultural University, China
CN	China		A06664	Xihua U	Xihua University, China
CN	China		A06665	Chongqing Med U	Chongqing Medical University, China
CN	China		A06666	Harbin Med U	Harbin Medical University, China
CN	China		A06667	Shijiazhuang Tiedao U	Shijiazhuang Tiedao University, China
CN	China		A06668	Hebei Agr U	Hebei Agricultural University, China
CN	China		A06669	E China U Tech	East China University of Technology, China
CN	China		A06670	Tianjin Med U	Tianjin Medical University, China
CN	China		A06671	Hebei U Eng	Hebei University of Engineering, China
CN	China		A06672	Qinghai U	Qinghai University, China
CN	China		A06673	Fujian Med U	Fujian Medical University, China
CN	China		A06674	Yunnan Agr U	Yunnan Agricultural University, China
CN	China		A06675	SW For U	Southwest Forestry University, China
CN	China		A06676	Shenyang Pharm U	Shenyang Pharmaceutical University, China
CN	China		A06677	Westlake U	Westlake University, China
CN	China		A06678	Tianjin Chengjian U	Tianjin Chengjian University, China
CN	China		A06679	Shenyang Jianzhu U	Shenyang Jianzhu University, China
CN	China		A06680	Linyi U	Linyi University, China
CN	China		A06681	Taizhou U	Taizhou University, China
CN	China		A06682	Qiqihar U	Qiqihar University, China
CN	China		A06684	Anhui Poly U	Anhui Polytechnic University, China
HU	Hungary		A06685	Hungarian U Agr Life Sci	Hungarian University of Agriculture and Life Sciences
NG	Nigeria		A06686	Fed U Technology Imo	Federal University of Technology - Imo State, Nigeria
NG	Nigeria		A06688	Nnamdi Azikiwe U	Nnamdi Azikiwe University, Nigeria
NG	Nigeria		A06689	Osun St U	Osun State University, Nigeria
NG	Nigeria		A06690	Ebonyi St U	Ebonyi State University, Nigeria
NG	Nigeria		A06691	Ekiti St U	Ekiti State University, Nigeria
NG	Nigeria		A06692	Fed U Lokoja	Federal University Lokoja, Nigeria
NG	Nigeria		A06693	Akwa Ibom St U	Akwa Ibom State University, Nigeria
NG	Nigeria		A06694	Delta St U	Delta State University, Nigeria
RU	Russia		A06695	Siberian St U Geosys Tech	Siberian State University of Geosystems and Technologies, Russia
SA	Saudi Arabia		A06696	Prncss Nourah bint Abdulrahman U	Princess Nourah bint Abdulrahman University, Saudi Arabia
LK	Sri Lanka		A06697	Estrn U Sri Lanka	Eastern University Sri Lanka
LK	Sri Lanka		A06698	S Estrn U Sri Lanka	South Eastern University of Sri Lanka
TR	Turkey		A06699	Bozok U	Bozok University, Turkey
TR	Turkey		A06700	Izmir Bakircay U	Izmir Bakircay University, Turkey
US	United States		A06701	Keene St Coll	Keene State College, New Hampshire
US	United States		A06702	Plymouth St U	Plymouth State University, New Hampshire
YE	Yemen		A06703	Taiz U	Taiz University, Yemen
TW	Taiwan		A06704	NYCU	National Yang Ming Chiao Tung University, Taiwan
TW	Taiwan	A06704	A03471	NYMU	National Yang Ming University, Taiwan
TW	Taiwan	A06704	A03483	NCTU	National Chiao Tung University, Taiwan
DE	Germany		A06705	DZA	Deutsches Zentrum fur Astrophysik, Germany
AU	Australia		A06706	U Sun Coast	University of the Sunshine Coast, Australia
BR	Brazil		A06708	UFLA	Universidade Federal de Lavras, Brazil
CN	China		A06712	NHRI	Nanjing Hydraulic Research Institute, China
CN	China		A06713	Laoshan Lab	Laoshan Laboratory, China
CN	China		A06714	CAFS	Chinese Academy of Fishery Sciences, China
CN	China		A06715	Anhui Jianzhu U	Anhui Jianzhu University, China
CN	China		A06716	Wuyi U	Wuyi University, China
CZ	Czechia		A06717	Mendel U Brno	Mendel University in Brno, Czech Republic
GR	Greece		A06719	Agr U Athens	Agricultural University of Athens, Greece
PK	Pakistan		A06721	U Lahore	University of Lahore, Pakistan
RU	Russia		A06722	Khlopin Rad Inst	V.G. Khlopin Radium Institute, St. Petersburg, Russia
RU	Russia		A06723	Gubkin U	Gubkin Russian State University of Oil and Gas, Russia
SA	Saudi Arabia		A06724	King Faisal U	King Faisal University, Saudi Arabia
SA	Saudi Arabia		A06725	U Dammam	University of Dammam, Saudi Arabia
KR	South Korea		A06726	KIAPS	Korea Institute of Atmospheric Prediction Systems, South Korea
KR	South Korea		A06727	Gachon U	Gachon University, South Korea
US	United States		A06728	Washington Coll	Washington College, Maryland
US	United States		A06729	Woodwell Cli Res Ctr	Woodwell Climate Research Center, Massachusetts
AU	Australia		A06732	CDU	Charles Darwin University, Australia
CN	China		A06733	Weifang U	Weifang University, China
RU	Russia		A06744	VNIINP	All-Union Scientific-Research Institute for Petroleum Processing, Russia
RU	Russia		A06745	VNIPIneft	All-Union Scientific-Research and Design Institute of the Petroleum Refining and Petrochemical Industry, Russia
RU	Russia		A06746	VNIIUS	All-Union Scientific-Research Institute of Hydrocarbon Raw Materials, Russia
KR	South Korea		A06747	Dong-Eui U	Dong-Eui University, South Korea
US	United States		A06748	Nicholls St U	Nicholls State University, Louisiana
US	United States		A06749	NASA WSTF	NASA White Sands Test Facility, New Mexico
US	United States		A06750	Amer Bap Coll	American Baptist College, Tennessee
US	United States		A06751	Ark Bap Coll	Arkansas Baptist College, Arkansas
US	United States		A06752	Bennett Coll	Bennett College, North Carolina
US	United States		A06753	Bishop St CC	Bishop State Community College, Alabama
US	United States		A06754	Clinton Coll	Clinton College, South Carolina
US	United States		A06755	Coahoma CC	Coahoma Community College, Mississippi
US	United States		A06756	Denmark Tech College	Denmark Technical College, South Carolina
US	United States		A06757	Gadsden St CC	Gadsden State Community College, Alabama
US	United States		A06758	Trenholm St CC	H Councill Trenholm State Community College, Alabama
US	United States		A06759	Harris-Stowe St U	Harris-Stowe State University, Missouri
US	United States		A06760	Interdenom Theo Ctr	Interdenominational Theological Center, Georgia
US	United States		A06761	Drake St Comm Tech Coll	J. F. Drake State Community and Technical College, Alabama
US	United States		A06762	Lane Coll	Lane College, Tennessee
US	United States		A06763	Lawson St CC	Lawson State Community College, Alabama
US	United States		A06764	LeMoyne-Owen Coll	LeMoyne-Owen College, Tennessee
US	United States		A06765	Livingstone Coll	Livingstone College, North Carolina
US	United States		A06766	Paul Quinn Coll	Paul Quinn College, Texas
US	United States		A06767	Shorter Coll	Shorter College, Arkansas
US	United States		A06768	Simmons Coll KY	Simmons College of Kentucky
US	United States		A06769	Sthrn U Law Ctr	Southern University Law Center, Louisiana
US	United States		A06770	Sthrn U Shreveport	Southern University at Shreveport, Louisiana
US	United States		A06771	SW Christ Coll	Southwestern Christian College, Texas
US	United States		A06772	St Philip's Coll	St Philip's College, Texas
US	United States		A06773	VA U Lynchburg	Virginia University of Lynchburg, Virginia
US	United States		A06774	Voorhees Coll	Voorhees College, South Carolina
US	United States		A06775	Wiley Coll	Wiley College, Texas
BS	The Bahamas		A06779	Cape Eleuthera Inst	Cape Eleuthera Institute, Bahamas
BD	Bangladesh		A06780	Daffodil Int U	Daffodil International University, Bangladesh
BD	Bangladesh		A06781	N S Univ	North South University, Bangladesh
BD	Bangladesh		A06782	BRAC U	BRAC University, Bangladesh
BR	Brazil		A06783	CEFET-SC	Centro Federal de Educacao Tecnologica de Santa Catarina, Brazil
BR	Brazil		A06784	IPAM Amazon	IPAM Amazon Environmental Research Institute, Brazil
BR	Brazil		A06785	IIS Brazil	IIS International Institute for Sustainability, Rio de Janeiro, Brazil
CN	China		A06786	Hefei U	Hefei University, China
CN	China		A06787	Liaoning Univ Tech	Liaoning Univ of Technology, China
CN	China		A06788	Tianjin U Comm	Tianjin Univ of Commerce, China
CN	China		A06789	Shenyang Ligong U	Shenyang Ligong University, China
CN	China		A06790	Pur Mt Lab	Purple Mountain Laboratories, China
CN	China		A06791	Peng Cheng Lab	Peng Cheng Laboratory, China
EG	Egypt		A06792	Arab Ac Sci Tech Mar Trans	Arab Academy for Science, Technology and Maritime Transport, Alexandria, Egypt
FR	France		A06794	Paris Cite U	Paris Cite University, France
GL	Greenland		A06795	Greenland Inst Nat Res	Greenland Institute of Natural Resources, Greenland
IN	India		A06796	Tamil Nadu Agr U	Tamil Nadu Agricultural University, India
IN	India		A06797	Sidho-Kanho-Birsha U	Sidho-Kanho-Birsha University, India
IN	India		A06798	Thiagarajar Coll Eng	Thiagarajar College of Engineering, Madurai, India
NL	Netherlands		A06799	Climate Ctr	Red Cross Red Crescent Climate Centre, The Hague, Netherlands
PK	Pakistan		A06800	U Sindh	University of Sindh, Pakistan
RU	Russia		A06802	MTUCI	Moscow Technical University of Communication and Informatics, Russia
SA	Saudi Arabia		A06803	Saudi Aramco	Saudi Aramco, Saudi Arabia
LK	Sri Lanka		A06804	U Moratuwa	University of Moratuwa, Sri Lanka
LK	Sri Lanka		A06805	SLIIT	Sri Lanka Institute of Information Technology, Sri Lanka
US	United States		A06808	NC Wesleyan U	North Carolina Wesleyan University, North Carolina
US	United States		A06809	TX Wesleyan U	Texas Wesleyan University, Texas
US	United States		A06810	VA Wesleyan U	Virginia Wesleyan University, Virginia
US	United States		A06811	Dominican U CA	Dominican University of California, California
US	United States		A06813	PennWest U	Pennsylvania Western University, Pennsylvania
US	United States	A06813	A06812	CA U Penn	California University of Pennsylvania, Pennsylvania
US	United States	A06813	A13090	Clarion U	Clarion University, Pennsylvania
US	United States	A06813	A13091	Edinboro U	Edinboro University, Pennsylvania
US	United States		A06814	Halliburton	Halliburton Corporation, Texas
US	United States		A06815	NVIDIA	NVIDIA Corporation, California
US	United States		A06816	W Digital	Western Digital Corporation, California
US	United States		A06817	Seagate	Seagate Technology, California
US	United States		A06822	Apple	Apple Inc, California
US	United States		A06823	FL Poly	Florida Polytechnic University, Florida
ML	Mali		A13084	U Bamako	University of Bamako, Mali
ES	Spain		A13085	Ramon Llull U	Ramon Llull University, Barcelona
US	United States		A13086	Ship U	Shippensburg University, Pennsylvania
US	United States		A13087	Slippery Rock U	Slippery Rock University, Pennsylvania
US	United States		A13088	Lock Haven U	Lock Haven University, Pennsylvania
US	United States		A13089	Cheyney U	Cheyney University of Pennsylvania
US	United States		A13092	E Stroudsburg U	East Stroudsburg University, Pennsylvania
RU	Russia		A13095	NIIEFA	Efremov Institute of Electrophysical Apparatus, St. Petersburg, Russia
US	United States		A13096	HHMI	Howard Hughes Medical Institute, Maryland
CA	Canada		A13097	IPP CA	Institute of Particle Physics, Canada
TR	Turkey		A13099	TAEK	Turkish Atomic Energy Authority
GB	United Kingdom		A13100	Wellcome	Wellcome Trust, UK
GB	United Kingdom	A13100	A13101	Sanger Inst	Wellcome Trust, The Sanger Institute, UK
US	United States		A13102	AERL	Avco Everett Research Laboratory, Massachusetts
US	United States		A13103	Cymer	Cymer, Inc. California
US	United States		A13104	SEMATECH	Semiconductor Manufacturing Technologies, Texas
US	United States		A13105	RAND Co	The RAND Corporation, California
US	United States	A13105	A13106	Sperry Rand	Sperry Rand Corporation
US	United States		A13107	Microsoft	Microsoft Corporation, Washington
US	United States	A13107	A13108	Stat Q	Microsoft Corporation, Station Q, California
CN	China		A13110	Henan UST	Henan University of Science and Technology, China
CN	China		A13111	Sichuan Agr U	Sichuan Agricultural University, China
CN	China		A13112	UST Liaoning	University of Science and Technology Liaoning, China
CN	China		A13113	U Heilongjiang	University of Heilongjiang, China
EU	European Commission		A99973	Curie Fel	Marie Curie Fellow
CH	Switzerland		A99974	Worldlab Fel	Worldlab Fellow, Switzerland
US	United States		A99975	Spitzer Fel	Spitzer Fellow
GB	United Kingdom		A99976	Roy Sci Fel	Royal Society University Research Fellow
US	United States		A99977	Welch Fnd	Robert A. Welch Foundation
ES	Spain		A99978	R Cajal Fel	Ramon y Cajal Fellow
XX	Unspecified		A99979	Pres Aut	Presenting Author
XX	Unspecified		A99980	Perm Add	Permanent Address
US	United States		A99981	Packard Fel	Packard Fellow
CA	Canada		A99982	NSERC Fel	NSERC Fellow
BE	Belgium		A99983	NATO Fel	NATO Fellow
US	United States		A99984	NSF Fel	National Science Foundation Fellow
CA	Canada		A99985	NRC Fel	National Research Council of Canada Fellow
US	United States		A99986	Sagan Fel	Sagan Fellow
US	United States		A99987	Hubble Fel	Hubble Fellow
DE	Germany		A99988	Heisenberg Fel	Heisenberg Fellow
JP	Japan		A99989	JSPS Fel	Japan Society for the Promotion of Science Fellow
AU	Australia		A99990	CONICET Fel	Consejo Nacional de Investigaciones Cientificas y Tecnicas Fellow
DE	Germany		A99991	DFG Fel	Deutsche Forschungsgemeinschaft Fellow
IT	Italy		A99992	CNEN Fel	Comitato Nazionale per l'Energia Nucleare Fellow
US	United States		A99993	Clay Fel	Clay Fellow
US	United States		A99994	Hertz Fnd Fel	Fannie and John Hertz Foundation Fellow
XX	Unspecified		A99995	Corr Aut	Corresponding Author
XX	Unspecified		A99996	Equal Aut	These Authors Contributed Equally
US	United States		A99997	Chandra Fel	Chandra Fellow
US	United States		A99998	Sloan Fel	Alfred P. Sloan Fellow
DE	Germany		A99999	Humboldt Fel	Alexander von Humboldt Fellow
